{
  "registers": {
    "murkrow": {
      "normal": {
        "isShiny": false,
        "status": "CAUGHT",
        "discoveredTimestamp": 1723404211736,
        "caughtTimestamp": 1723404211736
      }
    },
    "fraxure": {
      "normal": {
        "isShiny": false,
        "status": "CAUGHT",
        "discoveredTimestamp": 1723404261733,
        "caughtTimestamp": 1723404261733
      }
    },
    "lopunny": {
      "normal": {
        "isShiny": false,
        "status": "CAUGHT",
        "discoveredTimestamp": 1723404642337,
        "caughtTimestamp": 1723404642337
      }
    },
    "treecko": {
      "normal": {
        "isShiny": false,
        "status": "CAUGHT",
        "discoveredTimestamp": 1723405287297,
        "caughtTimestamp": 1723405287297
      }
    },
    "stonjourner": {
      "normal": {
        "isShiny": false,
        "status": "CAUGHT",
        "discoveredTimestamp": 1723405468294,
        "caughtTimestamp": 1723405468294
      }
    },
    "buizel": {
      "normal": {
        "isShiny": false,
        "status": "CAUGHT",
        "discoveredTimestamp": 1723405667705,
        "caughtTimestamp": 1723405667705
      }
    },
    "buneary": {
      "normal": {
        "isShiny": false,
        "status": "CAUGHT",
        "discoveredTimestamp": 1723405971643,
        "caughtTimestamp": 1723405971643
      }
    },
    "sharpedo": {
      "normal": {
        "isShiny": false,
        "status": "CAUGHT",
        "discoveredTimestamp": 1723406027356,
        "caughtTimestamp": 1723406027356
      }
    },
    "jellicent": {
      "normal": {
        "isShiny": false,
        "status": "CAUGHT",
        "discoveredTimestamp": 1723406080700,
        "caughtTimestamp": 1723406080700
      }
    },
    "bonsly": {
      "normal": {
        "isShiny": false,
        "status": "CAUGHT",
        "discoveredTimestamp": 1723406283698,
        "caughtTimestamp": 1723406283698
      }
    },
    "vulpix": {
      "normal": {
        "isShiny": false,
        "status": "CAUGHT",
        "discoveredTimestamp": 1723406388943,
        "caughtTimestamp": 1723406388943
      }
    },
    "drifblim": {
      "normal": {
        "isShiny": false,
        "status": "CAUGHT",
        "discoveredTimestamp": 1723406477441,
        "caughtTimestamp": 1723406477441
      }
    },
    "geodude": {
      "normal": {
        "isShiny": false,
        "status": "CAUGHT",
        "discoveredTimestamp": 1723406623192,
        "caughtTimestamp": 1723406623192
      }
    },
    "eevee": {
      "normal": {
        "isShiny": false,
        "status": "CAUGHT",
        "discoveredTimestamp": 1723406650442,
        "caughtTimestamp": 1723406650442
      }
    },
    "pidgey": {
      "normal": {
        "isShiny": false,
        "status": "CAUGHT",
        "discoveredTimestamp": 1723407185238,
        "caughtTimestamp": 1723407185238
      }
    },
    "fletchling": {
      "normal": {
        "isShiny": true,
        "status": "CAUGHT",
        "discoveredTimestamp": 1723407216836,
        "caughtTimestamp": 1723407216836
      }
    },
    "rattata": {
      "alola": {
        "isShiny": false,
        "status": "CAUGHT",
        "discoveredTimestamp": 1723407418287,
        "caughtTimestamp": 1723407418287
      }
    },
    "raticate": {
      "alola": {
        "isShiny": false,
        "status": "CAUGHT",
        "discoveredTimestamp": 1723407448968,
        "caughtTimestamp": 1723407448968
      }
    },
    "pidgeotto": {
      "normal": {
        "isShiny": false,
        "status": "CAUGHT",
        "discoveredTimestamp": 1723407672912,
        "caughtTimestamp": 1723407672912
      }
    },
    "pawniard": {
      "normal": {
        "isShiny": false,
        "status": "CAUGHT",
        "discoveredTimestamp": 1723407764437,
        "caughtTimestamp": 1723407764437
      }
    },
    "boldore": {
      "normal": {
        "isShiny": false,
        "status": "CAUGHT",
        "discoveredTimestamp": 1723407782544,
        "caughtTimestamp": 1723407782544
      }
    },
    "snorunt": {
      "normal": {
        "isShiny": false,
        "status": "CAUGHT",
        "discoveredTimestamp": 1723407824062,
        "caughtTimestamp": 1723407849989
      }
    },
    "seedot": {
      "normal": {
        "isShiny": false,
        "status": "SEEN",
        "discoveredTimestamp": 1723407846718
      }
    },
    "caterpie": {
      "normal": {
        "isShiny": false,
        "status": "SEEN",
        "discoveredTimestamp": 1723407854510
      }
    },
    "combee": {
      "normal": {
        "isShiny": false,
        "status": "SEEN",
        "discoveredTimestamp": 1723407907163
      }
    },
    "bouffalant": {
      "normal": {
        "isShiny": false,
        "status": "SEEN",
        "discoveredTimestamp": 1723407913192
      }
    },
    "rookidee": {
      "normal": {
        "isShiny": false,
        "status": "SEEN",
        "discoveredTimestamp": 1723407943667
      }
    },
    "fletchinder": {
      "normal": {
        "isShiny": false,
        "status": "SEEN",
        "discoveredTimestamp": 1723407964155
      }
    },
    "kakuna": {
      "normal": {
        "isShiny": false,
        "status": "SEEN",
        "discoveredTimestamp": 1723408158112
      }
    },
    "quilava": {
      "normal": {
        "isShiny": false,
        "status": "CAUGHT",
        "discoveredTimestamp": 1723408166659,
        "caughtTimestamp": 1723408166659
      }
    },
    "haunter": {
      "normal": {
        "isShiny": false,
        "status": "CAUGHT",
        "discoveredTimestamp": 1723408211144,
        "caughtTimestamp": 1723408211144
      }
    },
    "ponyta": {
      "galar": {
        "isShiny": false,
        "status": "CAUGHT",
        "discoveredTimestamp": 1723408257492,
        "caughtTimestamp": 1723408257492
      }
    },
    "impidimp": {
      "normal": {
        "isShiny": false,
        "status": "CAUGHT",
        "discoveredTimestamp": 1723408310695,
        "caughtTimestamp": 1723408310695
      }
    }
  }
}