{
  "registers": {
    "murkrow": {
      "normal": {
        "isShiny": false,
        "status": "CAUGHT",
        "discoveredTimestamp": 1723404211736,
        "caughtTimestamp": 1723404211736
      }
    },
    "fraxure": {
      "normal": {
        "isShiny": false,
        "status": "CAUGHT",
        "discoveredTimestamp": 1723404261733,
        "caughtTimestamp": 1723404261733
      }
    },
    "lopunny": {
      "normal": {
        "isShiny": false,
        "status": "CAUGHT",
        "discoveredTimestamp": 1723404642337,
        "caughtTimestamp": 1723404642337
      }
    },
    "treecko": {
      "normal": {
        "isShiny": false,
        "status": "CAUGHT",
        "discoveredTimestamp": 1723405287297,
        "caughtTimestamp": 1723405287297
      }
    },
    "stonjourner": {
      "normal": {
        "isShiny": false,
        "status": "CAUGHT",
        "discoveredTimestamp": 1723405468294,
        "caughtTimestamp": 1723405468294
      }
    },
    "buizel": {
      "normal": {
        "isShiny": false,
        "status": "CAUGHT",
        "discoveredTimestamp": 1723405667705,
        "caughtTimestamp": 1723405667705
      }
    },
    "buneary": {
      "normal": {
        "isShiny": false,
        "status": "CAUGHT",
        "discoveredTimestamp": 1723405971643,
        "caughtTimestamp": 1723405971643
      }
    },
    "sharpedo": {
      "normal": {
        "isShiny": false,
        "status": "CAUGHT",
        "discoveredTimestamp": 1723406027356,
        "caughtTimestamp": 1723406027356
      }
    },
    "jellicent": {
      "normal": {
        "isShiny": false,
        "status": "CAUGHT",
        "discoveredTimestamp": 1723406080700,
        "caughtTimestamp": 1723406080700
      }
    },
    "bonsly": {
      "normal": {
        "isShiny": false,
        "status": "CAUGHT",
        "discoveredTimestamp": 1723406283698,
        "caughtTimestamp": 1723406283698
      }
    },
    "vulpix": {
      "normal": {
        "isShiny": false,
        "status": "CAUGHT",
        "discoveredTimestamp": 1723406388943,
        "caughtTimestamp": 1723406388943
      }
    },
    "drifblim": {
      "normal": {
        "isShiny": false,
        "status": "CAUGHT",
        "discoveredTimestamp": 1723406477441,
        "caughtTimestamp": 1723406477441
      }
    },
    "geodude": {
      "normal": {
        "isShiny": false,
        "status": "CAUGHT",
        "discoveredTimestamp": 1723406623192,
        "caughtTimestamp": 1723406623192
      }
    },
    "eevee": {
      "normal": {
        "isShiny": false,
        "status": "CAUGHT",
        "discoveredTimestamp": 1723406650442,
        "caughtTimestamp": 1723406650442
      }
    }
  }
}