{
  "registers": {
    "murkrow": {
      "normal": {
        "isShiny": false,
        "status": "CAUGHT",
        "discoveredTimestamp": 1723404211736,
        "caughtTimestamp": 1723404211736
      }
    },
    "fraxure": {
      "normal": {
        "isShiny": false,
        "status": "CAUGHT",
        "discoveredTimestamp": 1723404261733,
        "caughtTimestamp": 1723404261733
      }
    },
    "lopunny": {
      "normal": {
        "isShiny": false,
        "status": "CAUGHT",
        "discoveredTimestamp": 1723404642337,
        "caughtTimestamp": 1723404642337
      }
    },
    "treecko": {
      "normal": {
        "isShiny": false,
        "status": "CAUGHT",
        "discoveredTimestamp": 1723405287297,
        "caughtTimestamp": 1723405287297
      }
    },
    "stonjourner": {
      "normal": {
        "isShiny": false,
        "status": "CAUGHT",
        "discoveredTimestamp": 1723405468294,
        "caughtTimestamp": 1723405468294
      }
    },
    "buizel": {
      "normal": {
        "isShiny": false,
        "status": "CAUGHT",
        "discoveredTimestamp": 1723405667705,
        "caughtTimestamp": 1723405667705
      }
    }
  }
}