{
  "registers": {
    "murkrow": {
      "normal": {
        "isShiny": false,
        "status": "CAUGHT",
        "discoveredTimestamp": 1723404211736,
        "caughtTimestamp": 1723404211736
      }
    },
    "fraxure": {
      "normal": {
        "isShiny": false,
        "status": "CAUGHT",
        "discoveredTimestamp": 1723404261733,
        "caughtTimestamp": 1723404261733
      }
    },
    "lopunny": {
      "normal": {
        "isShiny": false,
        "status": "CAUGHT",
        "discoveredTimestamp": 1723404642337,
        "caughtTimestamp": 1723404642337
      }
    },
    "treecko": {
      "normal": {
        "isShiny": false,
        "status": "CAUGHT",
        "discoveredTimestamp": 1723405287297,
        "caughtTimestamp": 1723405287297
      }
    },
    "stonjourner": {
      "normal": {
        "isShiny": false,
        "status": "CAUGHT",
        "discoveredTimestamp": 1723405468294,
        "caughtTimestamp": 1723405468294
      }
    },
    "buizel": {
      "normal": {
        "isShiny": false,
        "status": "CAUGHT",
        "discoveredTimestamp": 1723405667705,
        "caughtTimestamp": 1723405667705
      }
    },
    "buneary": {
      "normal": {
        "isShiny": false,
        "status": "CAUGHT",
        "discoveredTimestamp": 1723405971643,
        "caughtTimestamp": 1723405971643
      }
    },
    "sharpedo": {
      "normal": {
        "isShiny": false,
        "status": "CAUGHT",
        "discoveredTimestamp": 1723406027356,
        "caughtTimestamp": 1723406027356
      }
    },
    "jellicent": {
      "normal": {
        "isShiny": false,
        "status": "CAUGHT",
        "discoveredTimestamp": 1723406080700,
        "caughtTimestamp": 1723406080700
      }
    },
    "bonsly": {
      "normal": {
        "isShiny": false,
        "status": "CAUGHT",
        "discoveredTimestamp": 1723406283698,
        "caughtTimestamp": 1723406283698
      }
    },
    "vulpix": {
      "normal": {
        "isShiny": false,
        "status": "CAUGHT",
        "discoveredTimestamp": 1723406388943,
        "caughtTimestamp": 1723406388943
      }
    },
    "drifblim": {
      "normal": {
        "isShiny": false,
        "status": "CAUGHT",
        "discoveredTimestamp": 1723406477441,
        "caughtTimestamp": 1723406477441
      }
    },
    "geodude": {
      "normal": {
        "isShiny": false,
        "status": "CAUGHT",
        "discoveredTimestamp": 1723406623192,
        "caughtTimestamp": 1723406623192
      }
    },
    "eevee": {
      "normal": {
        "isShiny": false,
        "status": "CAUGHT",
        "discoveredTimestamp": 1723406650442,
        "caughtTimestamp": 1723406650442
      }
    },
    "pidgey": {
      "normal": {
        "isShiny": false,
        "status": "CAUGHT",
        "discoveredTimestamp": 1723407185238,
        "caughtTimestamp": 1723407185238
      }
    },
    "fletchling": {
      "normal": {
        "isShiny": true,
        "status": "CAUGHT",
        "discoveredTimestamp": 1723407216836,
        "caughtTimestamp": 1723407216836
      }
    },
    "rattata": {
      "alola": {
        "isShiny": false,
        "status": "CAUGHT",
        "discoveredTimestamp": 1723407418287,
        "caughtTimestamp": 1723407418287
      }
    },
    "raticate": {
      "alola": {
        "isShiny": false,
        "status": "CAUGHT",
        "discoveredTimestamp": 1723407448968,
        "caughtTimestamp": 1723407448968
      }
    },
    "pidgeotto": {
      "normal": {
        "isShiny": false,
        "status": "CAUGHT",
        "discoveredTimestamp": 1723407672912,
        "caughtTimestamp": 1723407672912
      }
    },
    "pawniard": {
      "normal": {
        "isShiny": false,
        "status": "CAUGHT",
        "discoveredTimestamp": 1723407764437,
        "caughtTimestamp": 1723407764437
      }
    },
    "boldore": {
      "normal": {
        "isShiny": false,
        "status": "CAUGHT",
        "discoveredTimestamp": 1723407782544,
        "caughtTimestamp": 1723407782544
      }
    },
    "snorunt": {
      "normal": {
        "isShiny": false,
        "status": "CAUGHT",
        "discoveredTimestamp": 1723407824062,
        "caughtTimestamp": 1723407849989
      }
    },
    "seedot": {
      "normal": {
        "isShiny": false,
        "status": "SEEN",
        "discoveredTimestamp": 1723407846718
      }
    },
    "caterpie": {
      "normal": {
        "isShiny": false,
        "status": "SEEN",
        "discoveredTimestamp": 1723407854510
      }
    },
    "combee": {
      "normal": {
        "isShiny": false,
        "status": "SEEN",
        "discoveredTimestamp": 1723407907163
      }
    },
    "bouffalant": {
      "normal": {
        "isShiny": false,
        "status": "SEEN",
        "discoveredTimestamp": 1723407913192
      }
    },
    "rookidee": {
      "normal": {
        "isShiny": false,
        "status": "SEEN",
        "discoveredTimestamp": 1723407943667
      }
    },
    "fletchinder": {
      "normal": {
        "isShiny": true,
        "status": "CAUGHT",
        "discoveredTimestamp": 1723407964155,
        "caughtTimestamp": 1723410178645
      }
    },
    "kakuna": {
      "normal": {
        "isShiny": false,
        "status": "CAUGHT",
        "discoveredTimestamp": 1723408158112,
        "caughtTimestamp": 1723411691059
      }
    },
    "quilava": {
      "normal": {
        "isShiny": false,
        "status": "CAUGHT",
        "discoveredTimestamp": 1723408166659,
        "caughtTimestamp": 1723408166659
      }
    },
    "haunter": {
      "normal": {
        "isShiny": false,
        "status": "CAUGHT",
        "discoveredTimestamp": 1723408211144,
        "caughtTimestamp": 1723408211144
      }
    },
    "ponyta": {
      "galar": {
        "isShiny": false,
        "status": "CAUGHT",
        "discoveredTimestamp": 1723408257492,
        "caughtTimestamp": 1723408257492
      },
      "normal": {
        "isShiny": false,
        "status": "CAUGHT",
        "discoveredTimestamp": 1723410630202,
        "caughtTimestamp": 1723410630202
      }
    },
    "impidimp": {
      "normal": {
        "isShiny": false,
        "status": "CAUGHT",
        "discoveredTimestamp": 1723408310695,
        "caughtTimestamp": 1723408310695
      }
    },
    "psyduck": {
      "normal": {
        "isShiny": false,
        "status": "CAUGHT",
        "discoveredTimestamp": 1723408651939,
        "caughtTimestamp": 1723408651939
      }
    },
    "klink": {
      "normal": {
        "isShiny": false,
        "status": "CAUGHT",
        "discoveredTimestamp": 1723409452187,
        "caughtTimestamp": 1723409452187
      }
    },
    "mudkip": {
      "normal": {
        "isShiny": false,
        "status": "CAUGHT",
        "discoveredTimestamp": 1723409697393,
        "caughtTimestamp": 1723409697393
      }
    },
    "teddiursa": {
      "normal": {
        "isShiny": false,
        "status": "SEEN",
        "discoveredTimestamp": 1723409701970
      }
    },
    "pineco": {
      "normal": {
        "isShiny": false,
        "status": "SEEN",
        "discoveredTimestamp": 1723409704874
      }
    },
    "gastly": {
      "normal": {
        "isShiny": false,
        "status": "CAUGHT",
        "discoveredTimestamp": 1723409982196,
        "caughtTimestamp": 1723409982196
      }
    },
    "metapod": {
      "normal": {
        "isShiny": false,
        "status": "CAUGHT",
        "discoveredTimestamp": 1723410197052,
        "caughtTimestamp": 1723410197052
      }
    },
    "butterfree": {
      "normal": {
        "isShiny": false,
        "status": "CAUGHT",
        "discoveredTimestamp": 1723410207448,
        "caughtTimestamp": 1723410207448
      }
    },
    "rapidash": {
      "normal": {
        "isShiny": false,
        "status": "CAUGHT",
        "discoveredTimestamp": 1723410639362,
        "caughtTimestamp": 1723410639362
      }
    },
    "marshtomp": {
      "normal": {
        "isShiny": false,
        "status": "CAUGHT",
        "discoveredTimestamp": 1723410827959,
        "caughtTimestamp": 1723410827959
      }
    },
    "phantump": {
      "normal": {
        "isShiny": false,
        "status": "SEEN",
        "discoveredTimestamp": 1723410951252
      }
    },
    "lechonk": {
      "normal": {
        "isShiny": false,
        "status": "SEEN",
        "discoveredTimestamp": 1723410967054
      }
    },
    "misdreavus": {
      "normal": {
        "isShiny": false,
        "status": "CAUGHT",
        "discoveredTimestamp": 1723411017703,
        "caughtTimestamp": 1723411017703
      }
    },
    "noctowl": {
      "normal": {
        "isShiny": false,
        "status": "CAUGHT",
        "discoveredTimestamp": 1723411131443,
        "caughtTimestamp": 1723411131443
      }
    },
    "dugtrio": {
      "alola": {
        "isShiny": false,
        "status": "CAUGHT",
        "discoveredTimestamp": 1723411211590,
        "caughtTimestamp": 1723411211590
      }
    },
    "aegislash": {
      "normal": {
        "isShiny": false,
        "status": "CAUGHT",
        "discoveredTimestamp": 1723411273191,
        "caughtTimestamp": 1723411273191
      }
    },
    "darmanitan": {
      "normal": {
        "isShiny": false,
        "status": "CAUGHT",
        "discoveredTimestamp": 1723411294248,
        "caughtTimestamp": 1723411294248
      }
    },
    "tinkatink": {
      "normal": {
        "isShiny": false,
        "status": "CAUGHT",
        "discoveredTimestamp": 1723411333993,
        "caughtTimestamp": 1723411333993
      }
    },
    "growlithe": {
      "normal": {
        "isShiny": false,
        "status": "CAUGHT",
        "discoveredTimestamp": 1723411377449,
        "caughtTimestamp": 1723411377449
      }
    },
    "gimmighoul": {
      "normal": {
        "isShiny": false,
        "status": "CAUGHT",
        "discoveredTimestamp": 1723411394845,
        "caughtTimestamp": 1723411394845
      }
    },
    "golduck": {
      "normal": {
        "isShiny": false,
        "status": "CAUGHT",
        "discoveredTimestamp": 1723411683098,
        "caughtTimestamp": 1723411683098
      }
    },
    "weedle": {
      "normal": {
        "isShiny": false,
        "status": "CAUGHT",
        "discoveredTimestamp": 1723411683243,
        "caughtTimestamp": 1723411683243
      }
    },
    "beedrill": {
      "normal": {
        "isShiny": false,
        "status": "CAUGHT",
        "discoveredTimestamp": 1723411696857,
        "caughtTimestamp": 1723411696857
      }
    },
    "pichu": {
      "normal": {
        "isShiny": false,
        "status": "CAUGHT",
        "discoveredTimestamp": 1723411826801,
        "caughtTimestamp": 1723411872998
      }
    },
    "drowzee": {
      "normal": {
        "isShiny": false,
        "status": "CAUGHT",
        "discoveredTimestamp": 1723412149351,
        "caughtTimestamp": 1723412265794
      }
    },
    "dreepy": {
      "normal": {
        "isShiny": false,
        "status": "CAUGHT",
        "discoveredTimestamp": 1723412345447,
        "caughtTimestamp": 1723412345447
      }
    }
  }
}