{
  "uuid": "fea0daff-0350-3667-bb7b-e4af572d6770",
  "starterPrompted": true,
  "starterLocked": false,
  "starterSelected": true,
  "starterUUID": "d3966f97-1b86-47be-af0c-f38c7d096f90",
  "keyItems": [],
  "battleTheme": "cobblemon:battle.pvp.default",
  "extraData": {
    "cobbledex_discovery": {
      "registers": {
        "squirtle": {
          "normal": {
            "isShiny": false,
            "status": "CAUGHT",
            "discoveredTimestamp": 1723402752482,
            "caughtTimestamp": 1723402752482
          }
        },
        "ralts": {
          "normal": {
            "isShiny": false,
            "status": "CAUGHT",
            "discoveredTimestamp": 1723402752484,
            "caughtTimestamp": 1723402752484
          }
        },
        "bunnelby": {
          "normal": {
            "isShiny": false,
            "status": "CAUGHT",
            "discoveredTimestamp": 1723402752484,
            "caughtTimestamp": 1723402752484
          }
        },
        "gastly": {
          "normal": {
            "isShiny": false,
            "status": "CAUGHT",
            "discoveredTimestamp": 1723402752484,
            "caughtTimestamp": 1723402752484
          }
        },
        "mismagius": {
          "normal": {
            "isShiny": false,
            "status": "CAUGHT",
            "discoveredTimestamp": 1723402752484,
            "caughtTimestamp": 1723402752484
          }
        },
        "roggenrola": {
          "normal": {
            "isShiny": false,
            "status": "CAUGHT",
            "discoveredTimestamp": 1723402752484,
            "caughtTimestamp": 1723402752484
          }
        },
        "fraxure": {
          "normal": {
            "isShiny": false,
            "status": "CAUGHT",
            "discoveredTimestamp": 1723404261733,
            "caughtTimestamp": 1723404261733
          }
        },
        "murkrow": {
          "normal": {
            "isShiny": false,
            "status": "CAUGHT",
            "discoveredTimestamp": 1723404314318,
            "caughtTimestamp": 1723404314318
          }
        },
        "lopunny": {
          "normal": {
            "isShiny": false,
            "status": "CAUGHT",
            "discoveredTimestamp": 1723404642337,
            "caughtTimestamp": 1723404642337
          }
        },
        "stonjourner": {
          "normal": {
            "isShiny": false,
            "status": "CAUGHT",
            "discoveredTimestamp": 1723405468294,
            "caughtTimestamp": 1723405468294
          }
        },
        "buizel": {
          "normal": {
            "isShiny": false,
            "status": "CAUGHT",
            "discoveredTimestamp": 1723405667704,
            "caughtTimestamp": 1723405667704
          }
        },
        "drifblim": {
          "normal": {
            "isShiny": false,
            "status": "CAUGHT",
            "discoveredTimestamp": 1723406477441,
            "caughtTimestamp": 1723406477441
          }
        },
        "boldore": {
          "normal": {
            "isShiny": false,
            "status": "CAUGHT",
            "discoveredTimestamp": 1723407782543,
            "caughtTimestamp": 1723407782543
          }
        },
        "bouffalant": {
          "normal": {
            "isShiny": false,
            "status": "SEEN",
            "discoveredTimestamp": 1723407913192
          }
        },
        "haunter": {
          "normal": {
            "isShiny": false,
            "status": "CAUGHT",
            "discoveredTimestamp": 1723408211144,
            "caughtTimestamp": 1723408211144
          }
        }
      },
      "name": "cobbledex_discovery"
    },
    "Cobbledex_RewardHistory": {
      "received": [],
      "name": "Cobbledex_RewardHistory"
    }
  },
  "advancementData": {
    "totalCaptureCount": 11,
    "totalEggsHatched": 0,
    "totalEvolvedCount": 1,
    "totalBattleVictoryCount": 9,
    "totalPvPBattleVictoryCount": 0,
    "totalPvWBattleVictoryCount": 9,
    "totalPvNBattleVictoryCount": 0,
    "totalShinyCaptureCount": 0,
    "totalTradedCount": 1,
    "totalTypeCaptureCounts": {
      "psychic": 1,
      "fairy": 1,
      "normal": 2,
      "ghost": 4,
      "poison": 2,
      "rock": 2,
      "dragon": 1,
      "water": 1,
      "flying": 1
    },
    "totalDefeatedCounts": {
      "cobblemon:fletchling": 1,
      "cobblemon:zigzagoon": 1,
      "cobblemon:pidgey": 1,
      "cobblemon:hoothoot": 1,
      "cobblemon:makuhita": 1,
      "cobblemon:starly": 2,
      "cobblemon:noctowl": 1
    },
    "aspectsCollected": {}
  }
}