{
  "uuid": "fea0daff-0350-3667-bb7b-e4af572d6770",
  "starterPrompted": true,
  "starterLocked": false,
  "starterSelected": true,
  "starterUUID": "d3966f97-1b86-47be-af0c-f38c7d096f90",
  "keyItems": [],
  "battleTheme": "cobblemon:battle.pvp.default",
  "extraData": {
    "cobbledex_discovery": {
      "registers": {
        "squirtle": {
          "normal": {
            "isShiny": false,
            "status": "CAUGHT",
            "discoveredTimestamp": 1723402752482,
            "caughtTimestamp": 1723402752482
          }
        },
        "ralts": {
          "normal": {
            "isShiny": false,
            "status": "CAUGHT",
            "discoveredTimestamp": 1723402752484,
            "caughtTimestamp": 1723402752484
          }
        },
        "bunnelby": {
          "normal": {
            "isShiny": false,
            "status": "CAUGHT",
            "discoveredTimestamp": 1723402752484,
            "caughtTimestamp": 1723402752484
          }
        },
        "gastly": {
          "normal": {
            "isShiny": false,
            "status": "CAUGHT",
            "discoveredTimestamp": 1723402752484,
            "caughtTimestamp": 1723402752484
          }
        },
        "mismagius": {
          "normal": {
            "isShiny": false,
            "status": "CAUGHT",
            "discoveredTimestamp": 1723402752484,
            "caughtTimestamp": 1723402752484
          }
        },
        "roggenrola": {
          "normal": {
            "isShiny": false,
            "status": "CAUGHT",
            "discoveredTimestamp": 1723402752484,
            "caughtTimestamp": 1723402752484
          }
        }
      },
      "name": "cobbledex_discovery"
    },
    "Cobbledex_RewardHistory": {
      "received": [],
      "name": "Cobbledex_RewardHistory"
    }
  },
  "advancementData": {
    "totalCaptureCount": 5,
    "totalEggsHatched": 0,
    "totalEvolvedCount": 0,
    "totalBattleVictoryCount": 5,
    "totalPvPBattleVictoryCount": 0,
    "totalPvWBattleVictoryCount": 5,
    "totalPvNBattleVictoryCount": 0,
    "totalShinyCaptureCount": 0,
    "totalTradedCount": 0,
    "totalTypeCaptureCounts": {
      "psychic": 1,
      "fairy": 1,
      "normal": 1,
      "ghost": 2,
      "poison": 1,
      "rock": 1
    },
    "totalDefeatedCounts": {
      "cobblemon:fletchling": 1,
      "cobblemon:zigzagoon": 1,
      "cobblemon:pidgey": 1,
      "cobblemon:hoothoot": 1
    },
    "aspectsCollected": {}
  }
}