{
  "uuid": "150c5c48-d7ca-3420-8470-2a27f12ffc69",
  "starterPrompted": true,
  "starterLocked": false,
  "starterSelected": true,
  "starterUUID": "23a6de5e-3c9d-4a28-abe8-5565e4f80956",
  "keyItems": [],
  "battleTheme": "cobblemon:battle.pvp.default",
  "extraData": {
    "cobbledex_discovery": {
      "registers": {
        "breloom": {
          "normal": {
            "isShiny": false,
            "status": "CAUGHT",
            "discoveredTimestamp": 1723402841849,
            "caughtTimestamp": 1723402841849
          }
        },
        "zoroark": {
          "normal": {
            "isShiny": false,
            "status": "CAUGHT",
            "discoveredTimestamp": 1723402841849,
            "caughtTimestamp": 1723402841849
          }
        },
        "cyndaquil": {
          "normal": {
            "isShiny": false,
            "status": "CAUGHT",
            "discoveredTimestamp": 1723402841849,
            "caughtTimestamp": 1723402841849
          }
        },
        "krabby": {
          "normal": {
            "isShiny": false,
            "status": "CAUGHT",
            "discoveredTimestamp": 1723402841849,
            "caughtTimestamp": 1723402841849
          }
        },
        "gastly": {
          "normal": {
            "isShiny": false,
            "status": "CAUGHT",
            "discoveredTimestamp": 1723402841849,
            "caughtTimestamp": 1723402841849
          }
        },
        "geodude": {
          "normal": {
            "isShiny": false,
            "status": "CAUGHT",
            "discoveredTimestamp": 1723402841849,
            "caughtTimestamp": 1723402841849
          }
        },
        "kingler": {
          "normal": {
            "isShiny": false,
            "status": "CAUGHT",
            "discoveredTimestamp": 1723402841849,
            "caughtTimestamp": 1723402841849
          }
        },
        "murkrow": {
          "normal": {
            "isShiny": false,
            "status": "CAUGHT",
            "discoveredTimestamp": 1723404211734,
            "caughtTimestamp": 1723404211734
          }
        },
        "fraxure": {
          "normal": {
            "isShiny": false,
            "status": "CAUGHT",
            "discoveredTimestamp": 1723404314319,
            "caughtTimestamp": 1723404314319
          }
        }
      },
      "name": "cobbledex_discovery"
    },
    "Cobbledex_RewardHistory": {
      "received": [],
      "name": "Cobbledex_RewardHistory"
    }
  },
  "advancementData": {
    "totalCaptureCount": 7,
    "totalEggsHatched": 0,
    "totalEvolvedCount": 1,
    "totalBattleVictoryCount": 5,
    "totalPvPBattleVictoryCount": 0,
    "totalPvWBattleVictoryCount": 5,
    "totalPvNBattleVictoryCount": 0,
    "totalShinyCaptureCount": 0,
    "totalTradedCount": 1,
    "totalTypeCaptureCounts": {
      "rock": 1,
      "ground": 1,
      "water": 2,
      "ghost": 2,
      "poison": 1,
      "normal": 1,
      "grass": 1,
      "fighting": 1,
      "dark": 1,
      "flying": 1
    },
    "totalDefeatedCounts": {
      "cobblemon:starly": 1,
      "cobblemon:snorunt": 2
    },
    "aspectsCollected": {}
  }
}