{
  "uuid": "150c5c48-d7ca-3420-8470-2a27f12ffc69",
  "starterPrompted": true,
  "starterLocked": false,
  "starterSelected": true,
  "starterUUID": "23a6de5e-3c9d-4a28-abe8-5565e4f80956",
  "keyItems": [],
  "battleTheme": "cobblemon:battle.pvp.default",
  "extraData": {},
  "advancementData": {
    "totalCaptureCount": 4,
    "totalEggsHatched": 0,
    "totalEvolvedCount": 1,
    "totalBattleVictoryCount": 2,
    "totalPvPBattleVictoryCount": 0,
    "totalPvWBattleVictoryCount": 2,
    "totalPvNBattleVictoryCount": 0,
    "totalShinyCaptureCount": 0,
    "totalTradedCount": 0,
    "totalTypeCaptureCounts": {
      "rock": 1,
      "ground": 1,
      "water": 1,
      "ghost": 2,
      "poison": 1,
      "normal": 1
    },
    "totalDefeatedCounts": {
      "cobblemon:starly": 1
    },
    "aspectsCollected": {}
  }
}