{"stats":{"minecraft:killed_by":{"minecraft:player":5,"minecraft:skeleton":1},"minecraft:custom":{"minecraft:time_since_rest":16089,"minecraft:interact_with_furnace":7,"minecraft:sprint_one_cm":110263,"minecraft:damage_taken":2072,"minecraft:walk_one_cm":48073,"minecraft:mob_kills":1,"minecraft:drop":3,"minecraft:damage_dealt":1028,"minecraft:swim_one_cm":731,"minecraft:interact_with_crafting_table":3,"minecraft:fly_one_cm":124959,"minecraft:player_kills":4,"minecraft:crouch_one_cm":5909,"minecraft:play_time":43051,"minecraft:deaths":7,"minecraft:sneak_time":2949,"minecraft:walk_under_water_one_cm":1680,"minecraft:jump":929,"minecraft:leave_game":1,"minecraft:walk_on_water_one_cm":620,"minecraft:time_since_death":16057,"minecraft:sleep_in_bed":2,"minecraft:total_world_time":43051,"minecraft:fall_one_cm":34604},"minecraft:dropped":{"cobblemon:energy_root":1,"minecraft:cobblestone":14,"minecraft:spruce_sapling":1},"minecraft:mined":{"cobblemon:red_mint":3,"minecraft:iron_ore":29,"minecraft:birch_log":12,"minecraft:birch_leaves":4,"minecraft:powder_snow":15,"cobblemon:apricorn_leaves":1,"minecraft:crafting_table":1,"minecraft:grass":14,"minecraft:grass_block":1,"minecraft:coal_ore":27,"minecraft:packed_ice":2,"cobblemon:energy_root":1,"minecraft:spruce_leaves":2,"minecraft:stone":40,"cobblemon:oran_berry":3,"minecraft:white_wool":1},"minecraft:killed":{"minecraft:pig":1},"minecraft:picked_up":{"minecraft:birch_log":14,"minecraft:raw_iron":29,"minecraft:stick":2,"minecraft:crafting_table":1,"minecraft:chicken":1,"minecraft:wooden_pickaxe":1,"minecraft:porkchop":1,"minecraft:spruce_sapling":1,"minecraft:spruce_log":1,"minecraft:gunpowder":2,"minecraft:dirt":26,"cobblemon:white_apricorn":2,"cobblemon:red_mint_seeds":4,"cobblemon:healing_machine":1,"cobblemon:poke_ball":4,"minecraft:wheat_seeds":1,"cobblemon:white_apricorn_seed":1,"minecraft:spruce_planks":4,"cobblemon:oran_berry":3,"cobblemon:energy_root":1,"minecraft:birch_sapling":1,"cobblemon:red_mint_leaf":7,"minecraft:coal":27,"minecraft:snowball":54,"minecraft:white_wool":1,"minecraft:cobblestone":54},"minecraft:used":{"minecraft:stone_pickaxe":81,"minecraft:bread":9,"minecraft:wooden_pickaxe":29,"minecraft:stone_axe":5,"minecraft:white_wool":1,"minecraft:dirt":11,"minecraft:cobblestone":1,"minecraft:crafting_table":2,"minecraft:furnace":1,"minecraft:snowball":38},"minecraft:crafted":{"minecraft:crafting_table":1,"minecraft:stick":4,"minecraft:spruce_planks":4,"minecraft:iron_ingot":8,"minecraft:stone_pickaxe":1,"minecraft:stone_sword":1,"minecraft:furnace":1,"minecraft:birch_planks":12,"minecraft:stone_axe":1,"minecraft:air":0}},"DataVersion":3465}