{"stats":{"minecraft:broken":{"minecraft:iron_boots":1,"minecraft:iron_chestplate":1,"minecraft:iron_leggings":1,"minecraft:iron_axe":1,"minecraft:iron_helmet":1},"minecraft:custom":{"minecraft:mob_kills":45,"minecraft:interact_with_crafting_table":17,"minecraft:leave_game":7,"minecraft:time_since_death":3696,"minecraft:climb_one_cm":3147,"minecraft:sprint_one_cm":645659,"minecraft:walk_one_cm":329015,"minecraft:damage_blocked_by_shield":2705,"minecraft:drop":39,"minecraft:play_time":246147,"minecraft:deaths":29,"minecraft:sneak_time":25933,"minecraft:walk_under_water_one_cm":18946,"minecraft:jump":5961,"minecraft:walk_on_water_one_cm":13089,"minecraft:total_world_time":246147,"minecraft:interact_with_furnace":54,"minecraft:sleep_in_bed":3,"minecraft:time_since_rest":3726,"minecraft:waystone_activated":1,"minecraft:damage_taken":11593,"minecraft:damage_dealt":12270,"minecraft:swim_one_cm":46334,"minecraft:fly_one_cm":834878,"minecraft:player_kills":15,"minecraft:open_chest":11,"minecraft:crouch_one_cm":97219,"minecraft:fall_one_cm":234676},"minecraft:dropped":{"minecraft:enchanted_book":2,"minecraft:wheat_seeds":2,"minecraft:diamond_leggings":1,"cobblemon:thunder_stone":1,"minecraft:feather":2,"minecraft:cobblestone":31,"cobblemon:water_stone":1,"minecraft:dark_oak_fence":1,"cobblemon:poke_ball":24,"minecraft:snowball":16,"minecraft:potion":1,"minecraft:iron_axe":1,"minecraft:string":3,"minecraft:spruce_sapling":1,"minecraft:stone_axe":1,"minecraft:cobbled_deepslate":3,"minecraft:tuff":2,"minecraft:birch_sapling":2,"minecraft:raw_iron":2,"minecraft:chicken":2,"minecraft:rotten_flesh":18,"cobblemon:black_apricorn_seed":1,"minecraft:gunpowder":2,"cobblemon:pink_apricorn_seed":1,"cobblemon:energy_root":1,"minecraft:arrow":1,"minecraft:wooden_pickaxe":1},"minecraft:crafted":{"minecraft:cooked_chicken":7,"minecraft:furnace":1,"minecraft:iron_boots":1,"minecraft:iron_axe":1,"minecraft:stone_pickaxe":1,"minecraft:cooked_beef":1,"minecraft:cooked_porkchop":4,"minecraft:crafting_table":1,"minecraft:spruce_planks":4,"minecraft:iron_helmet":1,"minecraft:cooked_salmon":1,"minecraft:birch_planks":56,"minecraft:stone_axe":1,"minecraft:air":0,"minecraft:iron_chestplate":1,"minecraft:shield":1,"minecraft:stick":12,"minecraft:iron_ingot":31,"minecraft:iron_pickaxe":1,"minecraft:stone_sword":1,"minecraft:iron_leggings":1},"minecraft:killed_by":{"minecraft:player":11,"minecraft:spider":1,"minecraft:warden":8,"minecraft:skeleton":2,"minecraft:zombie":2},"minecraft:used":{"minecraft:stone_sword":99,"minecraft:shield":39,"minecraft:cooked_salmon":1,"minecraft:cooked_chicken":7,"minecraft:torch":9,"minecraft:dirt":65,"minecraft:tuff":2,"minecraft:snowball":38,"minecraft:iron_axe":161,"minecraft:furnace":8,"minecraft:egg":1,"minecraft:cooked_beef":1,"minecraft:cobbled_deepslate":5,"minecraft:birch_planks":42,"minecraft:stone_pickaxe":127,"minecraft:wooden_pickaxe":29,"minecraft:deepslate_bricks":4,"minecraft:white_wool":1,"minecraft:crafting_table":6,"cobblemon:white_apricorn_seed":1,"minecraft:oak_log":3,"minecraft:bread":55,"minecraft:iron_pickaxe":59,"minecraft:stone_axe":5,"cobblemon:red_apricorn_seed":1,"minecraft:cobblestone":65,"minecraft:cooked_porkchop":4,"minecraft:gray_wool":1},"minecraft:picked_up":{"minecraft:crafting_table":5,"minecraft:chicken":9,"cobblemon:red_apricorn":4,"minecraft:wooden_pickaxe":1,"minecraft:string":5,"minecraft:iron_axe":1,"cobblemon:white_apricorn":2,"minecraft:cobbled_deepslate":9,"cobblemon:white_apricorn_seed":1,"minecraft:spruce_planks":4,"minecraft:beef":1,"cobblemon:oran_berry":4,"cobblemon:relic_coin":1,"minecraft:sugar_cane":4,"minecraft:birch_sapling":2,"minecraft:furnace":8,"cobblemon:red_mint_leaf":7,"minecraft:egg":2,"minecraft:stick":2,"minecraft:raw_iron":30,"minecraft:porkchop":6,"minecraft:arrow":11,"minecraft:rotten_flesh":18,"minecraft:deepslate_bricks":4,"minecraft:mutton":2,"minecraft:cod":2,"minecraft:snowball":72,"minecraft:white_wool":3,"minecraft:cobblestone":112,"minecraft:birch_log":14,"minecraft:air":0,"minecraft:feather":4,"minecraft:glow_ink_sac":2,"minecraft:salmon":1,"minecraft:tuff":4,"minecraft:oak_log":7,"minecraft:gunpowder":2,"minecraft:dirt":65,"minecraft:bone":29,"minecraft:wheat_seeds":3,"minecraft:bow":1,"cobblemon:black_apricorn":3,"minecraft:iron_ingot":1,"cobblemon:thunder_stone":1,"minecraft:book":10,"cobblemon:black_apricorn_seed":1,"cobblemon:persim_berry":3,"minecraft:spruce_sapling":1,"cobblemon:pink_apricorn":1,"minecraft:spruce_log":1,"cobblemon:healing_machine":1,"cobblemon:red_mint_seeds":4,"cobblemon:poke_ball":46,"minecraft:bone_meal":1,"minecraft:gray_wool":1,"minecraft:bread":23,"cobblemon:water_stone":1,"cobblemon:chesto_berry":14,"minecraft:dark_oak_fence":1,"cobblemon:energy_root":1,"minecraft:coal":84},"minecraft:killed":{"minecraft:spider":2,"minecraft:cod":3,"minecraft:skeleton":9,"minecraft:chicken":5,"minecraft:pig":3,"cobblemon:pokemon":7,"minecraft:salmon":2,"minecraft:sheep":2,"minecraft:zombie":10,"minecraft:cow":2},"minecraft:mined":{"minecraft:blue_carpet":1,"minecraft:stone_pressure_plate":1,"minecraft:sculk_vein":1,"minecraft:glow_lichen":1,"minecraft:grass_block":9,"cobblemon:chesto_berry":5,"minecraft:deepslate_bricks":4,"minecraft:spruce_leaves":16,"minecraft:large_fern":5,"minecraft:furnace":8,"minecraft:iron_ore":29,"minecraft:cobbled_deepslate":3,"minecraft:sculk_shrieker":2,"minecraft:packed_ice":2,"minecraft:stone":95,"minecraft:white_wool":1,"cobblemon:water_stone_ore":1,"minecraft:powder_snow":56,"minecraft:torch":2,"minecraft:crafting_table":5,"cobblemon:apricorn_leaves":1,"minecraft:chest":1,"minecraft:sculk_sensor":2,"cobblemon:energy_root":1,"minecraft:cobblestone":4,"minecraft:sugar_cane":2,"minecraft:cracked_deepslate_bricks":1,"cobblemon:oran_berry":3,"minecraft:sculk":2,"minecraft:gray_wool":1,"cobblemon:red_mint":3,"minecraft:birch_log":12,"minecraft:ice":2,"minecraft:birch_leaves":9,"cobblemon:persim_berry":5,"minecraft:grass":58,"minecraft:oak_log":7,"minecraft:coal_ore":32,"cobblemon:thunder_stone_ore":1,"minecraft:dirt":12,"minecraft:oak_leaves":1,"minecraft:deepslate":6}},"DataVersion":3465}