{"stats":{"minecraft:custom":{"minecraft:time_since_rest":10622,"minecraft:interact_with_furnace":7,"minecraft:sprint_one_cm":113902,"minecraft:damage_taken":1691,"minecraft:walk_one_cm":34528,"minecraft:mob_kills":3,"minecraft:drop":2,"minecraft:damage_dealt":853,"minecraft:swim_one_cm":4859,"minecraft:interact_with_crafting_table":2,"minecraft:fly_one_cm":155784,"minecraft:player_kills":2,"minecraft:crouch_one_cm":3244,"minecraft:play_time":24368,"minecraft:deaths":7,"minecraft:sneak_time":1372,"minecraft:walk_under_water_one_cm":1732,"minecraft:jump":1016,"minecraft:leave_game":1,"minecraft:time_since_death":10416,"minecraft:walk_on_water_one_cm":3290,"minecraft:total_world_time":24368,"minecraft:fall_one_cm":39658},"minecraft:crafted":{"minecraft:cooked_beef":4,"minecraft:oak_planks":8,"minecraft:crafting_table":1,"minecraft:stick":8,"minecraft:stone_pickaxe":1,"minecraft:furnace":1,"minecraft:air":0},"minecraft:mined":{"minecraft:furnace":1,"minecraft:crafting_table":1,"minecraft:short_grass":24,"minecraft:oak_log":4,"minecraft:coal_ore":41,"minecraft:gravel":9,"minecraft:stone":25,"minecraft:sugar_cane":3,"minecraft:oak_leaves":4},"minecraft:picked_up":{"minecraft:crafting_table":1,"minecraft:leather":5,"minecraft:wooden_pickaxe":1,"minecraft:gravel":8,"minecraft:flint":1,"minecraft:oak_log":8,"minecraft:beef":12,"minecraft:stone_pickaxe":1,"minecraft:oak_sapling":2,"minecraft:sugar_cane":8,"minecraft:birch_sapling":4,"minecraft:coal":51,"minecraft:cobblestone":23,"minecraft:furnace":1},"minecraft:dropped":{"minecraft:beef":6,"minecraft:stone_pickaxe":1},"minecraft:killed_by":{"minecraft:player":4},"minecraft:killed":{"minecraft:cow":3},"minecraft:used":{"minecraft:stone_pickaxe":57,"minecraft:birch_sapling":4,"minecraft:wooden_pickaxe":11,"minecraft:gravel":8,"minecraft:crafting_table":1,"minecraft:furnace":1,"minecraft:oak_sapling":2,"minecraft:cooked_beef":2}},"DataVersion":3955}