{"stats":{"minecraft:mined":{"minecraft:powder_snow":26,"minecraft:crafting_table":5,"cobblemon:apricorn_leaves":1,"minecraft:grass_block":7,"minecraft:chest":1,"cobblemon:chesto_berry":5,"minecraft:cobblestone":4,"cobblemon:energy_root":1,"minecraft:spruce_leaves":2,"cobblemon:oran_berry":3,"minecraft:furnace":4,"cobblemon:red_mint":3,"minecraft:birch_log":12,"minecraft:iron_ore":29,"minecraft:birch_leaves":8,"cobblemon:persim_berry":5,"minecraft:sculk_shrieker":1,"minecraft:grass":29,"minecraft:coal_ore":27,"cobblemon:thunder_stone_ore":1,"minecraft:dirt":11,"minecraft:packed_ice":2,"minecraft:stone":66,"minecraft:deepslate":4,"minecraft:white_wool":1,"cobblemon:water_stone_ore":1},"minecraft:killed_by":{"minecraft:warden":2,"minecraft:player":6,"minecraft:skeleton":2,"minecraft:zombie":1},"minecraft:crafted":{"minecraft:cooked_beef":1,"minecraft:cooked_porkchop":1,"minecraft:crafting_table":1,"minecraft:spruce_planks":4,"minecraft:cooked_chicken":4,"minecraft:iron_helmet":1,"minecraft:furnace":1,"minecraft:birch_planks":56,"minecraft:stone_axe":1,"minecraft:air":0,"minecraft:iron_chestplate":1,"minecraft:iron_boots":1,"minecraft:shield":1,"minecraft:iron_axe":1,"minecraft:stick":12,"minecraft:iron_pickaxe":1,"minecraft:iron_ingot":31,"minecraft:stone_pickaxe":1,"minecraft:stone_sword":1,"minecraft:iron_leggings":1},"minecraft:used":{"minecraft:stone_sword":37,"minecraft:birch_planks":34,"minecraft:stone_pickaxe":127,"minecraft:shield":27,"minecraft:wooden_pickaxe":29,"minecraft:cooked_chicken":4,"minecraft:white_wool":1,"minecraft:torch":8,"minecraft:dirt":63,"minecraft:crafting_table":5,"minecraft:tuff":2,"minecraft:snowball":38,"minecraft:iron_axe":57,"minecraft:bread":35,"minecraft:iron_pickaxe":2,"minecraft:stone_axe":5,"minecraft:cobblestone":55,"minecraft:furnace":3,"minecraft:cooked_porkchop":1,"minecraft:egg":1,"minecraft:cooked_beef":1,"minecraft:cobbled_deepslate":1},"minecraft:picked_up":{"minecraft:birch_log":14,"minecraft:crafting_table":5,"minecraft:feather":2,"minecraft:chicken":4,"minecraft:glow_ink_sac":2,"cobblemon:red_apricorn":4,"minecraft:wooden_pickaxe":1,"minecraft:tuff":4,"minecraft:gunpowder":2,"minecraft:dirt":63,"minecraft:string":3,"cobblemon:white_apricorn":2,"minecraft:bone":26,"minecraft:bow":1,"minecraft:wheat_seeds":1,"cobblemon:black_apricorn":3,"minecraft:cobbled_deepslate":4,"minecraft:iron_ingot":1,"cobblemon:white_apricorn_seed":1,"minecraft:spruce_planks":4,"minecraft:beef":1,"cobblemon:oran_berry":3,"cobblemon:relic_coin":1,"cobblemon:thunder_stone":1,"minecraft:birch_sapling":2,"minecraft:furnace":4,"cobblemon:red_mint_leaf":7,"minecraft:egg":1,"minecraft:book":10,"minecraft:stick":2,"minecraft:raw_iron":29,"cobblemon:black_apricorn_seed":1,"minecraft:porkchop":1,"cobblemon:persim_berry":3,"minecraft:spruce_sapling":1,"cobblemon:pink_apricorn":1,"minecraft:spruce_log":1,"cobblemon:red_mint_seeds":4,"cobblemon:healing_machine":1,"minecraft:arrow":9,"minecraft:rotten_flesh":15,"cobblemon:poke_ball":12,"minecraft:dark_oak_fence":1,"minecraft:bread":23,"cobblemon:chesto_berry":14,"cobblemon:water_stone":1,"cobblemon:energy_root":1,"minecraft:coal":79,"minecraft:snowball":72,"minecraft:white_wool":1,"minecraft:cobblestone":85},"minecraft:custom":{"minecraft:interact_with_furnace":33,"minecraft:mob_kills":22,"minecraft:interact_with_crafting_table":16,"minecraft:leave_game":4,"minecraft:time_since_death":2201,"minecraft:sleep_in_bed":2,"minecraft:climb_one_cm":1738,"minecraft:time_since_rest":2279,"minecraft:sprint_one_cm":340092,"minecraft:damage_taken":5211,"minecraft:walk_one_cm":132398,"minecraft:damage_blocked_by_shield":1745,"minecraft:drop":19,"minecraft:damage_dealt":5140,"minecraft:swim_one_cm":28348,"minecraft:fly_one_cm":406829,"minecraft:player_kills":6,"minecraft:open_chest":2,"minecraft:crouch_one_cm":42594,"minecraft:play_time":126403,"minecraft:deaths":13,"minecraft:sneak_time":12490,"minecraft:walk_under_water_one_cm":12397,"minecraft:jump":2794,"minecraft:walk_on_water_one_cm":6335,"minecraft:total_world_time":126403,"minecraft:fall_one_cm":116527},"minecraft:killed":{"minecraft:pig":1,"cobblemon:pokemon":2,"minecraft:salmon":1,"minecraft:spider":2,"minecraft:skeleton":6,"minecraft:zombie":6,"minecraft:chicken":3,"minecraft:cow":1},"minecraft:dropped":{"minecraft:stone_axe":1,"minecraft:wheat_seeds":1,"minecraft:cobbled_deepslate":3,"minecraft:tuff":2,"minecraft:birch_sapling":2,"minecraft:feather":2,"minecraft:cobblestone":14,"minecraft:rotten_flesh":15,"minecraft:gunpowder":2,"minecraft:dark_oak_fence":1,"cobblemon:energy_root":1,"minecraft:snowball":16,"minecraft:wooden_pickaxe":1,"minecraft:string":3,"minecraft:spruce_sapling":1}},"DataVersion":3465}