{"stats":{"minecraft:mined":{"minecraft:powder_snow":15,"minecraft:crafting_table":2,"cobblemon:apricorn_leaves":1,"minecraft:grass_block":4,"cobblemon:energy_root":1,"minecraft:spruce_leaves":2,"cobblemon:oran_berry":3,"minecraft:furnace":1,"cobblemon:red_mint":3,"minecraft:birch_log":12,"minecraft:iron_ore":29,"minecraft:birch_leaves":8,"minecraft:grass":16,"minecraft:coal_ore":27,"cobblemon:thunder_stone_ore":1,"minecraft:dirt":6,"minecraft:packed_ice":2,"minecraft:stone":60,"minecraft:white_wool":1,"cobblemon:water_stone_ore":1},"minecraft:killed_by":{"minecraft:player":6,"minecraft:skeleton":2},"minecraft:crafted":{"minecraft:crafting_table":1,"minecraft:spruce_planks":4,"minecraft:iron_helmet":1,"minecraft:furnace":1,"minecraft:birch_planks":12,"minecraft:stone_axe":1,"minecraft:air":0,"minecraft:iron_chestplate":1,"minecraft:iron_boots":1,"minecraft:shield":1,"minecraft:iron_axe":1,"minecraft:stick":8,"minecraft:iron_ingot":29,"minecraft:stone_pickaxe":1,"minecraft:stone_sword":1,"minecraft:iron_leggings":1},"minecraft:used":{"minecraft:stone_sword":20,"minecraft:stone_pickaxe":111,"minecraft:shield":15,"minecraft:wooden_pickaxe":29,"minecraft:white_wool":1,"minecraft:torch":6,"minecraft:dirt":53,"minecraft:crafting_table":2,"minecraft:snowball":38,"minecraft:iron_axe":17,"minecraft:bread":29,"minecraft:stone_axe":5,"minecraft:cobblestone":35,"minecraft:furnace":1,"minecraft:egg":1},"minecraft:picked_up":{"minecraft:birch_log":14,"minecraft:crafting_table":2,"minecraft:feather":2,"minecraft:chicken":4,"cobblemon:red_apricorn":4,"minecraft:wooden_pickaxe":1,"minecraft:gunpowder":2,"minecraft:string":1,"minecraft:dirt":55,"cobblemon:white_apricorn":2,"cobblemon:black_apricorn":3,"minecraft:wheat_seeds":1,"cobblemon:white_apricorn_seed":1,"minecraft:spruce_planks":4,"minecraft:beef":1,"cobblemon:oran_berry":3,"cobblemon:thunder_stone":1,"minecraft:birch_sapling":2,"minecraft:furnace":1,"cobblemon:red_mint_leaf":7,"minecraft:egg":1,"minecraft:stick":2,"minecraft:raw_iron":29,"cobblemon:black_apricorn_seed":1,"minecraft:porkchop":1,"minecraft:spruce_sapling":1,"minecraft:spruce_log":1,"cobblemon:healing_machine":1,"cobblemon:red_mint_seeds":4,"minecraft:arrow":3,"minecraft:rotten_flesh":12,"cobblemon:poke_ball":12,"cobblemon:water_stone":1,"cobblemon:energy_root":1,"minecraft:coal":27,"minecraft:snowball":72,"minecraft:white_wool":1,"minecraft:cobblestone":75},"minecraft:custom":{"minecraft:interact_with_furnace":18,"minecraft:mob_kills":11,"minecraft:interact_with_crafting_table":15,"minecraft:leave_game":4,"minecraft:time_since_death":26185,"minecraft:sleep_in_bed":2,"minecraft:time_since_rest":26212,"minecraft:sprint_one_cm":245733,"minecraft:damage_taken":3467,"minecraft:walk_one_cm":100659,"minecraft:damage_blocked_by_shield":1055,"minecraft:drop":8,"minecraft:damage_dealt":2814,"minecraft:swim_one_cm":24229,"minecraft:fly_one_cm":317095,"minecraft:player_kills":6,"minecraft:crouch_one_cm":8880,"minecraft:play_time":87272,"minecraft:deaths":10,"minecraft:sneak_time":4534,"minecraft:walk_under_water_one_cm":7833,"minecraft:jump":2065,"minecraft:walk_on_water_one_cm":3948,"minecraft:total_world_time":87272,"minecraft:fall_one_cm":83480},"minecraft:killed":{"minecraft:pig":1,"cobblemon:pokemon":1,"minecraft:salmon":1,"minecraft:spider":1,"minecraft:skeleton":2,"minecraft:zombie":1,"minecraft:chicken":3,"minecraft:cow":1},"minecraft:dropped":{"minecraft:wheat_seeds":1,"minecraft:birch_sapling":2,"minecraft:feather":2,"minecraft:cobblestone":14,"minecraft:rotten_flesh":12,"cobblemon:energy_root":1,"minecraft:spruce_sapling":1}},"DataVersion":3465}