{"stats":{"minecraft:custom":{"minecraft:jump":393,"minecraft:leave_game":1,"minecraft:time_since_rest":254,"minecraft:deaths":3,"minecraft:damage_dealt":306,"minecraft:crouch_one_cm":142,"minecraft:damage_taken":461,"minecraft:sprint_one_cm":43043,"minecraft:play_time":7039,"minecraft:walk_on_water_one_cm":370,"minecraft:time_since_death":207,"minecraft:walk_one_cm":10125,"minecraft:sneak_time":31,"minecraft:total_world_time":7039,"minecraft:walk_under_water_one_cm":794,"minecraft:swim_one_cm":1006,"minecraft:fall_one_cm":14171,"minecraft:fly_one_cm":64623,"minecraft:player_kills":2},"minecraft:mined":{"minecraft:short_grass":1,"minecraft:oak_leaves":1},"minecraft:killed_by":{"minecraft:player":2}},"DataVersion":3955}