{"stats":{"minecraft:killed":{"minecraft:pig":1,"minecraft:bat":2,"minecraft:sheep":8,"minecraft:chicken":3,"zombie_extreme:infected_dog":3,"minecraft:cow":3},"minecraft:custom":{"minecraft:interact_with_furnace":12,"minecraft:mob_kills":21,"minecraft:interact_with_crafting_table":18,"minecraft:play_one_minute":67547,"minecraft:time_since_death":596,"minecraft:climb_one_cm":332,"minecraft:time_since_rest":1,"minecraft:sprint_one_cm":232734,"minecraft:damage_taken":1998,"minecraft:walk_one_cm":93344,"minecraft:drop":12,"minecraft:damage_dealt":1992,"minecraft:swim_one_cm":4986,"minecraft:fly_one_cm":294040,"minecraft:open_chest":9,"minecraft:crouch_one_cm":4481,"tombstone:undead_killed":3,"minecraft:deaths":11,"minecraft:sneak_time":2179,"minecraft:walk_under_water_one_cm":949,"minecraft:jump":1603,"minecraft:walk_on_water_one_cm":9858,"minecraft:fall_one_cm":33547},"minecraft:used":{"minecraft:stone_sword":7,"minecraft:stone_pickaxe":111,"minecraft:oak_planks":13,"minecraft:wooden_pickaxe":17,"butchersdelight:hook":2,"minecraft:iron_sword":67,"minecraft:white_wool":2,"minecraft:torch":4,"minecraft:dirt":3,"minecraft:crafting_table":5,"butchersdelight:cleaver":2,"butchersdelight:cookedsheepshank":2,"minecraft:stone_axe":22,"minecraft:cobblestone":40,"minecraft:oak_sapling":1,"minecraft:furnace":1,"minecraft:birch_log":1,"tombstone:gift":2,"minecraft:egg":1},"minecraft:killed_by":{"minecraft:skeleton":4,"minecraft:spider":1,"zombie_extreme:rat_king":2,"zombie_extreme:infected_hazmat":1,"zombie_extreme:infected_spec_ops_soldier":2},"minecraft:crafted":{"butchersdelight:cookedsheepshank":8,"minecraft:oak_planks":48,"butchersdelight:hook":2,"minecraft:iron_nugget":18,"minecraft:crafting_table":4,"minecraft:wooden_pickaxe":2,"minecraft:iron_sword":1,"minecraft:furnace":1,"butchersdelight:cleaver":1,"firstaid:plaster":1,"minecraft:stone_axe":2,"minecraft:air":0,"minecraft:iron_chestplate":1,"tombstone:grave_key":1,"minecraft:stick":20,"minecraft:iron_ingot":21,"minecraft:iron_pickaxe":1,"minecraft:stone_pickaxe":2,"firstaid:bandage":1,"minecraft:stone_sword":1,"minecraft:iron_leggings":1,"minecraft:torch":4},"minecraft:mined":{"minecraft:crafting_table":1,"minecraft:grass_block":2,"minecraft:glass":3,"minecraft:tall_grass":19,"minecraft:cobblestone":18,"minecraft:spruce_leaves":2,"minecraft:sugar_cane":8,"minecraft:oak_planks":4,"minecraft:iron_ore":26,"minecraft:birch_leaves":1,"zombie_extreme:boardedup_boards":1,"minecraft:black_concrete":1,"minecraft:grass":26,"minecraft:bookshelf":4,"minecraft:oak_log":13,"minecraft:coal_ore":33,"minecraft:sand":3,"minecraft:dirt":2,"minecraft:stripped_oak_log":2,"minecraft:cobweb":6,"butchersdelight:piperbush":1,"minecraft:stone":50,"minecraft:white_wool":5,"minecraft:oak_leaves":6},"minecraft:picked_up":{"minecraft:stripped_oak_log":2,"minecraft:birch_log":1,"minecraft:crafting_table":1,"minecraft:brown_wool":1,"butchersdelight:deadpig":1,"minecraft:oak_log":12,"minecraft:string":6,"minecraft:dirt":4,"minecraft:bone":6,"butchersdelight:deadchickenblock":3,"butchersdelight:dead_cow":3,"minecraft:wheat_seeds":6,"butchersdelight:sheepshank":12,"minecraft:beef":1,"minecraft:iron_ingot":3,"minecraft:iron_ore":26,"minecraft:iron_nugget":6,"minecraft:sugar_cane":14,"minecraft:oak_planks":4,"butchersdelight:sheeprack":6,"minecraft:egg":4,"minecraft:book":12,"butchersdelight:piper":3,"butchersdelight:skullcow":1,"butchersdelight:cow_hide":1,"minecraft:sand":3,"tombstone:grave_dust":2,"butchersdelight:sheeploin":6,"butchersdelight:sheephide":3,"minecraft:arrow":1,"butchersdelight:deadsheep":10,"minecraft:rotten_flesh":8,"minecraft:black_concrete":1,"minecraft:oak_sapling":2,"minecraft:mutton":3,"minecraft:coal":38,"minecraft:white_wool":17,"minecraft:cobblestone":73},"minecraft:dropped":{"minecraft:iron_nugget":6,"minecraft:rotten_flesh":8,"tombstone:grave_key":1,"minecraft:oak_sapling":1,"tombstone:grave_dust":2,"minecraft:wooden_pickaxe":1}},"DataVersion":2586}