{"stats":{"minecraft:killed_by":{"minecraft:warden":8,"minecraft:player":7,"minecraft:skeleton":2,"minecraft:zombie":1},"minecraft:mined":{"minecraft:blue_carpet":1,"minecraft:stone_pressure_plate":1,"minecraft:sculk_vein":1,"minecraft:powder_snow":39,"minecraft:crafting_table":5,"cobblemon:apricorn_leaves":1,"minecraft:grass_block":7,"minecraft:chest":1,"minecraft:sculk_sensor":2,"minecraft:deepslate_bricks":4,"cobblemon:chesto_berry":5,"minecraft:cobblestone":4,"cobblemon:energy_root":1,"minecraft:spruce_leaves":2,"minecraft:cracked_deepslate_bricks":1,"cobblemon:oran_berry":3,"minecraft:sculk":2,"minecraft:gray_wool":1,"minecraft:furnace":4,"minecraft:cobbled_deepslate":3,"cobblemon:red_mint":3,"minecraft:birch_log":12,"minecraft:iron_ore":29,"minecraft:birch_leaves":8,"cobblemon:persim_berry":5,"minecraft:sculk_shrieker":2,"minecraft:grass":31,"minecraft:coal_ore":27,"cobblemon:thunder_stone_ore":1,"minecraft:dirt":11,"minecraft:packed_ice":2,"minecraft:stone":66,"minecraft:deepslate":6,"minecraft:white_wool":1,"cobblemon:water_stone_ore":1},"minecraft:crafted":{"minecraft:cooked_beef":1,"minecraft:cooked_porkchop":1,"minecraft:crafting_table":1,"minecraft:spruce_planks":4,"minecraft:cooked_chicken":4,"minecraft:iron_helmet":1,"minecraft:furnace":1,"minecraft:birch_planks":56,"minecraft:stone_axe":1,"minecraft:air":0,"minecraft:iron_chestplate":1,"minecraft:iron_boots":1,"minecraft:shield":1,"minecraft:iron_axe":1,"minecraft:stick":12,"minecraft:iron_pickaxe":1,"minecraft:iron_ingot":31,"minecraft:stone_pickaxe":1,"minecraft:stone_sword":1,"minecraft:iron_leggings":1},"minecraft:used":{"minecraft:stone_sword":40,"minecraft:birch_planks":42,"minecraft:stone_pickaxe":127,"minecraft:shield":29,"minecraft:wooden_pickaxe":29,"minecraft:deepslate_bricks":4,"minecraft:cooked_chicken":4,"minecraft:white_wool":1,"minecraft:torch":8,"minecraft:dirt":63,"minecraft:crafting_table":5,"minecraft:tuff":2,"minecraft:snowball":38,"minecraft:iron_axe":83,"minecraft:bread":47,"minecraft:iron_pickaxe":18,"minecraft:stone_axe":5,"minecraft:cobblestone":55,"minecraft:furnace":3,"minecraft:cooked_porkchop":1,"minecraft:gray_wool":1,"minecraft:egg":1,"minecraft:cooked_beef":1,"minecraft:cobbled_deepslate":5},"minecraft:picked_up":{"minecraft:birch_log":14,"minecraft:crafting_table":5,"minecraft:feather":2,"minecraft:chicken":4,"minecraft:glow_ink_sac":2,"cobblemon:red_apricorn":4,"minecraft:wooden_pickaxe":1,"minecraft:tuff":4,"minecraft:gunpowder":2,"minecraft:dirt":63,"minecraft:string":3,"cobblemon:white_apricorn":2,"minecraft:bone":28,"minecraft:bow":1,"minecraft:wheat_seeds":1,"cobblemon:black_apricorn":3,"minecraft:cobbled_deepslate":9,"minecraft:iron_ingot":1,"cobblemon:white_apricorn_seed":1,"minecraft:spruce_planks":4,"minecraft:beef":1,"cobblemon:oran_berry":3,"cobblemon:relic_coin":1,"cobblemon:thunder_stone":1,"minecraft:birch_sapling":2,"minecraft:furnace":4,"cobblemon:red_mint_leaf":7,"minecraft:egg":1,"minecraft:book":10,"minecraft:stick":2,"minecraft:raw_iron":29,"cobblemon:black_apricorn_seed":1,"minecraft:porkchop":1,"cobblemon:persim_berry":3,"minecraft:spruce_sapling":1,"cobblemon:pink_apricorn":1,"minecraft:spruce_log":1,"cobblemon:red_mint_seeds":4,"cobblemon:healing_machine":1,"minecraft:arrow":10,"minecraft:rotten_flesh":17,"cobblemon:poke_ball":12,"minecraft:deepslate_bricks":4,"minecraft:gray_wool":1,"minecraft:dark_oak_fence":1,"minecraft:bread":23,"cobblemon:chesto_berry":14,"cobblemon:water_stone":1,"cobblemon:energy_root":1,"minecraft:coal":79,"minecraft:snowball":72,"minecraft:white_wool":1,"minecraft:cobblestone":85},"minecraft:custom":{"minecraft:interact_with_furnace":33,"minecraft:mob_kills":25,"minecraft:interact_with_crafting_table":16,"minecraft:leave_game":4,"minecraft:time_since_death":6261,"minecraft:sleep_in_bed":2,"minecraft:climb_one_cm":1738,"minecraft:time_since_rest":6296,"minecraft:sprint_one_cm":421643,"minecraft:damage_taken":8682,"minecraft:walk_one_cm":157018,"minecraft:damage_blocked_by_shield":2105,"minecraft:drop":24,"minecraft:damage_dealt":7497,"minecraft:swim_one_cm":29220,"minecraft:fly_one_cm":516270,"minecraft:player_kills":7,"minecraft:open_chest":10,"minecraft:crouch_one_cm":89767,"minecraft:play_time":156403,"minecraft:deaths":20,"minecraft:sneak_time":23870,"minecraft:walk_under_water_one_cm":12871,"minecraft:jump":3563,"minecraft:walk_on_water_one_cm":6567,"minecraft:total_world_time":156403,"minecraft:fall_one_cm":150026},"minecraft:killed":{"minecraft:pig":1,"cobblemon:pokemon":2,"minecraft:salmon":1,"minecraft:spider":2,"minecraft:skeleton":7,"minecraft:zombie":8,"minecraft:chicken":3,"minecraft:cow":1},"minecraft:dropped":{"minecraft:enchanted_book":1,"minecraft:stone_axe":1,"minecraft:wheat_seeds":1,"minecraft:cobbled_deepslate":3,"minecraft:tuff":2,"minecraft:birch_sapling":2,"minecraft:feather":2,"minecraft:cobblestone":14,"minecraft:rotten_flesh":17,"cobblemon:black_apricorn_seed":1,"minecraft:gunpowder":2,"minecraft:dark_oak_fence":1,"cobblemon:pink_apricorn_seed":1,"cobblemon:energy_root":1,"minecraft:snowball":16,"minecraft:potion":1,"minecraft:wooden_pickaxe":1,"minecraft:string":3,"minecraft:spruce_sapling":1}},"DataVersion":3465}