{"stats":{"minecraft:killed":{"minecraft:pig":1,"minecraft:bat":2,"minecraft:sheep":8,"minecraft:chicken":3,"minecraft:llama":1,"zombie_extreme:infected_dog":3,"minecraft:cow":3},"minecraft:custom":{"minecraft:interact_with_furnace":12,"minecraft:mob_kills":22,"minecraft:interact_with_crafting_table":22,"minecraft:play_one_minute":79547,"minecraft:time_since_death":12596,"minecraft:sleep_in_bed":1,"minecraft:climb_one_cm":332,"minecraft:damage_resisted":2,"minecraft:time_since_rest":2710,"minecraft:sprint_one_cm":281845,"minecraft:damage_taken":2016,"minecraft:walk_one_cm":107741,"minecraft:drop":25,"minecraft:damage_dealt":2262,"minecraft:swim_one_cm":7317,"minecraft:fly_one_cm":377505,"minecraft:open_chest":16,"minecraft:crouch_one_cm":4580,"tombstone:undead_killed":3,"minecraft:deaths":11,"minecraft:sneak_time":2220,"minecraft:walk_under_water_one_cm":1310,"minecraft:jump":1943,"minecraft:walk_on_water_one_cm":11368,"minecraft:fall_one_cm":41708},"minecraft:used":{"zombie_extreme:butcher_knife":5,"minecraft:stone_sword":7,"minecraft:glass_bottle":6,"minecraft:stone_pickaxe":112,"minecraft:oak_planks":13,"minecraft:wooden_pickaxe":17,"butchersdelight:hook":2,"minecraft:iron_sword":79,"zombie_extreme:vodka":1,"minecraft:white_wool":2,"butchersdelight:skullcow":1,"minecraft:torch":4,"minecraft:dirt":3,"minecraft:crafting_table":6,"minecraft:white_bed":1,"butchersdelight:cleaver":2,"butchersdelight:cookedsheepshank":3,"minecraft:stone_axe":25,"minecraft:cobblestone":40,"minecraft:potion":6,"minecraft:oak_sapling":1,"minecraft:furnace":1,"minecraft:birch_log":1,"tombstone:gift":2,"minecraft:egg":1},"minecraft:killed_by":{"minecraft:skeleton":4,"minecraft:spider":1,"zombie_extreme:rat_king":2,"zombie_extreme:infected_hazmat":1,"zombie_extreme:infected_spec_ops_soldier":2},"minecraft:crafted":{"butchersdelight:cookedsheepshank":8,"minecraft:oak_planks":50,"butchersdelight:hook":2,"minecraft:iron_nugget":18,"minecraft:crafting_table":5,"minecraft:wooden_pickaxe":2,"minecraft:iron_sword":1,"minecraft:furnace":1,"butchersdelight:cleaver":1,"firstaid:plaster":1,"minecraft:stone_axe":2,"minecraft:air":0,"minecraft:iron_chestplate":1,"tombstone:grave_key":1,"minecraft:stick":20,"minecraft:white_bed":1,"minecraft:iron_ingot":21,"minecraft:iron_pickaxe":1,"minecraft:stone_pickaxe":2,"firstaid:bandage":1,"minecraft:stone_sword":1,"minecraft:iron_leggings":1,"minecraft:torch":4},"minecraft:mined":{"minecraft:white_bed":1,"minecraft:crafting_table":2,"minecraft:grass_block":2,"minecraft:glass":5,"minecraft:tall_grass":21,"minecraft:cobblestone":18,"minecraft:spruce_leaves":2,"minecraft:sugar_cane":15,"minecraft:oak_planks":4,"minecraft:iron_ore":26,"minecraft:birch_leaves":1,"zombie_extreme:boardedup_boards":1,"minecraft:black_concrete":1,"minecraft:grass":30,"minecraft:bookshelf":4,"minecraft:oak_log":13,"minecraft:coal_ore":33,"minecraft:sand":3,"minecraft:dirt":2,"minecraft:stripped_oak_log":2,"minecraft:cobweb":10,"butchersdelight:piperbush":1,"minecraft:stone":50,"minecraft:white_wool":5,"minecraft:oak_leaves":7},"minecraft:picked_up":{"minecraft:stripped_oak_log":2,"minecraft:birch_log":1,"minecraft:crafting_table":2,"minecraft:leather":1,"minecraft:brown_wool":1,"butchersdelight:deadpig":1,"minecraft:oak_log":12,"butchersdelight:legcow":4,"minecraft:string":10,"minecraft:dirt":4,"minecraft:bone":6,"butchersdelight:deadchickenblock":3,"butchersdelight:dead_cow":3,"minecraft:wheat_seeds":6,"butchersdelight:sheepshank":16,"minecraft:beef":2,"minecraft:iron_ingot":3,"minecraft:iron_ore":26,"butchersdelight:beefribs":2,"minecraft:iron_nugget":6,"zombie_extreme:cloth":1,"minecraft:sugar_cane":27,"minecraft:oak_planks":4,"butchersdelight:sheeprack":6,"minecraft:egg":4,"minecraft:book":12,"butchersdelight:piper":3,"butchersdelight:skullcow":1,"butchersdelight:beeftenderloin":2,"butchersdelight:cow_hide":1,"minecraft:sand":3,"minecraft:white_bed":1,"tombstone:grave_dust":2,"butchersdelight:sheeploin":6,"butchersdelight:sheephide":3,"minecraft:arrow":1,"butchersdelight:deadsheep":10,"minecraft:rotten_flesh":8,"minecraft:black_concrete":1,"minecraft:oak_sapling":2,"minecraft:mutton":6,"minecraft:coal":38,"minecraft:white_wool":17,"minecraft:cobblestone":73},"minecraft:dropped":{"butchersdelight:beeftenderloin":2,"minecraft:iron_nugget":6,"butchersdelight:legcow":4,"butchersdelight:sheepshank":8,"minecraft:rotten_flesh":8,"butchersdelight:sheeprack":6,"zombie_extreme:cloth":2,"minecraft:stick":1,"tombstone:grave_key":1,"minecraft:mutton":6,"minecraft:brown_wool":1,"minecraft:oak_sapling":1,"tombstone:grave_dust":2,"minecraft:beef":2,"minecraft:wooden_pickaxe":1}},"DataVersion":2586}