{"stats":{"minecraft:killed_by":{"minecraft:player":2},"minecraft:custom":{"minecraft:time_since_rest":13156,"minecraft:crouch_one_cm":866,"minecraft:play_time":19051,"minecraft:sprint_one_cm":21135,"minecraft:walk_one_cm":14538,"minecraft:damage_taken":729,"minecraft:deaths":3,"minecraft:sneak_time":232,"minecraft:jump":333,"minecraft:damage_dealt":700,"minecraft:leave_game":1,"minecraft:time_since_death":13129,"minecraft:total_world_time":19051,"minecraft:player_kills":3,"minecraft:fall_one_cm":13187,"minecraft:fly_one_cm":28278},"minecraft:mined":{"minecraft:grass_block":1,"minecraft:powder_snow":2},"minecraft:picked_up":{"minecraft:wooden_pickaxe":1,"minecraft:spruce_planks":4,"minecraft:spruce_sapling":1,"minecraft:dirt":1},"minecraft:used":{"minecraft:dirt":1,"minecraft:bread":2,"minecraft:wooden_pickaxe":2}},"DataVersion":3465}