{"stats":{"minecraft:broken":{"minecraft:stone_sword":1,"minecraft:iron_boots":1,"minecraft:iron_chestplate":1,"minecraft:iron_leggings":1,"minecraft:shield":1,"minecraft:iron_axe":1,"minecraft:iron_helmet":1},"minecraft:custom":{"minecraft:mob_kills":62,"minecraft:interact_with_crafting_table":29,"minecraft:leave_game":8,"minecraft:time_since_death":5175,"minecraft:climb_one_cm":10403,"minecraft:sprint_one_cm":801820,"minecraft:walk_one_cm":432492,"minecraft:damage_blocked_by_shield":3485,"minecraft:drop":65,"minecraft:play_time":317569,"minecraft:deaths":37,"minecraft:sneak_time":28044,"minecraft:walk_under_water_one_cm":33223,"minecraft:boat_one_cm":115663,"minecraft:jump":7262,"minecraft:walk_on_water_one_cm":18261,"minecraft:total_world_time":317569,"minecraft:interact_with_furnace":66,"minecraft:sleep_in_bed":3,"minecraft:waystone_activated":1,"minecraft:time_since_rest":5213,"minecraft:damage_taken":14275,"minecraft:damage_dealt":15119,"minecraft:swim_one_cm":72338,"minecraft:fly_one_cm":1008128,"minecraft:player_kills":15,"minecraft:open_chest":18,"minecraft:crouch_one_cm":103238,"minecraft:fall_one_cm":280104},"minecraft:dropped":{"minecraft:enchanted_book":2,"minecraft:iron_ingot":3,"minecraft:brown_mushroom":1,"minecraft:wheat_seeds":3,"minecraft:diamond_leggings":1,"cobblemon:thunder_stone":1,"minecraft:feather":6,"minecraft:cobblestone":31,"cobblemon:water_stone":1,"minecraft:coal":9,"minecraft:mushroom_stew":8,"minecraft:dirt":12,"minecraft:dark_oak_fence":1,"cobblemon:poke_ball":24,"minecraft:snowball":16,"minecraft:potion":1,"minecraft:bone_meal":1,"minecraft:iron_axe":1,"minecraft:string":3,"minecraft:spruce_sapling":1,"minecraft:stone_axe":1,"minecraft:cooked_chicken":2,"minecraft:cobbled_deepslate":3,"minecraft:tuff":2,"minecraft:birch_sapling":2,"minecraft:raw_iron":2,"minecraft:chicken":2,"minecraft:rotten_flesh":22,"cobblemon:black_apricorn_seed":1,"minecraft:shield":1,"minecraft:gunpowder":2,"cobblemon:pink_apricorn_seed":1,"cobblemon:energy_root":1,"minecraft:ladder":6,"minecraft:arrow":1,"minecraft:wooden_pickaxe":1,"minecraft:egg":1},"minecraft:killed_by":{"minecraft:player":13,"minecraft:spider":1,"minecraft:warden":8,"minecraft:skeleton":5,"minecraft:zombie":3},"minecraft:used":{"minecraft:stone_sword":116,"minecraft:chest":1,"minecraft:shield":53,"minecraft:iron_sword":20,"minecraft:cooked_salmon":1,"minecraft:cooked_chicken":7,"minecraft:torch":15,"minecraft:dirt":65,"minecraft:tuff":2,"minecraft:snowball":38,"minecraft:dark_oak_planks":26,"minecraft:iron_axe":312,"minecraft:furnace":11,"minecraft:egg":2,"minecraft:cooked_beef":1,"minecraft:cobbled_deepslate":5,"minecraft:cooked_mutton":2,"minecraft:birch_planks":42,"minecraft:stone_pickaxe":127,"minecraft:oak_planks":2,"minecraft:wooden_pickaxe":29,"minecraft:deepslate_bricks":4,"minecraft:white_wool":1,"minecraft:crafting_table":10,"minecraft:mushroom_stew":4,"cobblemon:white_apricorn_seed":1,"minecraft:oak_log":3,"minecraft:bread":55,"minecraft:iron_pickaxe":170,"minecraft:stone_axe":5,"minecraft:cobblestone":76,"cobblemon:red_apricorn_seed":1,"minecraft:porkchop":1,"minecraft:cooked_porkchop":7,"minecraft:oak_boat":1,"minecraft:gray_wool":1},"minecraft:crafted":{"minecraft:oak_planks":8,"minecraft:cooked_chicken":7,"minecraft:furnace":2,"minecraft:mushroom_stew":8,"minecraft:cooked_mutton":2,"minecraft:iron_boots":1,"minecraft:iron_axe":2,"minecraft:ladder":6,"minecraft:stone_pickaxe":1,"minecraft:chest":1,"minecraft:dark_oak_planks":64,"minecraft:cooked_beef":1,"minecraft:cooked_porkchop":6,"minecraft:crafting_table":2,"minecraft:spruce_planks":4,"minecraft:iron_helmet":1,"minecraft:iron_sword":1,"minecraft:bowl":8,"minecraft:cooked_salmon":1,"minecraft:birch_planks":56,"minecraft:stone_axe":1,"minecraft:air":0,"minecraft:iron_chestplate":1,"minecraft:shield":3,"minecraft:stick":12,"minecraft:iron_ingot":41,"minecraft:iron_pickaxe":1,"minecraft:stone_sword":1,"minecraft:iron_leggings":1},"minecraft:picked_up":{"minecraft:crafting_table":8,"minecraft:chicken":13,"minecraft:brown_mushroom":12,"cobblemon:red_apricorn":4,"minecraft:wooden_pickaxe":1,"minecraft:string":7,"minecraft:iron_axe":1,"cobblemon:white_apricorn":2,"minecraft:cobbled_deepslate":9,"cobblemon:white_apricorn_seed":1,"minecraft:spruce_planks":4,"minecraft:beef":1,"minecraft:oak_boat":1,"cobblemon:oran_berry":4,"cobblemon:relic_coin":1,"minecraft:sugar_cane":4,"minecraft:birch_sapling":2,"minecraft:furnace":9,"cobblemon:red_mint_leaf":7,"minecraft:egg":3,"minecraft:stick":22,"minecraft:raw_iron":52,"minecraft:porkchop":13,"minecraft:diorite":2,"minecraft:dark_oak_planks":1,"minecraft:arrow":12,"minecraft:rotten_flesh":22,"minecraft:deepslate_bricks":4,"minecraft:mutton":2,"minecraft:cod":2,"minecraft:snowball":72,"minecraft:white_wool":3,"minecraft:cobblestone":153,"minecraft:birch_log":14,"minecraft:air":0,"minecraft:feather":11,"minecraft:glow_ink_sac":2,"minecraft:salmon":1,"minecraft:red_mushroom":11,"minecraft:mushroom_stew":4,"minecraft:tuff":4,"minecraft:oak_log":7,"minecraft:gunpowder":2,"minecraft:dirt":77,"minecraft:bone":35,"minecraft:wheat_seeds":3,"minecraft:bow":1,"cobblemon:black_apricorn":3,"minecraft:cooked_chicken":2,"minecraft:iron_ingot":1,"cobblemon:thunder_stone":1,"minecraft:moss_block":3,"minecraft:oak_planks":4,"minecraft:book":10,"minecraft:cooked_porkchop":1,"cobblemon:black_apricorn_seed":1,"cobblemon:persim_berry":3,"minecraft:spruce_sapling":1,"cobblemon:pink_apricorn":1,"minecraft:spruce_log":1,"minecraft:dark_oak_log":16,"cobblemon:healing_machine":1,"cobblemon:red_mint_seeds":4,"cobblemon:poke_ball":50,"minecraft:bone_meal":1,"minecraft:gray_wool":1,"minecraft:bread":23,"cobblemon:water_stone":1,"cobblemon:chesto_berry":14,"minecraft:dark_oak_fence":1,"cobblemon:energy_root":1,"minecraft:coal":111},"minecraft:killed":{"minecraft:spider":3,"minecraft:cod":3,"minecraft:skeleton":13,"minecraft:chicken":7,"minecraft:drowned":2,"minecraft:pig":5,"cobblemon:pokemon":9,"minecraft:zombie_villager":1,"minecraft:salmon":2,"minecraft:sheep":2,"minecraft:zombie":13,"minecraft:cow":2},"minecraft:mined":{"minecraft:dark_oak_planks":1,"minecraft:blue_carpet":1,"minecraft:stone_pressure_plate":1,"minecraft:dark_oak_leaves":1,"minecraft:sculk_vein":1,"minecraft:dark_oak_log":16,"minecraft:glow_lichen":1,"minecraft:grass_block":15,"minecraft:brown_mushroom_block":45,"cobblemon:chesto_berry":5,"minecraft:deepslate_bricks":4,"minecraft:spruce_leaves":19,"minecraft:moss_block":2,"minecraft:large_fern":5,"minecraft:tall_seagrass":2,"minecraft:furnace":12,"minecraft:iron_ore":52,"minecraft:cobbled_deepslate":3,"minecraft:sculk_shrieker":2,"minecraft:packed_ice":2,"minecraft:stone":134,"minecraft:white_wool":1,"cobblemon:water_stone_ore":1,"minecraft:powder_snow":78,"minecraft:torch":2,"minecraft:crafting_table":8,"cobblemon:apricorn_leaves":1,"minecraft:chest":1,"minecraft:sculk_sensor":2,"minecraft:mushroom_stem":17,"cobblemon:energy_root":1,"minecraft:cobblestone":9,"minecraft:oak_planks":4,"minecraft:sugar_cane":2,"minecraft:cracked_deepslate_bricks":1,"cobblemon:oran_berry":3,"minecraft:sculk":2,"minecraft:diorite":4,"minecraft:gray_wool":1,"cobblemon:red_mint":3,"minecraft:birch_log":12,"minecraft:ice":2,"minecraft:birch_leaves":12,"cobblemon:persim_berry":5,"minecraft:grass":65,"minecraft:oak_log":7,"minecraft:coal_ore":50,"cobblemon:thunder_stone_ore":1,"minecraft:dirt":18,"minecraft:red_mushroom_block":46,"minecraft:oak_leaves":5,"minecraft:deepslate":6}},"DataVersion":3465}