{"stats":{"minecraft:killed":{"minecraft:sheep":1},"minecraft:custom":{"minecraft:time_since_rest":76,"minecraft:sprint_one_cm":27253,"minecraft:damage_taken":160,"minecraft:walk_one_cm":9322,"minecraft:mob_kills":1,"minecraft:damage_dealt":87,"minecraft:interact_with_crafting_table":3,"minecraft:fly_one_cm":53072,"minecraft:open_chest":1,"minecraft:crouch_one_cm":1535,"minecraft:play_one_minute":7547,"minecraft:deaths":2,"minecraft:sneak_time":679,"minecraft:jump":212,"minecraft:walk_on_water_one_cm":627,"minecraft:time_since_death":553,"minecraft:climb_one_cm":300,"minecraft:fall_one_cm":4763},"minecraft:used":{"minecraft:stone_pickaxe":10,"minecraft:wooden_pickaxe":6,"minecraft:crafting_table":1,"minecraft:birch_log":1,"tombstone:gift":1},"minecraft:killed_by":{"zombie_extreme:infected_hazmat":1,"minecraft:skeleton":1},"minecraft:crafted":{"minecraft:oak_planks":24,"minecraft:crafting_table":1,"minecraft:stick":4,"minecraft:wooden_pickaxe":1,"minecraft:stone_pickaxe":1},"minecraft:mined":{"minecraft:birch_leaves":1,"minecraft:black_concrete":1,"minecraft:crafting_table":1,"minecraft:grass":13,"minecraft:oak_log":6,"minecraft:tall_grass":15,"minecraft:cobblestone":15,"minecraft:sugar_cane":2,"minecraft:oak_leaves":1},"minecraft:picked_up":{"minecraft:birch_log":1,"minecraft:crafting_table":1,"minecraft:oak_log":5,"butchersdelight:deadsheep":1,"minecraft:black_concrete":1,"minecraft:wheat_seeds":4,"minecraft:sugar_cane":5,"minecraft:white_wool":1,"minecraft:cobblestone":15}},"DataVersion":2586}