{"stats":{"minecraft:custom":{"minecraft:time_since_rest":22622,"minecraft:interact_with_furnace":27,"minecraft:sprint_one_cm":135560,"minecraft:damage_taken":2078,"minecraft:walk_one_cm":51694,"minecraft:damage_blocked_by_shield":60,"minecraft:mob_kills":4,"minecraft:drop":2,"minecraft:damage_dealt":1054,"minecraft:swim_one_cm":4859,"minecraft:interact_with_crafting_table":11,"minecraft:fly_one_cm":178547,"minecraft:player_kills":2,"minecraft:crouch_one_cm":4852,"minecraft:play_time":36368,"minecraft:deaths":7,"minecraft:sneak_time":2007,"minecraft:walk_under_water_one_cm":1732,"minecraft:jump":1155,"minecraft:leave_game":1,"minecraft:time_since_death":22416,"minecraft:walk_on_water_one_cm":4108,"minecraft:total_world_time":36368,"minecraft:fall_one_cm":45766},"minecraft:crafted":{"minecraft:cooked_beef":4,"minecraft:oak_planks":20,"minecraft:iron_chestplate":1,"minecraft:iron_boots":1,"minecraft:shield":1,"minecraft:iron_axe":1,"minecraft:crafting_table":1,"minecraft:stick":12,"minecraft:iron_pickaxe":1,"minecraft:iron_ingot":27,"minecraft:stone_pickaxe":1,"minecraft:iron_leggings":1,"minecraft:furnace":1,"minecraft:torch":24,"minecraft:air":0},"minecraft:mined":{"minecraft:furnace":2,"minecraft:iron_ore":31,"minecraft:andesite":1,"minecraft:crafting_table":2,"minecraft:short_grass":24,"minecraft:oak_log":4,"minecraft:coal_ore":43,"minecraft:gravel":9,"minecraft:cobblestone":5,"minecraft:stone":46,"minecraft:sugar_cane":3,"minecraft:oak_leaves":4},"minecraft:picked_up":{"minecraft:raw_iron":31,"minecraft:crafting_table":2,"minecraft:andesite":1,"minecraft:leather":5,"minecraft:wooden_pickaxe":1,"minecraft:gravel":8,"minecraft:flint":1,"minecraft:oak_log":8,"minecraft:arrow":1,"minecraft:bow":1,"minecraft:iron_ingot":2,"minecraft:beef":12,"minecraft:stone_pickaxe":1,"minecraft:oak_sapling":2,"minecraft:sugar_cane":8,"minecraft:birch_sapling":4,"minecraft:coal":85,"minecraft:cobblestone":51,"minecraft:furnace":2},"minecraft:dropped":{"minecraft:beef":6,"minecraft:stone_pickaxe":1},"minecraft:killed_by":{"minecraft:player":4},"minecraft:killed":{"minecraft:skeleton":1,"minecraft:cow":3},"minecraft:used":{"minecraft:iron_axe":5,"minecraft:stone_pickaxe":117,"minecraft:birch_sapling":4,"minecraft:iron_pickaxe":1,"minecraft:shield":1,"minecraft:wooden_pickaxe":13,"minecraft:iron_boots":1,"minecraft:gravel":8,"minecraft:iron_chestplate":1,"minecraft:torch":7,"minecraft:cobblestone":29,"minecraft:crafting_table":2,"minecraft:furnace":2,"minecraft:oak_sapling":2,"minecraft:cooked_beef":5,"minecraft:iron_leggings":1}},"DataVersion":3955}