{"stats":{"minecraft:killed":{"minecraft:pig":1,"minecraft:sheep":2},"minecraft:custom":{"minecraft:interact_with_furnace":1,"minecraft:mob_kills":4,"minecraft:interact_with_crafting_table":9,"minecraft:play_one_minute":31547,"minecraft:time_since_death":5214,"minecraft:climb_one_cm":332,"minecraft:time_since_rest":4399,"minecraft:sprint_one_cm":103590,"minecraft:damage_taken":1029,"minecraft:walk_one_cm":39357,"minecraft:drop":3,"minecraft:damage_dealt":407,"minecraft:swim_one_cm":1012,"minecraft:fly_one_cm":170068,"minecraft:open_chest":6,"minecraft:crouch_one_cm":3389,"minecraft:deaths":6,"minecraft:sneak_time":1608,"minecraft:walk_under_water_one_cm":177,"minecraft:jump":777,"minecraft:walk_on_water_one_cm":2574,"minecraft:fall_one_cm":19515},"minecraft:used":{"minecraft:stone_sword":7,"minecraft:stone_pickaxe":87,"minecraft:oak_planks":13,"minecraft:wooden_pickaxe":17,"minecraft:dirt":3,"minecraft:crafting_table":3,"minecraft:stone_axe":17,"minecraft:cobblestone":7,"minecraft:oak_sapling":1,"minecraft:furnace":1,"minecraft:birch_log":1,"tombstone:gift":1,"minecraft:egg":1},"minecraft:killed_by":{"minecraft:skeleton":2,"minecraft:spider":1,"zombie_extreme:infected_hazmat":1,"zombie_extreme:infected_spec_ops_soldier":1},"minecraft:crafted":{"minecraft:oak_planks":40,"minecraft:crafting_table":2,"minecraft:wooden_pickaxe":2,"minecraft:furnace":1,"minecraft:stone_axe":1,"tombstone:grave_key":1,"minecraft:stick":12,"minecraft:stone_pickaxe":2,"minecraft:stone_sword":1},"minecraft:mined":{"minecraft:crafting_table":1,"minecraft:grass_block":2,"minecraft:tall_grass":19,"minecraft:cobblestone":17,"minecraft:sugar_cane":2,"minecraft:oak_planks":4,"minecraft:iron_ore":26,"minecraft:birch_leaves":1,"minecraft:black_concrete":1,"minecraft:grass":25,"minecraft:bookshelf":4,"minecraft:oak_log":10,"minecraft:coal_ore":33,"minecraft:sand":3,"minecraft:dirt":2,"minecraft:stripped_oak_log":2,"butchersdelight:piperbush":1,"minecraft:stone":27,"minecraft:white_wool":3,"minecraft:oak_leaves":6},"minecraft:picked_up":{"minecraft:stripped_oak_log":2,"minecraft:birch_log":1,"minecraft:crafting_table":1,"butchersdelight:deadpig":1,"minecraft:oak_log":9,"minecraft:dirt":4,"minecraft:bone":4,"minecraft:wheat_seeds":6,"minecraft:iron_ore":26,"minecraft:sugar_cane":5,"minecraft:oak_planks":4,"minecraft:egg":1,"minecraft:book":12,"butchersdelight:piper":3,"minecraft:sand":3,"tombstone:grave_dust":1,"minecraft:arrow":1,"butchersdelight:deadsheep":4,"minecraft:rotten_flesh":2,"minecraft:black_concrete":1,"minecraft:oak_sapling":2,"minecraft:coal":31,"minecraft:white_wool":5,"minecraft:cobblestone":44},"minecraft:dropped":{"minecraft:rotten_flesh":1,"tombstone:grave_key":1,"minecraft:oak_sapling":1}},"DataVersion":2586}