{"stats":{"minecraft:mined":{"minecraft:powder_snow":26,"minecraft:crafting_table":3,"cobblemon:apricorn_leaves":1,"minecraft:grass_block":7,"cobblemon:chesto_berry":5,"minecraft:cobblestone":4,"cobblemon:energy_root":1,"minecraft:spruce_leaves":2,"cobblemon:oran_berry":3,"minecraft:furnace":2,"cobblemon:red_mint":3,"minecraft:birch_log":12,"minecraft:iron_ore":29,"minecraft:birch_leaves":8,"cobblemon:persim_berry":5,"minecraft:grass":29,"minecraft:coal_ore":27,"cobblemon:thunder_stone_ore":1,"minecraft:dirt":11,"minecraft:packed_ice":2,"minecraft:stone":66,"minecraft:deepslate":3,"minecraft:white_wool":1,"cobblemon:water_stone_ore":1},"minecraft:killed_by":{"minecraft:player":6,"minecraft:skeleton":2,"minecraft:zombie":1},"minecraft:crafted":{"minecraft:cooked_beef":1,"minecraft:crafting_table":1,"minecraft:spruce_planks":4,"minecraft:cooked_chicken":4,"minecraft:iron_helmet":1,"minecraft:furnace":1,"minecraft:birch_planks":56,"minecraft:stone_axe":1,"minecraft:air":0,"minecraft:iron_chestplate":1,"minecraft:iron_boots":1,"minecraft:shield":1,"minecraft:iron_axe":1,"minecraft:stick":8,"minecraft:iron_ingot":29,"minecraft:stone_pickaxe":1,"minecraft:stone_sword":1,"minecraft:iron_leggings":1},"minecraft:used":{"minecraft:stone_sword":32,"minecraft:birch_planks":23,"minecraft:stone_pickaxe":125,"minecraft:shield":26,"minecraft:wooden_pickaxe":29,"minecraft:cooked_chicken":4,"minecraft:white_wool":1,"minecraft:torch":7,"minecraft:dirt":63,"minecraft:crafting_table":3,"minecraft:snowball":38,"minecraft:iron_axe":51,"minecraft:bread":32,"minecraft:stone_axe":5,"minecraft:cobblestone":55,"minecraft:furnace":2,"minecraft:egg":1,"minecraft:cooked_beef":1,"minecraft:cobbled_deepslate":1},"minecraft:picked_up":{"minecraft:birch_log":14,"minecraft:crafting_table":3,"minecraft:feather":2,"minecraft:chicken":4,"cobblemon:red_apricorn":4,"minecraft:wooden_pickaxe":1,"minecraft:gunpowder":2,"minecraft:dirt":63,"minecraft:string":3,"cobblemon:white_apricorn":2,"minecraft:bone":6,"minecraft:bow":1,"minecraft:wheat_seeds":1,"cobblemon:black_apricorn":3,"minecraft:cobbled_deepslate":3,"cobblemon:white_apricorn_seed":1,"minecraft:spruce_planks":4,"minecraft:beef":1,"cobblemon:oran_berry":3,"cobblemon:relic_coin":1,"cobblemon:thunder_stone":1,"minecraft:birch_sapling":2,"minecraft:furnace":2,"cobblemon:red_mint_leaf":7,"minecraft:egg":1,"minecraft:stick":2,"minecraft:raw_iron":29,"cobblemon:black_apricorn_seed":1,"minecraft:porkchop":1,"cobblemon:persim_berry":3,"minecraft:spruce_sapling":1,"cobblemon:pink_apricorn":1,"minecraft:spruce_log":1,"cobblemon:red_mint_seeds":4,"cobblemon:healing_machine":1,"minecraft:arrow":9,"minecraft:rotten_flesh":15,"cobblemon:poke_ball":12,"cobblemon:chesto_berry":14,"cobblemon:water_stone":1,"cobblemon:energy_root":1,"minecraft:coal":48,"minecraft:snowball":72,"minecraft:white_wool":1,"minecraft:cobblestone":85},"minecraft:custom":{"minecraft:interact_with_furnace":26,"minecraft:mob_kills":20,"minecraft:interact_with_crafting_table":15,"minecraft:leave_game":4,"minecraft:time_since_death":18846,"minecraft:sleep_in_bed":2,"minecraft:climb_one_cm":1722,"minecraft:time_since_rest":18875,"minecraft:sprint_one_cm":326660,"minecraft:damage_taken":4362,"minecraft:walk_one_cm":120435,"minecraft:damage_blocked_by_shield":1700,"minecraft:drop":14,"minecraft:damage_dealt":4704,"minecraft:swim_one_cm":27630,"minecraft:fly_one_cm":395250,"minecraft:player_kills":6,"minecraft:open_chest":1,"minecraft:crouch_one_cm":12063,"minecraft:play_time":114403,"minecraft:deaths":11,"minecraft:sneak_time":5664,"minecraft:walk_under_water_one_cm":9878,"minecraft:jump":2641,"minecraft:walk_on_water_one_cm":4911,"minecraft:total_world_time":114403,"minecraft:fall_one_cm":107050},"minecraft:killed":{"minecraft:pig":1,"cobblemon:pokemon":2,"minecraft:salmon":1,"minecraft:spider":2,"minecraft:skeleton":6,"minecraft:zombie":4,"minecraft:chicken":3,"minecraft:cow":1},"minecraft:dropped":{"minecraft:stone_axe":1,"minecraft:wheat_seeds":1,"minecraft:birch_sapling":2,"minecraft:feather":2,"minecraft:cobblestone":14,"minecraft:rotten_flesh":13,"minecraft:gunpowder":2,"cobblemon:energy_root":1,"minecraft:snowball":16,"minecraft:wooden_pickaxe":1,"minecraft:string":3,"minecraft:spruce_sapling":1}},"DataVersion":3465}