{"stats":{"minecraft:killed":{"minecraft:pig":1,"minecraft:sheep":5},"minecraft:custom":{"minecraft:interact_with_furnace":10,"minecraft:mob_kills":7,"minecraft:interact_with_crafting_table":14,"minecraft:play_one_minute":43547,"minecraft:time_since_death":5905,"minecraft:climb_one_cm":332,"minecraft:time_since_rest":5225,"minecraft:sprint_one_cm":131351,"minecraft:damage_taken":1430,"minecraft:walk_one_cm":56017,"minecraft:drop":8,"minecraft:damage_dealt":798,"minecraft:swim_one_cm":1012,"minecraft:fly_one_cm":184437,"minecraft:open_chest":6,"minecraft:crouch_one_cm":3523,"minecraft:deaths":8,"minecraft:sneak_time":1719,"minecraft:walk_under_water_one_cm":177,"minecraft:jump":938,"minecraft:walk_on_water_one_cm":2574,"minecraft:fall_one_cm":23136},"minecraft:used":{"minecraft:stone_sword":7,"minecraft:stone_pickaxe":110,"minecraft:oak_planks":13,"minecraft:wooden_pickaxe":17,"butchersdelight:hook":1,"minecraft:iron_sword":12,"minecraft:white_wool":2,"minecraft:torch":4,"minecraft:dirt":3,"minecraft:crafting_table":3,"butchersdelight:cleaver":1,"minecraft:stone_axe":17,"minecraft:cobblestone":27,"minecraft:oak_sapling":1,"minecraft:furnace":1,"minecraft:birch_log":1,"tombstone:gift":2,"minecraft:egg":1},"minecraft:killed_by":{"minecraft:skeleton":3,"minecraft:spider":1,"zombie_extreme:infected_hazmat":1,"zombie_extreme:infected_spec_ops_soldier":2},"minecraft:crafted":{"minecraft:oak_planks":40,"butchersdelight:hook":1,"minecraft:iron_nugget":9,"minecraft:crafting_table":2,"minecraft:wooden_pickaxe":2,"minecraft:iron_sword":1,"minecraft:furnace":1,"butchersdelight:cleaver":1,"minecraft:stone_axe":2,"minecraft:air":0,"minecraft:iron_chestplate":1,"tombstone:grave_key":1,"minecraft:stick":20,"minecraft:iron_ingot":21,"minecraft:stone_pickaxe":2,"minecraft:stone_sword":1,"minecraft:iron_leggings":1,"minecraft:torch":4},"minecraft:mined":{"minecraft:crafting_table":1,"minecraft:grass_block":2,"minecraft:tall_grass":19,"minecraft:cobblestone":17,"minecraft:sugar_cane":2,"minecraft:oak_planks":4,"minecraft:iron_ore":26,"minecraft:birch_leaves":1,"minecraft:black_concrete":1,"minecraft:grass":25,"minecraft:bookshelf":4,"minecraft:oak_log":10,"minecraft:coal_ore":33,"minecraft:sand":3,"minecraft:dirt":2,"minecraft:stripped_oak_log":2,"butchersdelight:piperbush":1,"minecraft:stone":50,"minecraft:white_wool":3,"minecraft:oak_leaves":6},"minecraft:picked_up":{"minecraft:stripped_oak_log":2,"minecraft:birch_log":1,"minecraft:crafting_table":1,"butchersdelight:deadpig":1,"minecraft:oak_log":9,"minecraft:dirt":4,"minecraft:bone":4,"minecraft:wheat_seeds":6,"butchersdelight:sheepshank":8,"minecraft:iron_ingot":3,"minecraft:iron_ore":26,"minecraft:iron_nugget":3,"minecraft:sugar_cane":5,"minecraft:oak_planks":4,"butchersdelight:sheeprack":4,"minecraft:egg":1,"minecraft:book":12,"butchersdelight:piper":3,"minecraft:sand":3,"tombstone:grave_dust":1,"butchersdelight:sheeploin":4,"butchersdelight:sheephide":2,"minecraft:arrow":1,"butchersdelight:deadsheep":7,"minecraft:rotten_flesh":4,"minecraft:black_concrete":1,"minecraft:oak_sapling":2,"minecraft:mutton":2,"minecraft:coal":38,"minecraft:white_wool":11,"minecraft:cobblestone":68},"minecraft:dropped":{"minecraft:iron_nugget":6,"minecraft:rotten_flesh":4,"tombstone:grave_key":1,"minecraft:oak_sapling":1,"tombstone:grave_dust":1}},"DataVersion":2586}