{"stats":{"minecraft:killed_by":{"minecraft:skeleton":2,"minecraft:zombie":1},"minecraft:mined":{"cobblemon:healing_machine":4,"minecraft:powder_snow":55,"minecraft:crafting_table":3,"minecraft:grass_block":2,"minecraft:cobblestone":2,"minecraft:spruce_leaves":1,"minecraft:iron_ore":2,"minecraft:spruce_log":6,"minecraft:andesite":31,"minecraft:grass":1,"minecraft:coal_ore":22,"minecraft:oak_log":5,"minecraft:dirt":5,"minecraft:stone":99,"minecraft:oak_leaves":1},"minecraft:crafted":{"minecraft:wooden_sword":1,"minecraft:crafting_table":1,"minecraft:spruce_planks":24,"minecraft:wooden_pickaxe":1,"minecraft:stone_axe":1,"minecraft:stick":24,"minecraft:stone_pickaxe":2,"minecraft:stone_sword":1,"minecraft:torch":48},"minecraft:used":{"minecraft:stone_sword":83,"minecraft:stone_pickaxe":141,"minecraft:wooden_pickaxe":24,"minecraft:white_wool":1,"minecraft:torch":21,"minecraft:dirt":6,"minecraft:mutton":1,"minecraft:crafting_table":3,"cobblemon:healing_machine":4,"minecraft:chicken":4,"minecraft:bread":24,"minecraft:stone_axe":8,"minecraft:wooden_sword":8,"minecraft:cobblestone":4,"minecraft:andesite":28,"minecraft:egg":2},"minecraft:picked_up":{"minecraft:crafting_table":3,"minecraft:air":0,"minecraft:feather":6,"minecraft:chicken":10,"minecraft:andesite":31,"minecraft:leather":2,"cobblemon:pinap_berry":1,"minecraft:flint":2,"minecraft:oak_log":5,"minecraft:dirt":7,"minecraft:bone":2,"minecraft:apple":1,"minecraft:rabbit_hide":1,"minecraft:beef":4,"minecraft:rabbit":2,"cobblemon:chople_berry":1,"minecraft:egg":2,"minecraft:stick":1,"minecraft:raw_iron":2,"cobblemon:babiri_berry":1,"cobblemon:black_belt":1,"minecraft:spruce_log":6,"cobblemon:healing_machine":5,"minecraft:arrow":2,"minecraft:rotten_flesh":1,"cobblemon:poke_ball":8,"minecraft:mutton":4,"minecraft:coal":22,"minecraft:white_wool":3,"minecraft:cobblestone":99},"minecraft:custom":{"minecraft:mob_kills":13,"minecraft:interact_with_crafting_table":4,"minecraft:leave_game":2,"minecraft:time_since_death":25802,"minecraft:sleep_in_bed":1,"minecraft:time_since_rest":7664,"minecraft:sprint_one_cm":135036,"minecraft:damage_taken":1815,"minecraft:walk_one_cm":112367,"minecraft:damage_dealt":2257,"minecraft:swim_one_cm":13339,"minecraft:fly_one_cm":271807,"minecraft:crouch_one_cm":1536,"minecraft:play_time":92321,"minecraft:deaths":3,"minecraft:sneak_time":691,"minecraft:walk_under_water_one_cm":6951,"minecraft:jump":1574,"minecraft:walk_on_water_one_cm":7602,"minecraft:total_world_time":92321,"minecraft:fall_one_cm":61004},"minecraft:killed":{"cobblemon:pokemon":3,"minecraft:sheep":1,"minecraft:zombie":5,"minecraft:drowned":1,"minecraft:cow":2},"minecraft:broken":{"minecraft:stone_pickaxe":1}},"DataVersion":3465}