{"stats":{"minecraft:custom":{"minecraft:interact_with_furnace":3,"minecraft:mob_kills":14,"minecraft:interact_with_crafting_table":8,"minecraft:leave_game":4,"minecraft:time_since_death":1047,"minecraft:sleep_in_bed":2,"minecraft:time_since_rest":892,"minecraft:waystone_activated":1,"minecraft:sprint_one_cm":182747,"minecraft:damage_taken":2730,"minecraft:walk_one_cm":130917,"minecraft:drop":18,"minecraft:damage_dealt":2466,"minecraft:swim_one_cm":27929,"minecraft:fly_one_cm":395291,"minecraft:crouch_one_cm":2986,"minecraft:play_time":115910,"minecraft:deaths":5,"minecraft:sneak_time":1086,"minecraft:walk_under_water_one_cm":10554,"minecraft:boat_one_cm":203333,"minecraft:jump":2192,"minecraft:walk_on_water_one_cm":11694,"minecraft:total_world_time":115910,"minecraft:fall_one_cm":94476},"minecraft:broken":{"minecraft:stone_pickaxe":1},"minecraft:dropped":{"cobblemon:black_belt":1,"minecraft:chicken":7,"minecraft:feather":6,"minecraft:rotten_flesh":1,"minecraft:leather":2,"minecraft:stick":3,"minecraft:rabbit_hide":1,"minecraft:dirt":1,"cobblemon:babiri_berry":1,"minecraft:rabbit":2,"minecraft:wooden_sword":2,"minecraft:wooden_pickaxe":2,"minecraft:arrow":2,"minecraft:stone_pickaxe":2,"minecraft:bone":2},"minecraft:killed_by":{"minecraft:skeleton":2,"minecraft:zombie":1},"minecraft:used":{"minecraft:stone_sword":87,"minecraft:stone_pickaxe":156,"minecraft:spruce_planks":3,"minecraft:wooden_pickaxe":24,"minecraft:white_wool":3,"minecraft:torch":27,"minecraft:dirt":6,"minecraft:mutton":1,"minecraft:crafting_table":6,"cobblemon:healing_machine":7,"minecraft:apple":1,"minecraft:chicken":4,"minecraft:bread":32,"minecraft:iron_pickaxe":2,"minecraft:gravel":2,"minecraft:stone_axe":11,"minecraft:wooden_sword":8,"minecraft:cobblestone":4,"minecraft:beef":4,"minecraft:furnace":1,"minecraft:andesite":31,"minecraft:oak_boat":2,"minecraft:egg":2},"minecraft:crafted":{"minecraft:wooden_sword":1,"minecraft:oak_planks":20,"minecraft:crafting_table":1,"minecraft:spruce_planks":24,"minecraft:wooden_pickaxe":1,"minecraft:furnace":1,"minecraft:stone_axe":1,"minecraft:air":0,"minecraft:oak_boat":1,"minecraft:stick":36,"minecraft:iron_ingot":3,"minecraft:iron_pickaxe":1,"minecraft:stone_pickaxe":2,"minecraft:stone_sword":1,"minecraft:torch":48},"minecraft:picked_up":{"minecraft:crafting_table":6,"minecraft:air":0,"minecraft:feather":6,"minecraft:chicken":11,"minecraft:andesite":31,"minecraft:leather":2,"cobblemon:pinap_berry":1,"minecraft:wooden_pickaxe":1,"minecraft:flint":2,"minecraft:oak_log":5,"minecraft:dirt":7,"minecraft:wooden_sword":1,"minecraft:bone":2,"minecraft:apple":1,"minecraft:rabbit_hide":1,"minecraft:iron_ingot":1,"minecraft:beef":4,"minecraft:stone_pickaxe":1,"minecraft:oak_boat":2,"minecraft:rabbit":2,"cobblemon:chople_berry":1,"minecraft:furnace":1,"minecraft:egg":2,"minecraft:stick":1,"minecraft:raw_iron":10,"cobblemon:babiri_berry":2,"cobblemon:black_belt":1,"minecraft:gravel":2,"minecraft:spruce_log":6,"cobblemon:healing_machine":7,"minecraft:arrow":2,"minecraft:rotten_flesh":1,"cobblemon:poke_ball":8,"cobblemon:water_stone":1,"minecraft:mutton":4,"minecraft:coal":39,"minecraft:white_wool":3,"minecraft:cobblestone":100},"minecraft:killed":{"cobblemon:pokemon":3,"minecraft:sheep":1,"minecraft:zombie":5,"minecraft:drowned":2,"minecraft:cow":2},"minecraft:mined":{"cobblemon:healing_machine":6,"minecraft:powder_snow":55,"minecraft:crafting_table":6,"minecraft:grass_block":2,"minecraft:cobblestone":2,"minecraft:spruce_leaves":1,"minecraft:furnace":1,"minecraft:iron_ore":7,"minecraft:spruce_log":6,"minecraft:andesite":31,"minecraft:birch_leaves":4,"minecraft:grass":1,"minecraft:oak_log":5,"minecraft:coal_ore":26,"minecraft:gravel":2,"minecraft:dirt":5,"minecraft:stone":100,"minecraft:oak_leaves":1,"cobblemon:water_stone_ore":1}},"DataVersion":3465}