{"stats":{"minecraft:killed_by":{"minecraft:skeleton":1,"minecraft:zombie":1},"minecraft:custom":{"minecraft:time_since_rest":67,"minecraft:sprint_one_cm":76749,"minecraft:damage_taken":1290,"minecraft:walk_one_cm":74825,"minecraft:mob_kills":11,"minecraft:damage_dealt":2007,"minecraft:swim_one_cm":13339,"minecraft:interact_with_crafting_table":3,"minecraft:fly_one_cm":152112,"minecraft:crouch_one_cm":1160,"minecraft:play_time":51077,"minecraft:deaths":2,"minecraft:sneak_time":591,"minecraft:walk_under_water_one_cm":6763,"minecraft:jump":941,"minecraft:leave_game":1,"minecraft:time_since_death":40,"minecraft:walk_on_water_one_cm":7412,"minecraft:total_world_time":51077,"minecraft:fall_one_cm":36804},"minecraft:mined":{"cobblemon:healing_machine":3,"minecraft:spruce_log":6,"minecraft:andesite":31,"minecraft:powder_snow":34,"minecraft:crafting_table":1,"minecraft:grass":1,"minecraft:grass_block":2,"minecraft:coal_ore":22,"minecraft:dirt":4,"minecraft:stone":82,"minecraft:oak_leaves":1},"minecraft:killed":{"minecraft:sheep":1,"minecraft:zombie":5,"cobblemon:pokemon":3,"minecraft:drowned":1},"minecraft:picked_up":{"minecraft:crafting_table":1,"minecraft:air":0,"minecraft:feather":1,"minecraft:chicken":4,"minecraft:andesite":31,"cobblemon:black_belt":1,"minecraft:flint":1,"minecraft:spruce_log":6,"minecraft:dirt":6,"cobblemon:healing_machine":4,"minecraft:rotten_flesh":1,"cobblemon:poke_ball":7,"minecraft:rabbit":1,"minecraft:mutton":1,"cobblemon:chople_berry":1,"minecraft:coal":22,"minecraft:white_wool":1,"minecraft:cobblestone":80,"minecraft:egg":2},"minecraft:used":{"minecraft:stone_sword":58,"minecraft:chicken":4,"minecraft:bread":17,"minecraft:stone_pickaxe":117,"minecraft:wooden_pickaxe":24,"minecraft:stone_axe":1,"minecraft:white_wool":1,"minecraft:torch":12,"minecraft:wooden_sword":8,"minecraft:cobblestone":1,"minecraft:dirt":4,"minecraft:mutton":1,"minecraft:crafting_table":1,"minecraft:egg":2,"cobblemon:healing_machine":3},"minecraft:crafted":{"minecraft:wooden_sword":1,"minecraft:crafting_table":1,"minecraft:spruce_planks":24,"minecraft:stick":20,"minecraft:wooden_pickaxe":1,"minecraft:stone_pickaxe":1,"minecraft:stone_sword":1,"minecraft:torch":48,"minecraft:stone_axe":1}},"DataVersion":3465}