{"stats":{"minecraft:broken":{"minecraft:stone_sword":1,"minecraft:stone_pickaxe":1},"minecraft:custom":{"minecraft:mob_kills":23,"minecraft:interact_with_crafting_table":13,"minecraft:leave_game":4,"minecraft:time_since_death":3812,"minecraft:sprint_one_cm":409467,"minecraft:walk_one_cm":263820,"minecraft:drop":37,"minecraft:play_time":204324,"minecraft:deaths":17,"minecraft:sneak_time":2028,"minecraft:walk_under_water_one_cm":12241,"minecraft:boat_one_cm":327533,"minecraft:jump":4483,"minecraft:walk_on_water_one_cm":14113,"minecraft:total_world_time":204324,"minecraft:interact_with_furnace":22,"minecraft:sleep_in_bed":2,"minecraft:time_since_rest":3841,"minecraft:waystone_activated":1,"minecraft:damage_taken":6313,"minecraft:damage_dealt":5059,"minecraft:swim_one_cm":44746,"minecraft:fly_one_cm":792329,"minecraft:player_kills":2,"minecraft:crouch_one_cm":5422,"minecraft:fall_one_cm":204207},"minecraft:dropped":{"minecraft:iron_ingot":1,"cobblemon:pinap_berry":1,"minecraft:iron_sword":1,"minecraft:wheat_seeds":2,"cobblemon:red_apricorn_seed":2,"minecraft:feather":8,"minecraft:leather":2,"minecraft:stick":3,"minecraft:flint":2,"minecraft:dirt":1,"cobblemon:white_apricorn":1,"minecraft:rabbit":2,"minecraft:wooden_sword":2,"minecraft:string":1,"minecraft:bone":2,"cobblemon:black_belt":1,"minecraft:chicken":8,"minecraft:rotten_flesh":1,"minecraft:iron_hoe":1,"cobblemon:black_apricorn":2,"minecraft:rabbit_foot":1,"minecraft:rabbit_hide":2,"cobblemon:babiri_berry":2,"minecraft:arrow":2,"minecraft:stone_pickaxe":2,"minecraft:wooden_pickaxe":2,"minecraft:egg":1},"minecraft:killed_by":{"minecraft:player":2,"minecraft:skeleton":4,"minecraft:zombie":2},"minecraft:used":{"minecraft:stone_sword":101,"minecraft:spruce_planks":3,"minecraft:iron_sword":56,"minecraft:torch":38,"minecraft:dirt":9,"minecraft:mutton":5,"minecraft:beef":7,"minecraft:furnace":6,"minecraft:egg":2,"minecraft:cooked_mutton":3,"minecraft:rabbit":1,"minecraft:stone_pickaxe":156,"minecraft:wooden_pickaxe":24,"minecraft:white_wool":3,"minecraft:crafting_table":9,"cobblemon:healing_machine":13,"minecraft:apple":1,"minecraft:dark_oak_log":1,"minecraft:bread":32,"minecraft:chicken":5,"minecraft:iron_pickaxe":80,"minecraft:gravel":2,"minecraft:stone_axe":41,"minecraft:wooden_sword":8,"minecraft:cobblestone":103,"minecraft:andesite":31,"minecraft:oak_boat":6},"minecraft:crafted":{"minecraft:wooden_sword":1,"minecraft:oak_planks":20,"minecraft:furnace":1,"minecraft:cooked_mutton":3,"minecraft:stone_pickaxe":2,"minecraft:crafting_table":1,"minecraft:spruce_planks":24,"minecraft:wooden_pickaxe":1,"minecraft:iron_helmet":1,"minecraft:iron_sword":1,"minecraft:stone_axe":1,"minecraft:air":0,"minecraft:oak_boat":2,"minecraft:iron_chestplate":1,"minecraft:stick":36,"minecraft:iron_pickaxe":1,"minecraft:iron_ingot":24,"handcrafted:hammer":1,"minecraft:stone_sword":1,"minecraft:torch":48},"minecraft:picked_up":{"minecraft:crafting_table":9,"minecraft:chicken":13,"minecraft:wooden_pickaxe":1,"minecraft:string":1,"minecraft:wooden_sword":1,"cobblemon:white_apricorn":1,"minecraft:beef":7,"minecraft:oak_boat":5,"cobblemon:chople_berry":1,"minecraft:egg":3,"minecraft:furnace":6,"minecraft:stick":1,"minecraft:raw_iron":46,"cobblemon:babiri_berry":2,"cobblemon:pc":1,"minecraft:rabbit_foot":1,"minecraft:arrow":2,"minecraft:rotten_flesh":1,"cobblemon:everstone":1,"minecraft:mutton":8,"minecraft:white_wool":5,"minecraft:cobblestone":122,"minecraft:birch_log":5,"minecraft:air":0,"minecraft:feather":8,"minecraft:andesite":31,"minecraft:leather":4,"cobblemon:pinap_berry":1,"minecraft:flint":7,"minecraft:oak_log":5,"minecraft:dirt":13,"minecraft:stripped_birch_log":8,"minecraft:bone":2,"minecraft:apple":1,"cobblemon:black_apricorn":2,"minecraft:wheat_seeds":2,"minecraft:rabbit_hide":2,"minecraft:birch_wood":1,"minecraft:iron_ingot":1,"minecraft:stone_pickaxe":1,"minecraft:rabbit":3,"minecraft:iron_sword":1,"minecraft:oak_planks":4,"cobblemon:red_apricorn_seed":2,"cobblemon:black_belt":1,"minecraft:gravel":2,"minecraft:white_bed":1,"minecraft:spruce_log":6,"minecraft:dark_oak_log":1,"cobblemon:healing_machine":14,"minecraft:iron_hoe":1,"cobblemon:poke_ball":19,"minecraft:emerald":1,"cobblemon:water_stone":1,"minecraft:coal":54},"minecraft:killed":{"minecraft:spider":1,"minecraft:chicken":1,"minecraft:drowned":2,"cobblemon:pokemon":8,"minecraft:sheep":1,"minecraft:zombie":6,"minecraft:cow":3},"minecraft:mined":{"cobblemon:healing_machine":13,"minecraft:white_bed":1,"minecraft:dark_oak_leaves":3,"minecraft:stripped_birch_log":8,"minecraft:dark_oak_log":1,"cobblemon:pc":1,"minecraft:grass_block":3,"minecraft:spruce_leaves":1,"cobblemon:red_apricorn_sapling":1,"minecraft:furnace":3,"minecraft:iron_ore":42,"minecraft:andesite":31,"minecraft:stone":119,"cobblemon:water_stone_ore":1,"minecraft:dandelion":1,"minecraft:powder_snow":73,"minecraft:crafting_table":9,"minecraft:emerald_ore":1,"minecraft:cobblestone":5,"minecraft:birch_wood":1,"minecraft:birch_log":5,"minecraft:spruce_log":6,"minecraft:birch_leaves":5,"minecraft:grass":7,"minecraft:oak_log":5,"minecraft:coal_ore":32,"minecraft:dirt":10,"minecraft:gravel":2,"minecraft:oak_leaves":1}},"DataVersion":3465}