{"stats":{"minecraft:killed":{"minecraft:parrot":1,"minecraft:pig":6,"zombie_extreme:infected_hazmat":1,"zombie_extreme:infected_bear":1,"minecraft:creeper":1,"minecraft:sheep":6,"minecraft:drowned":1,"minecraft:cow":3},"minecraft:custom":{"minecraft:interact_with_furnace":16,"minecraft:mob_kills":21,"minecraft:interact_with_crafting_table":20,"minecraft:play_one_minute":80890,"minecraft:damage_dealt_resisted":12,"minecraft:leave_game":1,"minecraft:time_since_death":730,"minecraft:climb_one_cm":437,"minecraft:sleep_in_bed":1,"minecraft:time_since_rest":494,"minecraft:sprint_one_cm":272005,"minecraft:damage_taken":4737,"minecraft:walk_one_cm":128013,"minecraft:damage_blocked_by_shield":110,"minecraft:drop":56,"minecraft:damage_dealt":3362,"minecraft:damage_dealt_absorbed":47,"minecraft:swim_one_cm":11102,"minecraft:fly_one_cm":707924,"minecraft:open_chest":11,"minecraft:crouch_one_cm":322,"minecraft:sneak_time":356,"tombstone:undead_killed":3,"minecraft:deaths":23,"minecraft:walk_under_water_one_cm":4889,"minecraft:jump":2794,"minecraft:walk_on_water_one_cm":23645,"minecraft:fall_one_cm":50862},"minecraft:used":{"minecraft:diorite":1,"zombie_extreme:knife":42,"minecraft:stone_sword":53,"minecraft:glass_bottle":5,"minecraft:stone_pickaxe":106,"minecraft:wooden_pickaxe":52,"minecraft:ender_pearl":1,"minecraft:shield":3,"minecraft:sugar_cane":1,"zombie_extreme:chips":1,"zombie_extreme:wrench":31,"minecraft:dirt":6,"minecraft:crafting_table":5,"minecraft:white_bed":3,"zombie_extreme:jam":1,"zombie_extreme:bandage":1,"minecraft:bread":3,"minecraft:iron_pickaxe":5,"tombstone:grave_key":1,"minecraft:stone_axe":15,"minecraft:potion":3,"minecraft:cobblestone":29,"minecraft:furnace":2,"minecraft:smooth_stone_slab":1},"minecraft:killed_by":{"zombie_extreme:infected_dog":1,"zombie_extreme:night_hunter":1,"zombie_extreme:infectedperson":1,"zombie_extreme:militarysoldier":1,"minecraft:skeleton":10,"minecraft:creeper":2,"zombie_extreme:policezombie":1,"minecraft:zombie":1,"zombie_extreme:infected_hazmat":2,"zombie_extreme:infected_bear":1,"zombie_extreme:fast_zombie_v_2":1,"zombie_extreme:infected_spec_ops_soldier":1},"minecraft:crafted":{"minecraft:glass_bottle":3,"minecraft:oak_planks":92,"minecraft:crafting_table":3,"minecraft:iron_helmet":1,"minecraft:wooden_pickaxe":2,"minecraft:furnace":2,"minecraft:stone_axe":2,"minecraft:air":0,"minecraft:glass":4,"minecraft:iron_chestplate":2,"minecraft:shield":1,"tombstone:grave_key":1,"minecraft:stick":16,"minecraft:iron_pickaxe":1,"minecraft:iron_ingot":31,"minecraft:stone_pickaxe":2,"minecraft:stone_sword":1,"minecraft:white_bed":2},"minecraft:mined":{"minecraft:white_bed":3,"minecraft:dandelion":1,"minecraft:crafting_table":4,"minecraft:grass_block":2,"zombie_extreme:blackmetal":1,"minecraft:chest":2,"minecraft:tall_grass":4,"minecraft:glass":1,"minecraft:cobblestone":1,"minecraft:oak_planks":2,"minecraft:bricks":1,"minecraft:diorite":1,"minecraft:large_fern":1,"minecraft:hay_block":3,"minecraft:furnace":1,"minecraft:birch_log":1,"minecraft:iron_ore":46,"minecraft:smooth_stone_slab":1,"minecraft:grass":10,"minecraft:coal_ore":19,"minecraft:oak_log":23,"minecraft:sand":10,"butchersdelight:piperbush":1,"minecraft:stone":84,"minecraft:oak_leaves":4,"minecraft:fern":2},"minecraft:picked_up":{"minecraft:birch_log":1,"minecraft:crafting_table":4,"zombie_extreme:blackmetal":1,"minecraft:leather":2,"butchersdelight:deadpig":7,"minecraft:oak_log":23,"zombie_extreme:chemical_protection_suit_chestplate":1,"minecraft:brick":2,"minecraft:dirt":34,"tombstone:gift":1,"zombie_extreme:chips":1,"minecraft:smooth_stone_slab":1,"minecraft:bone":1,"minecraft:glass":1,"butchersdelight:dead_cow":4,"minecraft:wheat_seeds":3,"minecraft:iron_ore":46,"minecraft:stone_pickaxe":1,"minecraft:cobweb":4,"zombie_extreme:cloth":2,"minecraft:sugar_cane":2,"minecraft:chest":2,"minecraft:oak_planks":2,"minecraft:furnace":1,"minecraft:egg":5,"minecraft:dark_oak_door":1,"butchersdelight:piper":3,"minecraft:sand":16,"zombie_extreme:jamglass":1,"tombstone:grave_dust":2,"minecraft:diorite":1,"minecraft:white_bed":3,"zombie_extreme:photo_camera":1,"butchersdelight:deadsheep":6,"minecraft:rotten_flesh":5,"minecraft:hay_block":3,"minecraft:bricks":1,"minecraft:coal":27,"minecraft:white_wool":13,"minecraft:cobblestone":94},"minecraft:broken":{"zombie_extreme:chemical_protection_suit_chestplate":1},"minecraft:dropped":{"minecraft:dark_oak_door":1,"butchersdelight:dead_cow":4,"minecraft:sugar_cane":1,"zombie_extreme:jamglass":2,"minecraft:wheat_seeds":2,"minecraft:stone_sword":1,"zombie_extreme:photo_camera":1,"butchersdelight:deadsheep":5,"tombstone:gift":3,"minecraft:leather":2,"zombie_extreme:cloth":2,"minecraft:stick":1,"minecraft:cobweb":4,"minecraft:dirt":1,"tombstone:grave_key":5,"butchersdelight:piper":3,"minecraft:potion":2,"tombstone:grave_dust":2,"minecraft:sand":6,"minecraft:glass":2,"minecraft:stone_pickaxe":1,"zombie_extreme:cannedbeans":1,"butchersdelight:deadpig":6,"minecraft:brick":2,"minecraft:egg":3}},"DataVersion":2586}