{"stats":{"minecraft:killed_by":{"minecraft:skeleton":2,"minecraft:zombie":1},"minecraft:mined":{"cobblemon:healing_machine":4,"minecraft:iron_ore":2,"minecraft:spruce_log":6,"minecraft:andesite":31,"minecraft:powder_snow":51,"minecraft:crafting_table":3,"minecraft:grass":1,"minecraft:oak_log":5,"minecraft:grass_block":2,"minecraft:coal_ore":22,"minecraft:dirt":5,"minecraft:cobblestone":2,"minecraft:stone":99,"minecraft:oak_leaves":1},"minecraft:crafted":{"minecraft:wooden_sword":1,"minecraft:crafting_table":1,"minecraft:spruce_planks":24,"minecraft:stick":24,"minecraft:wooden_pickaxe":1,"minecraft:stone_pickaxe":2,"minecraft:stone_sword":1,"minecraft:torch":48,"minecraft:stone_axe":1},"minecraft:used":{"minecraft:stone_sword":76,"minecraft:bread":21,"minecraft:chicken":4,"minecraft:stone_pickaxe":139,"minecraft:wooden_pickaxe":24,"minecraft:stone_axe":8,"minecraft:wooden_sword":8,"minecraft:white_wool":1,"minecraft:torch":21,"minecraft:cobblestone":4,"minecraft:dirt":6,"minecraft:mutton":1,"minecraft:crafting_table":3,"minecraft:egg":2,"cobblemon:healing_machine":4},"minecraft:picked_up":{"minecraft:stick":1,"minecraft:crafting_table":3,"minecraft:raw_iron":2,"minecraft:air":0,"minecraft:feather":1,"minecraft:chicken":4,"minecraft:andesite":31,"minecraft:leather":2,"cobblemon:pinap_berry":1,"cobblemon:black_belt":1,"minecraft:flint":1,"minecraft:oak_log":5,"minecraft:spruce_log":6,"minecraft:dirt":7,"cobblemon:healing_machine":5,"minecraft:rotten_flesh":1,"minecraft:apple":1,"cobblemon:poke_ball":8,"minecraft:rabbit_hide":1,"minecraft:beef":4,"minecraft:rabbit":2,"cobblemon:chople_berry":1,"minecraft:mutton":1,"minecraft:coal":22,"minecraft:white_wool":1,"minecraft:cobblestone":99,"minecraft:egg":2},"minecraft:custom":{"minecraft:time_since_rest":3368,"minecraft:sprint_one_cm":112096,"minecraft:damage_taken":1715,"minecraft:walk_one_cm":90942,"minecraft:mob_kills":13,"minecraft:damage_dealt":2207,"minecraft:swim_one_cm":13339,"minecraft:interact_with_crafting_table":4,"minecraft:fly_one_cm":214143,"minecraft:crouch_one_cm":1451,"minecraft:play_time":69733,"minecraft:deaths":3,"minecraft:sneak_time":657,"minecraft:walk_under_water_one_cm":6951,"minecraft:jump":1255,"minecraft:leave_game":1,"minecraft:walk_on_water_one_cm":7602,"minecraft:time_since_death":3214,"minecraft:total_world_time":69733,"minecraft:fall_one_cm":50726},"minecraft:killed":{"minecraft:sheep":1,"minecraft:zombie":5,"cobblemon:pokemon":3,"minecraft:drowned":1,"minecraft:cow":2},"minecraft:broken":{"minecraft:stone_pickaxe":1}},"DataVersion":3465}