{"stats":{"minecraft:broken":{"minecraft:stone_sword":1,"minecraft:stone_pickaxe":1},"minecraft:custom":{"minecraft:mob_kills":31,"minecraft:interact_with_crafting_table":18,"minecraft:leave_game":7,"minecraft:time_since_death":2383,"minecraft:climb_one_cm":340,"minecraft:sprint_one_cm":540296,"minecraft:walk_one_cm":356305,"minecraft:drop":47,"minecraft:talked_to_villager":6,"minecraft:play_time":251695,"minecraft:deaths":33,"minecraft:sneak_time":2614,"minecraft:walk_under_water_one_cm":22993,"minecraft:boat_one_cm":327533,"minecraft:jump":5625,"minecraft:walk_on_water_one_cm":26064,"minecraft:total_world_time":251695,"minecraft:interact_with_furnace":44,"minecraft:traded_with_villager":8,"minecraft:sleep_in_bed":3,"minecraft:time_since_rest":2412,"minecraft:waystone_activated":1,"minecraft:damage_taken":12671,"minecraft:damage_dealt":6191,"minecraft:fly_one_cm":1032171,"minecraft:swim_one_cm":56749,"minecraft:player_kills":2,"minecraft:open_chest":9,"minecraft:crouch_one_cm":7740,"minecraft:fall_one_cm":280657},"minecraft:dropped":{"minecraft:iron_ingot":1,"cobblemon:pinap_berry":1,"minecraft:iron_sword":1,"minecraft:wheat_seeds":2,"cobblemon:red_apricorn_seed":2,"minecraft:feather":8,"minecraft:cobblestone":1,"minecraft:leather":4,"minecraft:stick":3,"minecraft:flint":2,"minecraft:dirt":5,"cobblemon:white_apricorn":1,"minecraft:rabbit":2,"minecraft:wooden_sword":2,"minecraft:string":3,"minecraft:white_wool":2,"minecraft:bone":2,"cobblemon:black_belt":1,"minecraft:iron_nugget":3,"minecraft:cobbled_deepslate":8,"minecraft:chicken":8,"minecraft:rotten_flesh":6,"minecraft:birch_wood":1,"minecraft:iron_hoe":1,"cobblemon:black_apricorn":2,"minecraft:rabbit_foot":1,"minecraft:rabbit_hide":2,"cobblemon:babiri_berry":2,"minecraft:arrow":2,"handcrafted:hammer":1,"minecraft:wooden_pickaxe":2,"minecraft:stone_pickaxe":2,"minecraft:egg":1},"minecraft:killed_by":{"minecraft:player":2,"minecraft:creeper":5,"minecraft:piglin":1,"minecraft:hoglin":2,"minecraft:skeleton":5,"minecraft:zombie":3},"minecraft:used":{"minecraft:stone_sword":101,"minecraft:flint_and_steel":1,"minecraft:spruce_planks":3,"minecraft:chest":2,"minecraft:iron_sword":86,"minecraft:netherrack":13,"minecraft:torch":97,"minecraft:dirt":9,"minecraft:mutton":5,"minecraft:iron_axe":1,"cobblemon:pc":2,"minecraft:beef":7,"minecraft:furnace":9,"minecraft:egg":2,"minecraft:cooked_mutton":5,"minecraft:rabbit":1,"minecraft:birch_planks":23,"minecraft:stone_pickaxe":156,"minecraft:wooden_pickaxe":24,"minecraft:white_wool":3,"minecraft:crafting_table":10,"minecraft:white_bed":1,"cobblemon:healing_machine":17,"minecraft:apple":1,"minecraft:dark_oak_log":1,"minecraft:bread":32,"minecraft:chicken":6,"minecraft:iron_pickaxe":115,"minecraft:cyan_concrete":1,"minecraft:gravel":2,"minecraft:stone_axe":44,"minecraft:wooden_sword":8,"minecraft:cobblestone":105,"minecraft:porkchop":2,"minecraft:andesite":31,"minecraft:oak_boat":6},"minecraft:crafted":{"minecraft:wooden_sword":1,"minecraft:oak_planks":20,"minecraft:iron_nugget":72,"minecraft:furnace":1,"minecraft:cooked_mutton":3,"minecraft:flint_and_steel":1,"minecraft:iron_boots":1,"minecraft:iron_axe":1,"minecraft:stone_pickaxe":2,"minecraft:chest":2,"minecraft:crafting_table":1,"minecraft:spruce_planks":24,"minecraft:iron_helmet":1,"minecraft:wooden_pickaxe":1,"minecraft:iron_sword":1,"minecraft:birch_planks":52,"minecraft:stone_axe":1,"minecraft:air":0,"minecraft:oak_boat":2,"minecraft:iron_chestplate":1,"minecraft:stick":44,"minecraft:iron_pickaxe":1,"minecraft:iron_ingot":43,"minecraft:stone_sword":1,"handcrafted:hammer":1,"minecraft:iron_leggings":1,"minecraft:torch":96,"cobblemon:great_ball":8},"minecraft:picked_up":{"minecraft:crafting_table":10,"minecraft:chicken":14,"minecraft:wooden_pickaxe":1,"minecraft:string":3,"minecraft:wooden_sword":1,"cobblemon:white_apricorn":1,"minecraft:cobbled_deepslate":8,"minecraft:beef":7,"minecraft:oak_boat":5,"cobblemon:big_root":1,"cobblemon:chople_berry":1,"minecraft:furnace":8,"minecraft:egg":3,"minecraft:stick":1,"minecraft:raw_iron":55,"cobblemon:babiri_berry":2,"cobblemon:pc":2,"minecraft:torch":1,"minecraft:porkchop":2,"minecraft:rabbit_foot":1,"minecraft:arrow":4,"minecraft:rotten_flesh":8,"cobblemon:everstone":1,"minecraft:mutton":8,"minecraft:white_wool":5,"minecraft:cobblestone":126,"minecraft:birch_log":5,"cobblemon:great_ball":5,"minecraft:air":0,"minecraft:feather":8,"minecraft:andesite":31,"minecraft:leather":4,"cobblemon:pinap_berry":1,"minecraft:birch_planks":1,"minecraft:flint":8,"minecraft:oak_log":5,"minecraft:nether_wart_block":1,"minecraft:gunpowder":1,"minecraft:dirt":14,"minecraft:stripped_birch_log":8,"minecraft:twisting_vines":1,"minecraft:cooked_mutton":2,"minecraft:bone":6,"minecraft:apple":1,"minecraft:wheat_seeds":2,"cobblemon:black_apricorn":2,"minecraft:rabbit_hide":2,"minecraft:birch_wood":1,"minecraft:iron_ingot":1,"minecraft:stone_pickaxe":1,"minecraft:rabbit":3,"minecraft:cyan_concrete":1,"minecraft:iron_sword":1,"minecraft:oak_planks":4,"cobblemon:red_apricorn_seed":2,"cobblemon:black_belt":1,"minecraft:gravel":2,"minecraft:white_bed":1,"minecraft:spruce_log":6,"minecraft:dark_oak_log":1,"minecraft:spider_eye":1,"cobblemon:healing_machine":17,"minecraft:iron_hoe":1,"minecraft:diamond":2,"cobblemon:poke_ball":19,"minecraft:emerald":1,"cobblemon:water_stone":1,"minecraft:netherrack":13,"minecraft:coal":61},"minecraft:killed":{"minecraft:spider":2,"minecraft:skeleton":1,"minecraft:chicken":1,"minecraft:drowned":2,"cobblemon:pokemon":11,"minecraft:sheep":1,"minecraft:zombie":7,"minecraft:cow":3},"minecraft:mined":{"cobblemon:healing_machine":16,"minecraft:white_bed":1,"minecraft:dark_oak_leaves":3,"minecraft:deepslate_diamond_ore":3,"minecraft:dark_oak_log":1,"minecraft:stripped_birch_log":8,"cobblemon:pc":2,"minecraft:grass_block":3,"minecraft:spruce_leaves":1,"cobblemon:red_apricorn_sapling":1,"minecraft:furnace":5,"minecraft:iron_ore":42,"minecraft:andesite":31,"minecraft:deepslate_iron_ore":1,"minecraft:stone":119,"cobblemon:water_stone_ore":1,"minecraft:crimson_nylium":4,"minecraft:dandelion":1,"minecraft:powder_snow":73,"minecraft:crafting_table":10,"minecraft:emerald_ore":1,"minecraft:cobblestone":8,"minecraft:birch_wood":1,"minecraft:birch_planks":1,"minecraft:nether_wart_block":1,"minecraft:birch_log":5,"minecraft:spruce_log":6,"minecraft:birch_leaves":5,"minecraft:grass":9,"minecraft:oak_log":5,"minecraft:coal_ore":32,"minecraft:gravel":2,"minecraft:dirt":11,"minecraft:netherrack":8,"minecraft:oak_leaves":1,"minecraft:deepslate":8}},"DataVersion":3465}