{"stats":{"minecraft:crafted":{"minecraft:oak_planks":148,"minecraft:cooked_porkchop":3,"minecraft:crafting_table":4,"minecraft:stick":36,"minecraft:wooden_pickaxe":3,"minecraft:stone_pickaxe":3,"minecraft:stone_sword":3,"minecraft:furnace":1,"minecraft:oak_button":1,"minecraft:stone_axe":3,"minecraft:air":0},"minecraft:custom":{"minecraft:time_since_rest":5054,"minecraft:interact_with_furnace":2,"minecraft:sprint_one_cm":100480,"minecraft:damage_taken":1859,"minecraft:walk_one_cm":63471,"minecraft:mob_kills":16,"minecraft:drop":2,"minecraft:damage_dealt":1831,"minecraft:swim_one_cm":4169,"minecraft:interact_with_crafting_table":7,"minecraft:fly_one_cm":145418,"minecraft:crouch_one_cm":1080,"minecraft:play_time":29075,"minecraft:deaths":4,"minecraft:sneak_time":395,"minecraft:walk_under_water_one_cm":597,"minecraft:jump":935,"minecraft:walk_on_water_one_cm":1641,"minecraft:time_since_death":4999,"minecraft:total_world_time":29075,"minecraft:fall_one_cm":24503},"minecraft:mined":{"minecraft:furnace":1,"minecraft:iron_ore":1,"minecraft:crafting_table":6,"minecraft:short_grass":5,"minecraft:oak_log":53,"minecraft:grass_block":5,"minecraft:coal_ore":25,"minecraft:dirt":4,"minecraft:stone":88,"minecraft:oak_leaves":13},"minecraft:picked_up":{"minecraft:birch_log":3,"minecraft:stick":2,"minecraft:raw_iron":1,"minecraft:crafting_table":6,"minecraft:feather":1,"minecraft:chicken":2,"minecraft:cooked_porkchop":3,"minecraft:brown_wool":1,"minecraft:leather":3,"minecraft:porkchop":10,"minecraft:oak_log":53,"minecraft:dirt":9,"minecraft:beef":9,"minecraft:stone_pickaxe":1,"minecraft:gray_wool":1,"minecraft:birch_sapling":1,"minecraft:oak_sapling":8,"minecraft:black_wool":2,"minecraft:mutton":8,"minecraft:coal":30,"minecraft:white_wool":1,"minecraft:cobblestone":88,"minecraft:furnace":1},"minecraft:killed_by":{"minecraft:creeper":2,"minecraft:enderman":1},"minecraft:dropped":{"minecraft:oak_sapling":1,"minecraft:stone_pickaxe":1},"minecraft:killed":{"minecraft:sheep":5,"minecraft:pig":5,"minecraft:chicken":2,"minecraft:cow":4},"minecraft:used":{"minecraft:stone_sword":31,"minecraft:stone_pickaxe":68,"minecraft:birch_sapling":1,"minecraft:wooden_pickaxe":61,"minecraft:stone_axe":50,"minecraft:crafting_table":6,"minecraft:oak_sapling":5,"minecraft:furnace":1,"minecraft:cooked_porkchop":5}},"DataVersion":3955}