{"stats":{"minecraft:custom":{"minecraft:time_since_rest":27198,"minecraft:sprint_one_cm":42882,"minecraft:damage_taken":365,"minecraft:walk_one_cm":45316,"minecraft:mob_kills":8,"minecraft:damage_dealt":1176,"minecraft:swim_one_cm":10688,"minecraft:interact_with_crafting_table":3,"minecraft:fly_one_cm":82620,"minecraft:play_time":27198,"minecraft:sneak_time":18,"minecraft:walk_under_water_one_cm":3001,"minecraft:jump":567,"minecraft:walk_on_water_one_cm":4473,"minecraft:time_since_death":27198,"minecraft:total_world_time":27198,"minecraft:fall_one_cm":19160},"minecraft:mined":{"cobblemon:healing_machine":1,"minecraft:spruce_log":6,"minecraft:powder_snow":34,"minecraft:crafting_table":1,"minecraft:grass":1,"minecraft:grass_block":2,"minecraft:coal_ore":12,"minecraft:dirt":4,"minecraft:stone":52,"minecraft:oak_leaves":1},"minecraft:killed":{"minecraft:sheep":1,"minecraft:zombie":3,"cobblemon:pokemon":3},"minecraft:picked_up":{"minecraft:crafting_table":1,"minecraft:air":0,"minecraft:feather":1,"minecraft:chicken":4,"cobblemon:black_belt":1,"minecraft:spruce_log":6,"minecraft:dirt":6,"cobblemon:healing_machine":2,"minecraft:rotten_flesh":1,"cobblemon:poke_ball":2,"minecraft:mutton":1,"minecraft:coal":12,"minecraft:white_wool":1,"minecraft:cobblestone":52,"minecraft:egg":2},"minecraft:used":{"minecraft:stone_sword":29,"minecraft:chicken":2,"minecraft:bread":8,"minecraft:stone_pickaxe":43,"minecraft:wooden_pickaxe":24,"minecraft:stone_axe":1,"minecraft:white_wool":1,"minecraft:wooden_sword":8,"minecraft:dirt":4,"minecraft:mutton":1,"minecraft:crafting_table":1,"cobblemon:healing_machine":2},"minecraft:crafted":{"minecraft:wooden_sword":1,"minecraft:crafting_table":1,"minecraft:spruce_planks":24,"minecraft:stick":8,"minecraft:wooden_pickaxe":1,"minecraft:stone_pickaxe":1,"minecraft:stone_sword":1,"minecraft:stone_axe":1}},"DataVersion":3465}