{"stats":{"minecraft:killed":{"minecraft:pig":1},"minecraft:custom":{"minecraft:time_since_rest":3211,"minecraft:play_one_minute":9015,"minecraft:walk_one_cm":20909,"minecraft:sprint_one_cm":21461,"minecraft:damage_taken":630,"minecraft:deaths":2,"minecraft:sneak_time":9,"minecraft:walk_under_water_one_cm":72,"minecraft:mob_kills":1,"minecraft:drop":2,"minecraft:jump":224,"minecraft:damage_dealt":106,"minecraft:time_since_death":3648,"minecraft:walk_on_water_one_cm":283,"minecraft:interact_with_crafting_table":3,"minecraft:swim_one_cm":395,"minecraft:fall_one_cm":4944,"minecraft:fly_one_cm":54512},"minecraft:used":{"minecraft:stone_axe":3,"minecraft:crafting_table":1,"minecraft:wooden_pickaxe":20},"minecraft:killed_by":{"zombie_extreme:infected_hazmat":1,"zombie_extreme:infected_spec_ops_soldier":1},"minecraft:crafted":{"minecraft:stone_sword":1,"minecraft:oak_planks":68,"minecraft:stone_axe":1,"minecraft:crafting_table":2,"minecraft:stick":8,"minecraft:wooden_pickaxe":1,"minecraft:stone_pickaxe":1},"minecraft:picked_up":{"minecraft:crafting_table":1,"butchersdelight:deadpig":1,"minecraft:oak_log":18,"minecraft:cobblestone":20,"minecraft:birch_log":1},"minecraft:mined":{"minecraft:large_fern":1,"minecraft:grass":1,"minecraft:grass_block":1,"minecraft:oak_log":18,"minecraft:birch_log":1,"minecraft:tall_grass":3,"minecraft:stone":20,"minecraft:crafting_table":1,"minecraft:fern":1,"minecraft:oak_leaves":3},"minecraft:dropped":{"tombstone:grave_key":1,"tombstone:gift":1}},"DataVersion":2586}