{"stats":{"minecraft:killed":{"zombie_extreme:night_hunter":1,"minecraft:spider":1,"zombie_extreme:infectedperson":4,"minecraft:cow":3},"minecraft:custom":{"minecraft:mob_kills":9,"minecraft:interact_with_crafting_table":2,"minecraft:play_one_minute":24336,"minecraft:leave_game":1,"minecraft:time_since_death":10163,"minecraft:climb_one_cm":338,"minecraft:damage_resisted":30,"minecraft:time_since_rest":9363,"minecraft:sprint_one_cm":75270,"minecraft:damage_taken":468,"minecraft:walk_one_cm":50026,"minecraft:drop":8,"minecraft:damage_dealt":2571,"minecraft:swim_one_cm":3675,"minecraft:fly_one_cm":182206,"minecraft:open_chest":14,"minecraft:crouch_one_cm":5380,"tombstone:undead_killed":5,"minecraft:deaths":2,"minecraft:sneak_time":1877,"minecraft:walk_under_water_one_cm":194,"minecraft:jump":725,"minecraft:walk_on_water_one_cm":2587,"minecraft:fall_one_cm":17492},"minecraft:used":{"zombie_extreme:fireaxe":71,"minecraft:birch_planks":3,"minecraft:oak_planks":43,"zombie_extreme:nightvisionpill":1,"minecraft:wooden_pickaxe":7,"zombie_extreme:wrench":4,"zombie_extreme:chips":1,"minecraft:crafting_table":2,"zombie_extreme:greenapple":1,"minecraft:white_bed":4,"zombie_extreme:bandage":2,"minecraft:wooden_axe":11,"tombstone:grave_key":1,"zombie_extreme:psychopill":1,"tombstone:gift":1,"zombie_extreme:adrenalin":1,"zombie_extreme:protectionpill":1},"minecraft:killed_by":{"zombie_extreme:night_hunter":1,"zombie_extreme:boomerzombie":1},"minecraft:crafted":{"minecraft:oak_planks":56,"minecraft:crafting_table":2,"minecraft:wooden_pickaxe":1,"minecraft:birch_planks":12,"tombstone:grave_key":1,"minecraft:stick":8,"minecraft:wooden_axe":1},"minecraft:mined":{"minecraft:white_bed":4,"minecraft:crafting_table":2,"minecraft:blast_furnace":1,"minecraft:grass_block":2,"minecraft:glass":3,"minecraft:tall_grass":6,"minecraft:bricks":1,"minecraft:oak_planks":5,"minecraft:birch_planks":1,"minecraft:hay_block":11,"minecraft:white_terracotta":1,"minecraft:light_blue_terracotta":1,"minecraft:birch_log":4,"minecraft:grass":2,"minecraft:bookshelf":8,"minecraft:oak_log":25,"minecraft:cobblestone_slab":3,"minecraft:vine":1,"minecraft:oak_leaves":3},"minecraft:picked_up":{"minecraft:birch_log":3,"minecraft:crafting_table":2,"minecraft:birch_planks":1,"minecraft:enchanted_book":1,"minecraft:oak_log":25,"tombstone:grave_key":1,"minecraft:dirt":1,"minecraft:string":1,"butchersdelight:dead_cow":3,"minecraft:iron_ingot":2,"minecraft:cobblestone_slab":2,"minecraft:poppy":1,"minecraft:oak_planks":4,"minecraft:book":24,"minecraft:stick":3,"minecraft:spruce_sapling":1,"minecraft:blast_furnace":1,"minecraft:white_bed":4,"minecraft:rotten_flesh":1,"minecraft:light_blue_terracotta":1,"minecraft:hay_block":11,"minecraft:white_terracotta":1,"minecraft:bricks":1},"minecraft:dropped":{"butchersdelight:dead_cow":3,"minecraft:poppy":1,"minecraft:dirt":1,"tombstone:grave_dust":1,"minecraft:light_blue_terracotta":1,"minecraft:spruce_sapling":1}},"DataVersion":2586}