{"stats":{"minecraft:killed_by":{"minecraft:skeleton":2},"minecraft:custom":{"minecraft:interact_with_furnace":5,"minecraft:mob_kills":19,"minecraft:interact_with_crafting_table":10,"minecraft:time_since_death":46108,"minecraft:sleep_in_bed":2,"minecraft:climb_one_cm":3557,"minecraft:time_since_rest":19953,"minecraft:sprint_one_cm":159689,"minecraft:damage_taken":1931,"minecraft:walk_one_cm":154147,"minecraft:damage_blocked_by_shield":120,"minecraft:drop":8,"minecraft:damage_dealt":2649,"minecraft:swim_one_cm":7930,"minecraft:fly_one_cm":197952,"minecraft:player_kills":1,"minecraft:crouch_one_cm":6464,"minecraft:play_time":69068,"minecraft:deaths":3,"minecraft:sneak_time":2181,"minecraft:walk_under_water_one_cm":4025,"minecraft:boat_one_cm":146070,"minecraft:jump":1472,"minecraft:walk_on_water_one_cm":2575,"minecraft:total_world_time":69068,"minecraft:fall_one_cm":44235},"minecraft:dropped":{"minecraft:wheat_seeds":2,"minecraft:stick":2,"minecraft:mutton":6,"minecraft:arrow":2,"minecraft:wooden_pickaxe":1,"minecraft:stone_pickaxe":1,"minecraft:bone":2},"minecraft:mined":{"minecraft:dark_oak_planks":1,"cobblemon:healing_machine":1,"minecraft:spruce_planks":1,"minecraft:white_bed":1,"minecraft:stripped_birch_log":3,"minecraft:dark_oak_log":5,"cobblemon:apricorn_log":5,"minecraft:powder_snow":2,"minecraft:spruce_trapdoor":1,"cobblemon:cheri_berry":5,"minecraft:crafting_table":8,"cobblemon:apricorn_leaves":7,"minecraft:grass_block":4,"minecraft:tall_grass":6,"minecraft:birch_wood":2,"minecraft:copper_ore":5,"minecraft:spruce_leaves":8,"minecraft:lapis_ore":3,"minecraft:sugar_cane":2,"cobblemon:oran_berry":5,"cobblemon:relic_coin_pouch":4,"minecraft:furnace":2,"minecraft:birch_log":24,"minecraft:iron_ore":22,"cobblemon:razz_berry":3,"minecraft:ice":1,"minecraft:spruce_log":4,"minecraft:grass":18,"minecraft:oak_log":1,"minecraft:coal_ore":36,"minecraft:deepslate_iron_ore":5,"minecraft:dirt":3,"minecraft:stripped_birch_wood":1,"cobblemon:sun_stone_ore":1,"minecraft:stone":30,"minecraft:spruce_slab":1,"minecraft:oak_leaves":13,"minecraft:fern":1},"minecraft:killed":{"minecraft:pig":2,"cobblemon:pokemon":5,"minecraft:spider":2,"minecraft:creeper":1,"minecraft:skeleton":1,"minecraft:sheep":4,"minecraft:zombie":2,"minecraft:cow":1},"minecraft:picked_up":{"minecraft:birch_log":24,"minecraft:crafting_table":8,"minecraft:chicken":1,"cobblemon:yellow_apricorn":3,"minecraft:leather":2,"minecraft:oak_log":1,"minecraft:lapis_lazuli":18,"cobblemon:wepear_berry":12,"minecraft:stripped_birch_log":3,"minecraft:dirt":6,"cobblemon:pink_apricorn_seed":1,"minecraft:raw_copper":17,"cobblemon:white_apricorn":4,"minecraft:bone":2,"minecraft:wheat_seeds":2,"minecraft:iron_ingot":2,"minecraft:spruce_planks":1,"minecraft:birch_wood":2,"minecraft:beef":1,"cobblemon:oran_berry":15,"cobblemon:relic_coin":24,"minecraft:spruce_slab":1,"minecraft:sugar_cane":6,"minecraft:spruce_trapdoor":1,"minecraft:furnace":1,"cobblemon:sun_stone":1,"minecraft:stick":7,"minecraft:raw_iron":36,"cobblemon:apricorn_log":5,"minecraft:birch_boat":8,"cobblemon:blue_apricorn_seed":1,"cobblemon:cheri_berry":5,"minecraft:porkchop":3,"cobblemon:yellow_apricorn_seed":1,"cobblemon:persim_berry":3,"cobblemon:pink_apricorn":3,"minecraft:white_bed":1,"minecraft:spruce_log":4,"minecraft:dark_oak_log":5,"minecraft:dark_oak_planks":1,"cobblemon:healing_machine":3,"minecraft:arrow":2,"cobblemon:poke_ball":69,"minecraft:bread":32,"minecraft:oak_sapling":2,"minecraft:stripped_birch_wood":1,"minecraft:mutton":6,"cobblemon:blue_apricorn":8,"minecraft:coal":50,"minecraft:white_wool":4,"minecraft:cobblestone":30},"minecraft:used":{"minecraft:birch_planks":5,"minecraft:stone_pickaxe":80,"minecraft:oak_planks":4,"minecraft:shield":2,"minecraft:birch_boat":7,"minecraft:wooden_pickaxe":23,"minecraft:dirt":6,"minecraft:crafting_table":8,"minecraft:white_bed":1,"cobblemon:healing_machine":1,"minecraft:spruce_log":1,"minecraft:dark_oak_planks":2,"minecraft:wooden_axe":26,"minecraft:iron_pickaxe":7,"minecraft:chicken":1,"minecraft:bread":25,"minecraft:stone_axe":45,"minecraft:furnace":2,"minecraft:oak_sapling":1},"minecraft:crafted":{"minecraft:oak_planks":4,"minecraft:crafting_table":3,"minecraft:spruce_planks":8,"minecraft:birch_boat":2,"minecraft:wooden_pickaxe":3,"minecraft:furnace":1,"minecraft:birch_planks":96,"minecraft:stone_axe":1,"minecraft:air":0,"minecraft:shield":1,"minecraft:stick":24,"minecraft:iron_ingot":4,"minecraft:iron_pickaxe":1,"minecraft:stone_pickaxe":2,"minecraft:wooden_axe":1,"minecraft:white_bed":1,"minecraft:dark_oak_planks":20}},"DataVersion":3465}