{"stats":{"minecraft:killed":{"zombie_extreme:night_hunter":2,"minecraft:spider":1,"zombie_extreme:infectedperson":4,"minecraft:skeleton":1,"minecraft:zombie":4,"minecraft:cow":3},"minecraft:custom":{"minecraft:mob_kills":17,"minecraft:interact_with_crafting_table":14,"minecraft:play_one_minute":58401,"minecraft:leave_game":1,"minecraft:time_since_death":10897,"minecraft:climb_one_cm":547,"minecraft:damage_resisted":30,"minecraft:time_since_rest":10862,"minecraft:sprint_one_cm":150412,"minecraft:damage_taken":1354,"minecraft:walk_one_cm":120976,"minecraft:damage_blocked_by_shield":905,"minecraft:drop":25,"minecraft:damage_dealt":5123,"minecraft:swim_one_cm":18446,"minecraft:fly_one_cm":365612,"minecraft:open_chest":18,"minecraft:crouch_one_cm":11908,"tombstone:undead_killed":11,"minecraft:deaths":6,"minecraft:sneak_time":5594,"minecraft:walk_under_water_one_cm":1411,"minecraft:boat_one_cm":680,"minecraft:jump":1533,"minecraft:interact_with_blast_furnace":3,"minecraft:walk_on_water_one_cm":7264,"minecraft:fall_one_cm":39137},"minecraft:used":{"zombie_extreme:fireaxe":76,"minecraft:birch_planks":6,"minecraft:stone_pickaxe":110,"minecraft:birch_boat":2,"minecraft:oak_planks":48,"zombie_extreme:nightvisionpill":1,"minecraft:shield":11,"minecraft:wooden_pickaxe":20,"zombie_extreme:wrench":14,"zombie_extreme:chips":1,"minecraft:dirt":54,"minecraft:crafting_table":9,"minecraft:blast_furnace":1,"zombie_extreme:greenapple":1,"minecraft:white_bed":7,"minecraft:golden_shovel":64,"zombie_extreme:bandage":2,"minecraft:wooden_axe":11,"minecraft:iron_axe":57,"minecraft:iron_pickaxe":47,"tombstone:grave_key":1,"minecraft:spruce_sapling":1,"zombie_extreme:psychopill":1,"minecraft:cobblestone":14,"minecraft:sweet_berries":3,"tombstone:gift":2,"zombie_extreme:adrenalin":1,"zombie_extreme:protectionpill":1},"minecraft:killed_by":{"zombie_extreme:night_hunter":1,"zombie_extreme:boomerzombie":1,"minecraft:skeleton":1,"minecraft:zombie":1,"zombie_extreme:infected_bear":1},"minecraft:crafted":{"minecraft:oak_planks":56,"minecraft:crafting_table":3,"minecraft:birch_boat":1,"minecraft:wooden_pickaxe":2,"minecraft:golden_shovel":2,"minecraft:birch_planks":96,"minecraft:bread":33,"minecraft:air":0,"minecraft:shield":1,"minecraft:iron_axe":1,"tombstone:grave_key":2,"minecraft:stick":20,"minecraft:iron_ingot":84,"minecraft:iron_pickaxe":2,"minecraft:stone_pickaxe":2,"minecraft:wooden_axe":1,"minecraft:gold_ingot":2,"minecraft:dark_oak_planks":16,"minecraft:wheat":91},"minecraft:mined":{"minecraft:spruce_planks":6,"minecraft:white_bed":7,"minecraft:dark_oak_log":4,"minecraft:crafting_table":7,"minecraft:granite":2,"minecraft:blast_furnace":2,"minecraft:grass_block":52,"zombie_extreme:blackmetal":1,"minecraft:stone_slab":1,"minecraft:cobblestone":3,"minecraft:spruce_leaves":2,"minecraft:glass":3,"minecraft:tall_grass":6,"minecraft:bricks":1,"minecraft:oak_planks":12,"minecraft:spawner":1,"minecraft:hay_block":11,"minecraft:white_terracotta":1,"minecraft:light_blue_terracotta":1,"minecraft:birch_planks":1,"zombie_extreme:oreradium":1,"minecraft:birch_log":25,"minecraft:iron_ore":19,"minecraft:sweet_berry_bush":1,"minecraft:birch_leaves":3,"zombie_extreme:spotlight":1,"minecraft:gold_block":3,"minecraft:grass":2,"minecraft:bookshelf":8,"minecraft:coal_ore":59,"minecraft:oak_log":25,"minecraft:cobblestone_slab":3,"minecraft:vine":1,"minecraft:gravel":5,"minecraft:dirt":31,"minecraft:stone":65,"minecraft:iron_block":7,"minecraft:oak_leaves":3},"minecraft:picked_up":{"minecraft:birch_log":24,"minecraft:crafting_table":7,"minecraft:wheat":8,"zombie_extreme:blackmetal":1,"minecraft:stone_slab":1,"minecraft:wooden_pickaxe":1,"minecraft:lily_pad":10,"minecraft:birch_planks":1,"minecraft:gold_block":3,"minecraft:enchanted_book":2,"minecraft:flint":3,"minecraft:oak_log":25,"tombstone:grave_key":1,"minecraft:gunpowder":1,"minecraft:string":1,"minecraft:dirt":83,"minecraft:bone":4,"butchersdelight:dead_cow":3,"minecraft:spruce_planks":6,"minecraft:stone_pickaxe":1,"minecraft:iron_ingot":2,"minecraft:iron_ore":18,"minecraft:cobblestone_slab":2,"minecraft:poppy":1,"minecraft:oak_planks":11,"minecraft:book":24,"minecraft:stick":5,"minecraft:birch_boat":2,"minecraft:sweet_berries":3,"zombie_extreme:oreradium":1,"minecraft:bowl":1,"tombstone:grave_dust":1,"minecraft:spruce_sapling":2,"minecraft:blast_furnace":2,"minecraft:white_bed":7,"minecraft:dark_oak_log":4,"minecraft:arrow":1,"minecraft:rotten_flesh":5,"minecraft:light_blue_terracotta":1,"minecraft:hay_block":11,"minecraft:iron_block":7,"minecraft:white_terracotta":1,"minecraft:coal":58,"minecraft:bricks":1,"minecraft:cobblestone":69},"minecraft:broken":{"minecraft:golden_shovel":2},"minecraft:dropped":{"butchersdelight:dead_cow":3,"minecraft:bowl":1,"minecraft:stick":2,"minecraft:flint":3,"minecraft:poppy":1,"minecraft:dirt":1,"minecraft:gunpowder":2,"minecraft:wooden_axe":1,"tombstone:grave_dust":1,"minecraft:arrow":1,"minecraft:stone_pickaxe":1,"minecraft:wooden_pickaxe":2,"minecraft:light_blue_terracotta":1,"minecraft:lily_pad":10,"minecraft:spruce_sapling":1,"minecraft:bone":2}},"DataVersion":2586}