{"stats":{"minecraft:killed":{"zombie_extreme:night_hunter":1,"minecraft:spider":1,"zombie_extreme:infectedperson":4,"minecraft:cow":3},"minecraft:custom":{"minecraft:time_since_rest":6294,"minecraft:sprint_one_cm":67869,"minecraft:damage_taken":448,"minecraft:walk_one_cm":44105,"minecraft:mob_kills":9,"minecraft:drop":6,"minecraft:damage_dealt":2571,"minecraft:swim_one_cm":1202,"minecraft:interact_with_crafting_table":2,"minecraft:fly_one_cm":162220,"minecraft:open_chest":13,"minecraft:play_one_minute":21267,"minecraft:crouch_one_cm":5378,"tombstone:undead_killed":5,"minecraft:deaths":2,"minecraft:sneak_time":1872,"minecraft:walk_under_water_one_cm":145,"minecraft:jump":623,"minecraft:walk_on_water_one_cm":2223,"minecraft:time_since_death":7094,"minecraft:damage_resisted":30,"minecraft:climb_one_cm":172,"minecraft:fall_one_cm":15336},"minecraft:used":{"minecraft:wooden_axe":11,"zombie_extreme:fireaxe":59,"minecraft:birch_planks":3,"minecraft:oak_planks":37,"minecraft:wooden_pickaxe":7,"tombstone:grave_key":1,"zombie_extreme:psychopill":1,"zombie_extreme:wrench":4,"zombie_extreme:chips":1,"minecraft:crafting_table":2,"zombie_extreme:bandage":2,"zombie_extreme:adrenalin":1,"tombstone:gift":1,"minecraft:white_bed":4,"zombie_extreme:protectionpill":1},"minecraft:killed_by":{"zombie_extreme:night_hunter":1,"zombie_extreme:boomerzombie":1},"minecraft:crafted":{"minecraft:oak_planks":56,"minecraft:crafting_table":2,"tombstone:grave_key":1,"minecraft:stick":8,"minecraft:wooden_pickaxe":1,"minecraft:wooden_axe":1,"minecraft:birch_planks":12},"minecraft:mined":{"minecraft:hay_block":11,"minecraft:white_terracotta":1,"minecraft:white_bed":4,"minecraft:birch_log":4,"minecraft:crafting_table":2,"minecraft:grass":1,"minecraft:blast_furnace":1,"minecraft:bookshelf":8,"minecraft:grass_block":2,"minecraft:oak_log":14,"minecraft:cobblestone_slab":3,"minecraft:vine":1,"minecraft:glass":3,"minecraft:tall_grass":4,"minecraft:oak_planks":5,"minecraft:bricks":1,"minecraft:oak_leaves":3,"minecraft:light_blue_terracotta":1,"minecraft:birch_planks":1},"minecraft:picked_up":{"minecraft:book":24,"minecraft:birch_log":3,"minecraft:stick":2,"minecraft:crafting_table":2,"minecraft:birch_planks":1,"minecraft:enchanted_book":1,"minecraft:oak_log":14,"tombstone:grave_key":1,"minecraft:blast_furnace":1,"minecraft:white_bed":4,"minecraft:string":1,"minecraft:dirt":1,"minecraft:rotten_flesh":1,"butchersdelight:dead_cow":3,"minecraft:hay_block":11,"minecraft:iron_ingot":2,"minecraft:cobblestone_slab":2,"minecraft:poppy":1,"minecraft:white_terracotta":1,"minecraft:oak_planks":4,"minecraft:bricks":1},"minecraft:dropped":{"minecraft:dirt":1,"butchersdelight:dead_cow":3,"tombstone:grave_dust":1,"minecraft:poppy":1}},"DataVersion":2586}