{"stats":{"minecraft:killed_by":{"minecraft:skeleton":2,"minecraft:zombie":4},"minecraft:mined":{"minecraft:dark_oak_planks":1,"cobblemon:healing_machine":1,"minecraft:tuff":1,"minecraft:spruce_planks":1,"minecraft:white_bed":8,"minecraft:deepslate_diamond_ore":8,"minecraft:sculk_vein":73,"minecraft:stripped_birch_log":3,"minecraft:dark_oak_log":5,"cobblemon:apricorn_log":5,"cobblemon:cheri_berry":5,"minecraft:spruce_trapdoor":1,"minecraft:grass_block":4,"minecraft:spruce_leaves":8,"minecraft:sculk_catalyst":1,"minecraft:furnace":3,"minecraft:iron_ore":41,"cobblemon:razz_berry":3,"minecraft:deepslate_lapis_ore":4,"minecraft:deepslate_iron_ore":28,"minecraft:stone":30,"minecraft:spruce_slab":1,"minecraft:deepslate_redstone_ore":3,"minecraft:powder_snow":2,"minecraft:crafting_table":11,"cobblemon:apricorn_leaves":7,"minecraft:sculk_sensor":1,"minecraft:birch_wood":2,"minecraft:copper_ore":5,"minecraft:tall_grass":6,"minecraft:deepslate_gold_ore":16,"minecraft:lapis_ore":5,"minecraft:sugar_cane":2,"cobblemon:oran_berry":5,"minecraft:sculk":573,"cobblemon:relic_coin_pouch":4,"minecraft:birch_log":24,"minecraft:ice":1,"minecraft:spruce_log":4,"minecraft:grass":18,"minecraft:oak_log":1,"minecraft:coal_ore":36,"minecraft:dirt":3,"minecraft:gravel":2,"minecraft:stripped_birch_wood":1,"cobblemon:sun_stone_ore":1,"minecraft:oak_leaves":13,"minecraft:deepslate":28,"minecraft:fern":1},"minecraft:crafted":{"minecraft:oak_planks":4,"minecraft:birch_boat":2,"minecraft:furnace":2,"minecraft:iron_axe":1,"minecraft:iron_hoe":2,"minecraft:stone_pickaxe":2,"minecraft:dark_oak_planks":20,"minecraft:stone_hoe":1,"minecraft:crafting_table":3,"minecraft:spruce_planks":8,"minecraft:wooden_pickaxe":3,"minecraft:birch_planks":104,"minecraft:stone_axe":1,"minecraft:air":0,"minecraft:diamond_pickaxe":1,"minecraft:shield":1,"minecraft:stick":36,"minecraft:iron_ingot":9,"minecraft:iron_pickaxe":1,"minecraft:wooden_axe":1,"minecraft:white_bed":1},"minecraft:used":{"minecraft:spruce_slab":1,"minecraft:spruce_planks":1,"minecraft:shield":19,"minecraft:stone_hoe":131,"minecraft:dirt":6,"minecraft:iron_hoe":485,"minecraft:dark_oak_planks":3,"minecraft:wooden_axe":26,"minecraft:iron_axe":7,"minecraft:oak_sapling":1,"minecraft:furnace":3,"minecraft:cobbled_deepslate":13,"minecraft:birch_planks":5,"minecraft:stone_pickaxe":80,"minecraft:oak_planks":4,"minecraft:wooden_pickaxe":23,"minecraft:birch_boat":9,"minecraft:crafting_table":11,"minecraft:white_bed":8,"minecraft:spruce_log":1,"cobblemon:healing_machine":1,"minecraft:chicken":1,"minecraft:bread":36,"minecraft:iron_pickaxe":117,"minecraft:spruce_trapdoor":1,"minecraft:stone_axe":77,"minecraft:cobblestone":9},"minecraft:picked_up":{"minecraft:crafting_table":11,"minecraft:chicken":1,"cobblemon:yellow_apricorn":3,"cobblemon:red_apricorn":3,"cobblemon:wepear_berry":12,"minecraft:string":1,"minecraft:raw_copper":17,"cobblemon:white_apricorn":4,"minecraft:cobbled_deepslate":27,"minecraft:spruce_planks":1,"minecraft:beef":1,"cobblemon:oran_berry":15,"cobblemon:relic_coin":24,"minecraft:iron_pickaxe":2,"minecraft:spruce_slab":1,"minecraft:sugar_cane":6,"minecraft:spruce_trapdoor":1,"minecraft:furnace":2,"minecraft:stick":7,"minecraft:raw_iron":78,"cobblemon:apricorn_log":5,"minecraft:porkchop":3,"minecraft:redstone":13,"minecraft:dark_oak_planks":1,"minecraft:arrow":14,"minecraft:rotten_flesh":4,"minecraft:stripped_birch_wood":1,"minecraft:mutton":7,"cobblemon:blue_apricorn":8,"minecraft:white_wool":8,"minecraft:cobblestone":34,"minecraft:birch_log":24,"minecraft:leather":2,"minecraft:oak_log":1,"minecraft:lapis_lazuli":63,"minecraft:dirt":6,"minecraft:stripped_birch_log":3,"cobblemon:pink_apricorn_seed":1,"minecraft:bone":2,"minecraft:wheat_seeds":2,"minecraft:raw_gold":16,"minecraft:birch_wood":2,"minecraft:iron_ingot":2,"cobblemon:red_apricorn_seed":1,"cobblemon:sun_stone":1,"minecraft:birch_boat":10,"cobblemon:blue_apricorn_seed":1,"minecraft:gravel":2,"cobblemon:cheri_berry":5,"cobblemon:yellow_apricorn_seed":1,"cobblemon:persim_berry":3,"cobblemon:pink_apricorn":3,"minecraft:white_bed":8,"minecraft:spruce_log":4,"minecraft:dark_oak_log":5,"cobblemon:healing_machine":3,"minecraft:iron_hoe":1,"minecraft:diamond":8,"cobblemon:poke_ball":75,"minecraft:bread":32,"minecraft:oak_sapling":2,"minecraft:coal":50},"minecraft:custom":{"minecraft:mob_kills":31,"minecraft:interact_with_crafting_table":18,"minecraft:leave_game":3,"minecraft:time_since_death":2551,"minecraft:climb_one_cm":3557,"minecraft:sprint_one_cm":312170,"minecraft:walk_one_cm":266065,"minecraft:damage_blocked_by_shield":2025,"minecraft:drop":17,"minecraft:play_time":122089,"minecraft:deaths":10,"minecraft:sneak_time":5812,"minecraft:walk_under_water_one_cm":5246,"minecraft:boat_one_cm":287791,"minecraft:jump":2746,"minecraft:walk_on_water_one_cm":6085,"minecraft:total_world_time":122089,"minecraft:interact_with_furnace":9,"minecraft:sleep_in_bed":9,"minecraft:time_since_rest":2577,"minecraft:damage_taken":4144,"minecraft:damage_dealt":5079,"minecraft:swim_one_cm":16955,"minecraft:fly_one_cm":392148,"minecraft:player_kills":2,"minecraft:crouch_one_cm":19371,"minecraft:fall_one_cm":90288},"minecraft:killed":{"minecraft:spider":3,"minecraft:skeleton":4,"minecraft:pig":2,"cobblemon:pokemon":6,"minecraft:creeper":1,"minecraft:sheep":8,"minecraft:zombie":4,"minecraft:cow":1},"minecraft:broken":{"minecraft:stone_hoe":1,"minecraft:iron_hoe":1},"minecraft:dropped":{"minecraft:wheat_seeds":2,"minecraft:stick":2,"minecraft:mutton":7,"minecraft:iron_pickaxe":2,"minecraft:redstone":13,"minecraft:bone":2,"minecraft:cobbled_deepslate":6,"minecraft:rotten_flesh":4,"minecraft:iron_hoe":2,"minecraft:arrow":8,"minecraft:stone_pickaxe":1,"minecraft:wooden_pickaxe":1}},"DataVersion":3465}