{"stats":{"minecraft:killed":{"zombie_extreme:night_hunter":2,"minecraft:spider":1,"zombie_extreme:infectedperson":4,"minecraft:skeleton":1,"minecraft:silverfish":1,"minecraft:zombie":4,"minecraft:cow":3},"minecraft:custom":{"minecraft:mob_kills":18,"minecraft:interact_with_crafting_table":15,"minecraft:leave_game":1,"minecraft:time_since_death":22897,"minecraft:climb_one_cm":1264,"minecraft:damage_resisted":30,"minecraft:sprint_one_cm":169078,"minecraft:walk_one_cm":137420,"minecraft:damage_blocked_by_shield":905,"minecraft:drop":26,"minecraft:deaths":6,"minecraft:sneak_time":9214,"minecraft:walk_under_water_one_cm":1975,"minecraft:boat_one_cm":1902,"minecraft:jump":1720,"minecraft:interact_with_blast_furnace":3,"minecraft:walk_on_water_one_cm":7685,"minecraft:play_one_minute":70401,"minecraft:sleep_in_bed":1,"minecraft:time_since_rest":2710,"minecraft:damage_taken":1396,"minecraft:damage_dealt":5225,"minecraft:swim_one_cm":18446,"minecraft:fly_one_cm":404488,"minecraft:open_chest":19,"minecraft:crouch_one_cm":24463,"tombstone:undead_killed":11,"minecraft:fall_one_cm":44711},"minecraft:used":{"minecraft:shield":11,"zombie_extreme:wrench":14,"minecraft:dirt":82,"zombie_extreme:greenapple":1,"minecraft:golden_shovel":64,"zombie_extreme:bandage":2,"minecraft:wooden_axe":11,"minecraft:lava_bucket":2,"minecraft:iron_axe":65,"zombie_extreme:psychopill":1,"minecraft:sweet_berries":3,"tombstone:gift":2,"minecraft:cooked_mutton":1,"zombie_extreme:bat":1,"zombie_extreme:fireaxe":76,"minecraft:birch_planks":11,"minecraft:glass_bottle":5,"minecraft:stone_pickaxe":110,"minecraft:oak_planks":48,"zombie_extreme:nightvisionpill":1,"minecraft:wooden_pickaxe":20,"minecraft:birch_boat":5,"zombie_extreme:chips":1,"minecraft:golden_apple":1,"minecraft:crafting_table":10,"minecraft:blast_furnace":1,"minecraft:white_bed":8,"minecraft:iron_pickaxe":117,"tombstone:grave_key":1,"minecraft:spruce_sapling":1,"minecraft:cobblestone":23,"minecraft:potion":2,"toughasnails:dirty_water_bottle":2,"minecraft:bucket":2,"zombie_extreme:adrenalin":1,"zombie_extreme:protectionpill":1},"minecraft:killed_by":{"zombie_extreme:night_hunter":1,"zombie_extreme:boomerzombie":1,"minecraft:skeleton":1,"minecraft:zombie":1,"zombie_extreme:infected_bear":1},"minecraft:crafted":{"minecraft:oak_planks":56,"minecraft:birch_boat":1,"minecraft:iron_axe":1,"tombstone:grave_key":2,"minecraft:stone_pickaxe":2,"minecraft:dark_oak_planks":16,"minecraft:wheat":91,"minecraft:crafting_table":4,"minecraft:wooden_pickaxe":2,"minecraft:golden_shovel":2,"minecraft:bucket":1,"minecraft:birch_planks":96,"minecraft:bread":33,"minecraft:air":0,"minecraft:shield":1,"minecraft:stick":20,"minecraft:iron_ingot":84,"minecraft:iron_pickaxe":2,"minecraft:wooden_axe":1,"minecraft:gold_ingot":2},"minecraft:mined":{"minecraft:spruce_planks":6,"minecraft:white_bed":9,"minecraft:dark_oak_log":4,"zombie_extreme:copper_ore":4,"minecraft:granite":2,"minecraft:grass_block":52,"zombie_extreme:blackmetal":16,"minecraft:spruce_leaves":2,"minecraft:infested_chiseled_stone_bricks":1,"minecraft:spawner":1,"minecraft:large_fern":1,"minecraft:hay_block":11,"zombie_extreme:oreradium":1,"minecraft:iron_ore":19,"minecraft:andesite":3,"zombie_extreme:spotlight":1,"minecraft:gold_block":3,"minecraft:bookshelf":8,"minecraft:vine":3,"minecraft:cobblestone_slab":3,"minecraft:stone":80,"minecraft:iron_block":7,"minecraft:infested_stone_bricks":2,"minecraft:crafting_table":7,"minecraft:blast_furnace":2,"minecraft:stone_slab":1,"minecraft:tall_grass":6,"minecraft:glass":3,"minecraft:cobblestone":10,"minecraft:oak_planks":12,"minecraft:bricks":1,"minecraft:diorite":2,"minecraft:white_terracotta":1,"minecraft:light_blue_terracotta":1,"minecraft:birch_planks":2,"minecraft:birch_log":25,"minecraft:sweet_berry_bush":1,"minecraft:birch_leaves":3,"minecraft:grass":2,"minecraft:oak_log":25,"minecraft:coal_ore":82,"minecraft:dirt":31,"minecraft:gravel":5,"minecraft:oak_leaves":3},"minecraft:picked_up":{"minecraft:crafting_table":7,"minecraft:wheat":8,"zombie_extreme:blackmetal":16,"minecraft:stone_slab":1,"minecraft:wooden_pickaxe":1,"minecraft:gold_block":3,"minecraft:enchanted_book":2,"tombstone:grave_key":1,"minecraft:string":1,"butchersdelight:dead_cow":3,"minecraft:spruce_planks":6,"minecraft:cobblestone_slab":2,"minecraft:poppy":1,"zombie_extreme:copper_ore":4,"minecraft:stick":5,"minecraft:bowl":1,"tombstone:grave_dust":1,"minecraft:diorite":2,"minecraft:arrow":1,"minecraft:rotten_flesh":5,"minecraft:hay_block":11,"minecraft:iron_block":7,"minecraft:white_terracotta":1,"minecraft:cobblestone":88,"minecraft:birch_log":24,"minecraft:andesite":3,"minecraft:birch_planks":2,"minecraft:flint":3,"minecraft:oak_log":25,"minecraft:lily_pad":12,"minecraft:gunpowder":1,"minecraft:dirt":83,"minecraft:bone":4,"minecraft:iron_ingot":2,"minecraft:stone_pickaxe":1,"minecraft:iron_ore":18,"minecraft:oak_planks":11,"minecraft:book":24,"minecraft:birch_boat":5,"minecraft:sweet_berries":3,"zombie_extreme:oreradium":1,"minecraft:blast_furnace":2,"minecraft:spruce_sapling":2,"minecraft:white_bed":9,"minecraft:dark_oak_log":4,"minecraft:light_blue_terracotta":1,"minecraft:bricks":1,"minecraft:coal":81},"minecraft:broken":{"minecraft:golden_shovel":2},"minecraft:dropped":{"butchersdelight:dead_cow":3,"minecraft:stick":2,"minecraft:flint":3,"minecraft:dirt":1,"minecraft:wooden_axe":1,"tombstone:grave_dust":1,"minecraft:lily_pad":12,"minecraft:spruce_sapling":1,"minecraft:bone":2,"minecraft:bowl":1,"minecraft:poppy":1,"minecraft:gunpowder":2,"minecraft:arrow":1,"minecraft:stone_pickaxe":1,"minecraft:wooden_pickaxe":2,"minecraft:light_blue_terracotta":1}},"DataVersion":2586}