{"stats":{"minecraft:killed_by":{"minecraft:skeleton":2},"minecraft:custom":{"minecraft:mob_kills":12,"minecraft:interact_with_crafting_table":6,"minecraft:time_since_death":22108,"minecraft:climb_one_cm":1982,"minecraft:time_since_rest":22176,"minecraft:sprint_one_cm":112645,"minecraft:damage_taken":1176,"minecraft:walk_one_cm":101873,"minecraft:drop":1,"minecraft:damage_dealt":1489,"minecraft:swim_one_cm":5806,"minecraft:fly_one_cm":132451,"minecraft:player_kills":1,"minecraft:crouch_one_cm":3937,"minecraft:play_time":45068,"minecraft:deaths":3,"minecraft:sneak_time":1126,"minecraft:walk_under_water_one_cm":3738,"minecraft:boat_one_cm":79830,"minecraft:jump":1066,"minecraft:walk_on_water_one_cm":1780,"minecraft:total_world_time":45068,"minecraft:fall_one_cm":29522},"minecraft:dropped":{"minecraft:wheat_seeds":1},"minecraft:mined":{"minecraft:dark_oak_planks":1,"cobblemon:healing_machine":1,"minecraft:stripped_birch_log":3,"minecraft:dark_oak_log":5,"cobblemon:apricorn_log":5,"minecraft:powder_snow":2,"cobblemon:cheri_berry":5,"minecraft:crafting_table":5,"cobblemon:apricorn_leaves":7,"minecraft:grass_block":4,"minecraft:tall_grass":6,"minecraft:birch_wood":2,"minecraft:copper_ore":5,"minecraft:spruce_leaves":8,"minecraft:sugar_cane":2,"cobblemon:oran_berry":5,"cobblemon:relic_coin_pouch":2,"minecraft:birch_log":24,"minecraft:iron_ore":8,"minecraft:ice":1,"minecraft:spruce_log":4,"minecraft:grass":3,"minecraft:oak_log":1,"minecraft:coal_ore":20,"minecraft:deepslate_iron_ore":1,"minecraft:dirt":3,"minecraft:stripped_birch_wood":1,"minecraft:stone":24,"minecraft:oak_leaves":12,"minecraft:fern":1},"minecraft:killed":{"minecraft:pig":2,"cobblemon:pokemon":5,"minecraft:spider":1,"minecraft:sheep":4},"minecraft:picked_up":{"minecraft:birch_log":24,"minecraft:crafting_table":5,"minecraft:chicken":1,"cobblemon:yellow_apricorn":3,"minecraft:oak_log":1,"minecraft:stripped_birch_log":3,"minecraft:dirt":6,"minecraft:raw_copper":17,"cobblemon:white_apricorn":4,"minecraft:wheat_seeds":2,"minecraft:birch_wood":2,"cobblemon:oran_berry":15,"cobblemon:relic_coin":12,"minecraft:sugar_cane":6,"minecraft:stick":7,"minecraft:raw_iron":9,"cobblemon:apricorn_log":5,"minecraft:birch_boat":5,"cobblemon:blue_apricorn_seed":1,"cobblemon:cheri_berry":5,"minecraft:porkchop":3,"cobblemon:yellow_apricorn_seed":1,"minecraft:spruce_log":4,"minecraft:dark_oak_log":5,"minecraft:dark_oak_planks":1,"cobblemon:healing_machine":3,"cobblemon:poke_ball":66,"minecraft:bread":32,"minecraft:oak_sapling":2,"minecraft:stripped_birch_wood":1,"minecraft:mutton":6,"cobblemon:blue_apricorn":8,"minecraft:coal":20,"minecraft:white_wool":4,"minecraft:cobblestone":24},"minecraft:used":{"minecraft:stone_pickaxe":40,"minecraft:oak_planks":4,"minecraft:birch_boat":4,"minecraft:wooden_pickaxe":23,"minecraft:dirt":6,"minecraft:crafting_table":5,"cobblemon:healing_machine":1,"minecraft:spruce_log":1,"minecraft:dark_oak_planks":2,"minecraft:wooden_axe":26,"minecraft:chicken":1,"minecraft:bread":12,"minecraft:stone_axe":21,"minecraft:oak_sapling":1},"minecraft:crafted":{"minecraft:oak_planks":4,"minecraft:crafting_table":3,"minecraft:spruce_planks":8,"minecraft:birch_boat":2,"minecraft:wooden_pickaxe":3,"minecraft:birch_planks":44,"minecraft:stone_axe":1,"minecraft:stick":20,"minecraft:stone_pickaxe":2,"minecraft:wooden_axe":1,"minecraft:dark_oak_planks":20}},"DataVersion":3465}