{"stats":{"minecraft:killed":{"zombie_extreme:night_hunter":1,"minecraft:spider":1,"zombie_extreme:infectedperson":4,"minecraft:skeleton":1,"minecraft:zombie":2,"minecraft:cow":3},"minecraft:custom":{"minecraft:mob_kills":13,"minecraft:interact_with_crafting_table":8,"minecraft:play_one_minute":46401,"minecraft:leave_game":1,"minecraft:time_since_death":6572,"minecraft:climb_one_cm":338,"minecraft:damage_resisted":30,"minecraft:time_since_rest":5906,"minecraft:sprint_one_cm":128263,"minecraft:damage_taken":1284,"minecraft:walk_one_cm":92317,"minecraft:damage_blocked_by_shield":905,"minecraft:drop":17,"minecraft:damage_dealt":3567,"minecraft:swim_one_cm":18237,"minecraft:fly_one_cm":334504,"minecraft:open_chest":15,"minecraft:crouch_one_cm":8086,"tombstone:undead_killed":8,"minecraft:deaths":5,"minecraft:sneak_time":3968,"minecraft:walk_under_water_one_cm":1351,"minecraft:jump":1239,"minecraft:interact_with_blast_furnace":3,"minecraft:walk_on_water_one_cm":6813,"minecraft:fall_one_cm":31277},"minecraft:used":{"zombie_extreme:fireaxe":76,"minecraft:birch_planks":3,"minecraft:stone_pickaxe":101,"minecraft:oak_planks":44,"zombie_extreme:nightvisionpill":1,"minecraft:shield":11,"minecraft:wooden_pickaxe":17,"zombie_extreme:wrench":14,"zombie_extreme:chips":1,"minecraft:dirt":11,"minecraft:crafting_table":6,"minecraft:blast_furnace":1,"zombie_extreme:greenapple":1,"minecraft:white_bed":4,"zombie_extreme:bandage":2,"minecraft:wooden_axe":11,"minecraft:iron_pickaxe":42,"tombstone:grave_key":1,"minecraft:spruce_sapling":1,"zombie_extreme:psychopill":1,"minecraft:cobblestone":14,"minecraft:sweet_berries":3,"tombstone:gift":1,"zombie_extreme:adrenalin":1,"zombie_extreme:protectionpill":1},"minecraft:killed_by":{"zombie_extreme:night_hunter":1,"zombie_extreme:boomerzombie":1,"minecraft:skeleton":1,"minecraft:zombie":1,"zombie_extreme:infected_bear":1},"minecraft:crafted":{"minecraft:oak_planks":56,"minecraft:crafting_table":3,"minecraft:wooden_pickaxe":2,"minecraft:birch_planks":12,"minecraft:bread":33,"minecraft:air":0,"minecraft:shield":1,"tombstone:grave_key":2,"minecraft:stick":12,"minecraft:iron_ingot":18,"minecraft:iron_pickaxe":1,"minecraft:stone_pickaxe":1,"minecraft:wooden_axe":1,"minecraft:dark_oak_planks":16,"minecraft:wheat":91},"minecraft:mined":{"minecraft:white_bed":5,"minecraft:dark_oak_log":4,"minecraft:crafting_table":5,"minecraft:granite":2,"minecraft:blast_furnace":2,"minecraft:grass_block":4,"zombie_extreme:blackmetal":1,"minecraft:spruce_leaves":2,"minecraft:glass":3,"minecraft:tall_grass":6,"minecraft:bricks":1,"minecraft:oak_planks":5,"minecraft:hay_block":11,"minecraft:white_terracotta":1,"minecraft:light_blue_terracotta":1,"minecraft:birch_planks":1,"zombie_extreme:oreradium":1,"minecraft:birch_log":4,"minecraft:iron_ore":19,"minecraft:sweet_berry_bush":1,"minecraft:grass":2,"minecraft:bookshelf":8,"minecraft:coal_ore":59,"minecraft:oak_log":25,"minecraft:cobblestone_slab":3,"minecraft:vine":1,"minecraft:gravel":5,"minecraft:dirt":7,"minecraft:stone":65,"minecraft:oak_leaves":3},"minecraft:picked_up":{"minecraft:birch_log":3,"minecraft:crafting_table":5,"minecraft:wheat":8,"zombie_extreme:blackmetal":1,"minecraft:wooden_pickaxe":1,"minecraft:birch_planks":1,"minecraft:enchanted_book":2,"minecraft:flint":1,"minecraft:oak_log":25,"tombstone:grave_key":1,"minecraft:gunpowder":1,"minecraft:string":1,"minecraft:dirt":12,"minecraft:bone":4,"butchersdelight:dead_cow":3,"minecraft:stone_pickaxe":1,"minecraft:iron_ingot":2,"minecraft:iron_ore":18,"minecraft:cobblestone_slab":2,"minecraft:poppy":1,"minecraft:oak_planks":4,"minecraft:book":24,"minecraft:stick":5,"minecraft:sweet_berries":3,"zombie_extreme:oreradium":1,"minecraft:bowl":1,"minecraft:spruce_sapling":2,"minecraft:blast_furnace":2,"minecraft:white_bed":5,"minecraft:dark_oak_log":4,"minecraft:arrow":1,"minecraft:rotten_flesh":1,"minecraft:light_blue_terracotta":1,"minecraft:hay_block":11,"minecraft:white_terracotta":1,"minecraft:coal":58,"minecraft:bricks":1,"minecraft:cobblestone":66},"minecraft:dropped":{"butchersdelight:dead_cow":3,"minecraft:bowl":1,"minecraft:stick":2,"minecraft:poppy":1,"minecraft:dirt":1,"minecraft:gunpowder":1,"minecraft:wooden_axe":1,"tombstone:grave_dust":1,"minecraft:stone_pickaxe":1,"minecraft:wooden_pickaxe":2,"minecraft:light_blue_terracotta":1,"minecraft:spruce_sapling":1,"minecraft:bone":2}},"DataVersion":2586}