{"stats":{"minecraft:killed_by":{"minecraft:skeleton":2,"minecraft:zombie":4},"minecraft:mined":{"minecraft:dark_oak_planks":14,"cobblemon:healing_machine":1,"minecraft:tuff":1,"minecraft:spruce_planks":7,"minecraft:white_bed":12,"minecraft:deepslate_diamond_ore":8,"minecraft:cherry_log":45,"minecraft:sculk_vein":73,"minecraft:stripped_birch_log":3,"minecraft:dark_oak_log":12,"cobblemon:apricorn_log":5,"cobblemon:cheri_berry":5,"minecraft:spruce_trapdoor":1,"minecraft:grass_block":9,"minecraft:spruce_leaves":8,"minecraft:sculk_catalyst":1,"minecraft:furnace":4,"minecraft:iron_ore":41,"cobblemon:razz_berry":3,"minecraft:deepslate_lapis_ore":4,"minecraft:dark_oak_stairs":6,"minecraft:deepslate_iron_ore":28,"minecraft:stone":30,"minecraft:spruce_slab":1,"minecraft:deepslate_redstone_ore":3,"minecraft:stripped_dark_oak_log":1,"minecraft:powder_snow":2,"minecraft:crafting_table":13,"cobblemon:apricorn_leaves":7,"minecraft:sculk_sensor":1,"minecraft:birch_wood":2,"minecraft:copper_ore":5,"minecraft:tall_grass":8,"minecraft:deepslate_gold_ore":16,"minecraft:lapis_ore":5,"minecraft:sugar_cane":2,"cobblemon:oran_berry":5,"minecraft:sculk":573,"cobblemon:relic_coin_pouch":4,"minecraft:pink_petals":77,"minecraft:birch_log":24,"minecraft:ice":1,"minecraft:spruce_log":4,"minecraft:bee_nest":1,"minecraft:grass":45,"minecraft:oak_log":1,"minecraft:coal_ore":36,"minecraft:cherry_leaves":10,"minecraft:dirt":3,"minecraft:gravel":2,"minecraft:stripped_birch_wood":1,"cobblemon:sun_stone_ore":1,"minecraft:oak_leaves":13,"minecraft:deepslate":28,"minecraft:fern":1},"minecraft:crafted":{"minecraft:oak_planks":4,"minecraft:birch_boat":2,"usefulbackpacks:backpack_small":1,"minecraft:furnace":2,"minecraft:iron_boots":1,"minecraft:iron_axe":1,"minecraft:iron_hoe":2,"minecraft:stone_pickaxe":2,"usefulbackpacks:backpack_medium":1,"minecraft:dark_oak_planks":424,"minecraft:stone_hoe":1,"minecraft:dark_oak_stairs":32,"minecraft:crafting_table":3,"minecraft:spruce_planks":32,"minecraft:iron_helmet":1,"minecraft:wooden_pickaxe":3,"minecraft:birch_planks":104,"minecraft:stone_axe":1,"minecraft:air":0,"minecraft:iron_chestplate":1,"minecraft:diamond_pickaxe":1,"minecraft:shield":1,"minecraft:stick":36,"minecraft:iron_ingot":35,"minecraft:iron_pickaxe":1,"minecraft:wooden_axe":1,"minecraft:iron_leggings":1,"minecraft:white_bed":1},"minecraft:used":{"minecraft:spruce_slab":1,"minecraft:spruce_planks":8,"minecraft:shield":21,"minecraft:stone_hoe":131,"minecraft:dirt":11,"minecraft:iron_hoe":485,"minecraft:dark_oak_planks":264,"minecraft:wooden_axe":26,"minecraft:iron_axe":160,"minecraft:oak_sapling":1,"minecraft:furnace":4,"minecraft:cobbled_deepslate":13,"minecraft:dark_oak_stairs":22,"minecraft:birch_planks":5,"minecraft:stone_pickaxe":80,"minecraft:oak_planks":4,"minecraft:wooden_pickaxe":23,"minecraft:birch_boat":9,"minecraft:crafting_table":13,"minecraft:white_bed":13,"minecraft:spruce_log":1,"cobblemon:healing_machine":1,"minecraft:diamond_pickaxe":1,"minecraft:dark_oak_log":31,"minecraft:chicken":1,"minecraft:bread":36,"minecraft:iron_pickaxe":117,"minecraft:spruce_trapdoor":1,"minecraft:stone_axe":77,"minecraft:pink_petals":28,"minecraft:cobblestone":9},"minecraft:picked_up":{"minecraft:crafting_table":13,"minecraft:chicken":1,"cobblemon:yellow_apricorn":3,"cobblemon:red_apricorn":3,"cobblemon:wepear_berry":12,"minecraft:string":3,"minecraft:raw_copper":17,"cobblemon:white_apricorn":4,"minecraft:cobbled_deepslate":27,"minecraft:spruce_planks":2,"minecraft:beef":21,"cobblemon:oran_berry":15,"cobblemon:relic_coin":24,"minecraft:iron_pickaxe":2,"minecraft:spruce_slab":1,"minecraft:sugar_cane":6,"minecraft:spruce_trapdoor":1,"minecraft:furnace":3,"minecraft:stick":16,"minecraft:raw_iron":99,"cobblemon:apricorn_log":5,"minecraft:porkchop":3,"minecraft:cherry_log":45,"minecraft:redstone":13,"minecraft:dark_oak_planks":13,"minecraft:arrow":14,"minecraft:rotten_flesh":4,"minecraft:stripped_birch_wood":1,"minecraft:mutton":8,"cobblemon:blue_apricorn":8,"minecraft:white_wool":13,"minecraft:cobblestone":34,"minecraft:birch_log":24,"minecraft:pink_petals":191,"minecraft:leather":12,"minecraft:oak_log":1,"minecraft:lapis_lazuli":63,"minecraft:dirt":11,"minecraft:stripped_birch_log":3,"cobblemon:pink_apricorn_seed":1,"minecraft:bone":2,"minecraft:wheat_seeds":3,"minecraft:raw_gold":16,"minecraft:birch_wood":2,"minecraft:iron_ingot":4,"minecraft:dark_oak_stairs":6,"cobblemon:red_apricorn_seed":1,"cobblemon:sun_stone":1,"minecraft:birch_boat":10,"cobblemon:blue_apricorn_seed":1,"minecraft:gravel":2,"cobblemon:cheri_berry":5,"cobblemon:yellow_apricorn_seed":1,"cobblemon:persim_berry":8,"cobblemon:pink_apricorn":3,"minecraft:white_bed":12,"minecraft:spruce_log":10,"minecraft:dark_oak_log":137,"cobblemon:healing_machine":3,"minecraft:iron_hoe":1,"minecraft:diamond":8,"cobblemon:poke_ball":75,"minecraft:cherry_sapling":27,"minecraft:bread":32,"minecraft:oak_sapling":2,"minecraft:stripped_dark_oak_log":1,"minecraft:coal":58},"minecraft:custom":{"minecraft:mob_kills":48,"minecraft:interact_with_crafting_table":23,"minecraft:leave_game":3,"minecraft:time_since_death":20620,"minecraft:climb_one_cm":4549,"minecraft:sprint_one_cm":378459,"minecraft:walk_one_cm":366054,"minecraft:damage_blocked_by_shield":2145,"minecraft:drop":22,"minecraft:play_time":152089,"minecraft:deaths":12,"minecraft:sneak_time":11718,"minecraft:walk_under_water_one_cm":10155,"minecraft:boat_one_cm":287791,"minecraft:jump":3582,"minecraft:walk_on_water_one_cm":6229,"minecraft:total_world_time":152089,"minecraft:interact_with_furnace":13,"minecraft:sleep_in_bed":10,"minecraft:time_since_rest":9143,"minecraft:damage_taken":4699,"minecraft:damage_dealt":7099,"minecraft:swim_one_cm":16955,"minecraft:fly_one_cm":522667,"minecraft:player_kills":2,"minecraft:crouch_one_cm":44407,"minecraft:fall_one_cm":119882},"minecraft:killed":{"minecraft:spider":4,"minecraft:skeleton":4,"minecraft:pig":2,"cobblemon:pokemon":6,"minecraft:creeper":1,"minecraft:sheep":13,"minecraft:donkey":1,"minecraft:zombie":6,"minecraft:cow":9},"minecraft:broken":{"minecraft:stone_hoe":1,"minecraft:iron_hoe":1},"minecraft:dropped":{"minecraft:wheat_seeds":3,"minecraft:coal":8,"minecraft:stick":2,"minecraft:mutton":7,"minecraft:iron_pickaxe":2,"minecraft:pink_petals":155,"minecraft:redstone":13,"minecraft:bone":2,"minecraft:cobbled_deepslate":6,"minecraft:rotten_flesh":4,"minecraft:iron_hoe":2,"minecraft:arrow":8,"minecraft:stone_pickaxe":1,"minecraft:wooden_pickaxe":1}},"DataVersion":3465}