{"stats":{"minecraft:custom":{"minecraft:interact_with_furnace":4,"minecraft:mob_kills":6,"minecraft:interact_with_crafting_table":8,"minecraft:leave_game":12,"minecraft:time_since_death":16889,"minecraft:climb_one_cm":2699,"minecraft:time_since_rest":16925,"minecraft:waystone_activated":1,"minecraft:sprint_one_cm":98092,"minecraft:damage_taken":2274,"minecraft:walk_one_cm":95681,"minecraft:drop":8,"minecraft:damage_dealt":1828,"minecraft:swim_one_cm":6861,"minecraft:fly_one_cm":111863,"minecraft:player_kills":1,"minecraft:open_chest":1,"minecraft:crouch_one_cm":18546,"minecraft:play_time":80998,"minecraft:deaths":7,"minecraft:sneak_time":6428,"minecraft:walk_under_water_one_cm":1457,"minecraft:jump":860,"minecraft:walk_on_water_one_cm":2871,"minecraft:total_world_time":80998,"minecraft:fall_one_cm":37336},"minecraft:dropped":{"minecraft:brown_mushroom":1,"cobblemon:black_apricorn_seed":1,"cobblemon:oran_berry":1,"minecraft:stick":84,"minecraft:dark_oak_log":1,"cobblemon:poke_ball":24,"minecraft:dark_oak_trapdoor":1},"minecraft:killed_by":{"minecraft:skeleton":4,"minecraft:zombie":2},"minecraft:used":{"minecraft:stone_pickaxe":30,"minecraft:ladder":6,"minecraft:cooked_chicken":2,"minecraft:rotten_flesh":1,"minecraft:torch":2,"minecraft:dark_oak_trapdoor":1,"minecraft:dirt":6,"minecraft:crafting_table":3,"minecraft:snowball":1,"minecraft:spruce_log":1,"minecraft:dark_oak_planks":38,"minecraft:dark_oak_log":27,"minecraft:stone_axe":86,"cobblemon:red_apricorn_seed":1,"minecraft:cobblestone":16,"minecraft:cooked_porkchop":2,"cobblemon:big_root":2,"minecraft:diamond_leggings":1},"minecraft:crafted":{"minecraft:oak_planks":4,"minecraft:cooked_porkchop":2,"minecraft:crafting_table":2,"minecraft:cooked_chicken":2,"minecraft:dark_oak_trapdoor":2,"minecraft:birch_planks":20,"minecraft:stone_axe":1,"minecraft:air":0,"minecraft:stick":96,"minecraft:stone_pickaxe":1,"minecraft:dark_oak_planks":76,"minecraft:torch":32},"minecraft:picked_up":{"minecraft:birch_log":5,"minecraft:crafting_table":1,"minecraft:chicken":2,"minecraft:ladder":6,"minecraft:brown_mushroom":1,"minecraft:enchanted_book":1,"minecraft:oak_log":1,"minecraft:dirt":6,"minecraft:dark_oak_trapdoor":1,"minecraft:diamond_leggings":1,"cobblemon:black_apricorn":2,"cobblemon:oran_berry":1,"cobblemon:thunder_stone":1,"cobblemon:big_root":2,"minecraft:stick":64,"cobblemon:red_apricorn_seed":1,"minecraft:raw_iron":2,"cobblemon:black_apricorn_seed":1,"minecraft:porkchop":2,"minecraft:spruce_log":1,"minecraft:dark_oak_log":47,"minecraft:dark_oak_planks":8,"minecraft:rotten_flesh":4,"cobblemon:poke_ball":45,"minecraft:bone_meal":1,"cobblemon:water_stone":1,"minecraft:coal":18,"minecraft:snowball":1,"minecraft:cobblestone":22},"minecraft:killed":{"minecraft:pig":2,"minecraft:zombie_villager":1,"minecraft:skeleton":1,"minecraft:enderman":1},"minecraft:mined":{"minecraft:dark_oak_planks":12,"minecraft:dark_oak_leaves":2,"minecraft:dark_oak_log":48,"minecraft:powder_snow":1,"cobblemon:big_root":2,"minecraft:crafting_table":1,"minecraft:grass_block":4,"minecraft:brown_mushroom_block":1,"minecraft:cobblestone":2,"cobblemon:red_apricorn_sapling":1,"minecraft:birch_log":5,"minecraft:iron_ore":2,"minecraft:spruce_log":1,"minecraft:birch_leaves":8,"minecraft:grass":3,"minecraft:oak_log":1,"minecraft:coal_ore":9,"minecraft:stone":17}},"DataVersion":3465}