{"stats":{"minecraft:custom":{"minecraft:interact_with_furnace":8,"minecraft:mob_kills":6,"minecraft:interact_with_crafting_table":11,"minecraft:leave_game":12,"minecraft:time_since_death":28889,"minecraft:climb_one_cm":3271,"minecraft:time_since_rest":28925,"minecraft:waystone_activated":1,"minecraft:sprint_one_cm":107938,"minecraft:damage_taken":2334,"minecraft:walk_one_cm":106054,"minecraft:drop":18,"minecraft:damage_dealt":2037,"minecraft:swim_one_cm":29045,"minecraft:fly_one_cm":117987,"minecraft:player_kills":2,"minecraft:open_chest":3,"minecraft:crouch_one_cm":20007,"minecraft:play_time":92998,"minecraft:deaths":7,"minecraft:sneak_time":7342,"minecraft:walk_under_water_one_cm":30137,"minecraft:boat_one_cm":104840,"minecraft:jump":941,"minecraft:walk_on_water_one_cm":6486,"minecraft:total_world_time":92998,"minecraft:fall_one_cm":39474},"minecraft:dropped":{"minecraft:brown_mushroom":1,"minecraft:cooked_porkchop":1,"minecraft:oak_planks":2,"cobblemon:black_apricorn":2,"cobblemon:black_apricorn_seed":1,"cobblemon:oran_berry":1,"minecraft:stick":84,"minecraft:dark_oak_log":1,"cobblemon:poke_ball":24,"minecraft:dark_oak_trapdoor":2,"minecraft:melon_seeds":1,"minecraft:bone_meal":1,"minecraft:dark_oak_planks":7},"minecraft:killed_by":{"minecraft:skeleton":4,"minecraft:zombie":2},"minecraft:used":{"minecraft:oak_planks":4,"minecraft:stone_pickaxe":30,"minecraft:ladder":6,"minecraft:chest":1,"minecraft:cooked_chicken":4,"minecraft:rotten_flesh":4,"minecraft:iron_chestplate":1,"minecraft:torch":2,"minecraft:dark_oak_trapdoor":1,"minecraft:dirt":7,"minecraft:crafting_table":3,"minecraft:snowball":1,"minecraft:spruce_log":1,"minecraft:dark_oak_planks":44,"minecraft:dark_oak_log":27,"minecraft:stone_axe":96,"cobblemon:red_apricorn_seed":1,"minecraft:cobblestone":16,"minecraft:porkchop":1,"minecraft:cooked_porkchop":2,"minecraft:oak_boat":2,"cobblemon:big_root":2,"minecraft:diamond_leggings":1},"minecraft:crafted":{"minecraft:oak_planks":16,"minecraft:cooked_porkchop":3,"minecraft:crafting_table":2,"minecraft:cooked_chicken":2,"minecraft:dark_oak_trapdoor":2,"minecraft:birch_planks":20,"minecraft:stone_axe":1,"minecraft:air":0,"minecraft:iron_chestplate":1,"minecraft:stick":96,"minecraft:iron_ingot":2,"minecraft:stone_pickaxe":1,"minecraft:chest":1,"minecraft:dark_oak_planks":80,"minecraft:torch":32},"minecraft:picked_up":{"minecraft:birch_log":5,"minecraft:crafting_table":1,"minecraft:chicken":2,"minecraft:ladder":6,"minecraft:brown_mushroom":1,"minecraft:mushroom_stew":4,"minecraft:enchanted_book":1,"minecraft:oak_log":4,"minecraft:shield":1,"minecraft:dirt":7,"minecraft:dark_oak_trapdoor":2,"minecraft:diamond_leggings":1,"cobblemon:black_apricorn":4,"minecraft:iron_ingot":3,"minecraft:cooked_chicken":2,"cobblemon:oran_berry":1,"minecraft:oak_boat":2,"cobblemon:thunder_stone":1,"cobblemon:big_root":2,"minecraft:oak_planks":2,"minecraft:stick":66,"cobblemon:red_apricorn_seed":1,"minecraft:raw_iron":2,"cobblemon:black_apricorn_seed":1,"minecraft:porkchop":2,"minecraft:spruce_log":1,"minecraft:dark_oak_log":48,"minecraft:dark_oak_planks":15,"minecraft:rotten_flesh":4,"cobblemon:poke_ball":49,"minecraft:bone_meal":2,"cobblemon:water_stone":1,"minecraft:melon_seeds":1,"minecraft:coal":18,"minecraft:snowball":1,"minecraft:cobblestone":22},"minecraft:killed":{"minecraft:pig":2,"minecraft:zombie_villager":1,"minecraft:skeleton":1,"minecraft:enderman":1},"minecraft:mined":{"minecraft:dark_oak_planks":12,"minecraft:dark_oak_leaves":6,"minecraft:dark_oak_log":49,"minecraft:powder_snow":1,"cobblemon:big_root":2,"minecraft:crafting_table":1,"minecraft:grass_block":4,"minecraft:brown_mushroom_block":1,"minecraft:cobblestone":2,"cobblemon:red_apricorn_sapling":1,"minecraft:birch_log":5,"minecraft:iron_ore":2,"minecraft:spruce_log":1,"minecraft:birch_leaves":8,"minecraft:grass":4,"minecraft:oak_log":4,"minecraft:coal_ore":9,"minecraft:stone":17}},"DataVersion":3465}