{"stats":{"minecraft:broken":{"minecraft:stone_axe":1},"minecraft:custom":{"minecraft:interact_with_furnace":8,"minecraft:mob_kills":7,"minecraft:interact_with_crafting_table":11,"minecraft:leave_game":12,"minecraft:time_since_death":3891,"minecraft:climb_one_cm":3566,"minecraft:time_since_rest":3964,"minecraft:waystone_activated":1,"minecraft:sprint_one_cm":122200,"minecraft:damage_taken":2991,"minecraft:walk_one_cm":117237,"minecraft:drop":25,"minecraft:damage_dealt":2601,"minecraft:swim_one_cm":39349,"minecraft:fly_one_cm":135035,"minecraft:player_kills":2,"minecraft:open_chest":3,"minecraft:crouch_one_cm":24109,"minecraft:play_time":104998,"minecraft:deaths":8,"minecraft:sneak_time":9493,"minecraft:walk_under_water_one_cm":49014,"minecraft:boat_one_cm":209023,"minecraft:jump":1114,"minecraft:walk_on_water_one_cm":7612,"minecraft:total_world_time":104998,"minecraft:fall_one_cm":44318},"minecraft:dropped":{"minecraft:brown_mushroom":1,"minecraft:bowl":1,"minecraft:cooked_porkchop":1,"minecraft:oak_planks":2,"cobblemon:black_apricorn":2,"cobblemon:black_apricorn_seed":1,"cobblemon:oran_berry":1,"minecraft:stick":86,"minecraft:dark_oak_log":1,"minecraft:diorite":9,"cobblemon:poke_ball":24,"minecraft:dark_oak_trapdoor":3,"minecraft:melon_seeds":2,"minecraft:bone_meal":2,"minecraft:dark_oak_planks":9},"minecraft:killed_by":{"minecraft:skeleton":4,"minecraft:creeper":1,"minecraft:zombie":2},"minecraft:used":{"minecraft:oak_planks":4,"minecraft:stone_pickaxe":115,"minecraft:ladder":6,"minecraft:chest":1,"minecraft:cooked_chicken":4,"minecraft:rotten_flesh":4,"minecraft:iron_chestplate":1,"minecraft:torch":2,"minecraft:dark_oak_trapdoor":1,"minecraft:dirt":7,"minecraft:crafting_table":3,"minecraft:mushroom_stew":1,"minecraft:snowball":1,"minecraft:spruce_log":1,"minecraft:dark_oak_planks":44,"minecraft:dark_oak_log":27,"minecraft:stone_axe":102,"cobblemon:red_apricorn_seed":1,"minecraft:cobblestone":23,"minecraft:sweet_berries":1,"minecraft:porkchop":1,"minecraft:cooked_porkchop":2,"minecraft:oak_boat":2,"cobblemon:big_root":2,"minecraft:diamond_leggings":1},"minecraft:crafted":{"minecraft:oak_planks":16,"minecraft:cooked_porkchop":3,"minecraft:crafting_table":2,"minecraft:cooked_chicken":2,"minecraft:dark_oak_trapdoor":2,"minecraft:birch_planks":20,"minecraft:stone_axe":1,"minecraft:air":0,"minecraft:iron_chestplate":1,"minecraft:stick":96,"minecraft:iron_ingot":2,"minecraft:stone_pickaxe":1,"minecraft:chest":1,"minecraft:dark_oak_planks":80,"minecraft:torch":32},"minecraft:picked_up":{"minecraft:birch_log":5,"minecraft:crafting_table":1,"minecraft:chicken":2,"minecraft:ladder":6,"minecraft:brown_mushroom":1,"minecraft:mushroom_stew":4,"minecraft:enchanted_book":1,"minecraft:oak_log":4,"minecraft:shield":1,"minecraft:dirt":7,"minecraft:dark_oak_trapdoor":2,"minecraft:diamond_leggings":1,"cobblemon:black_apricorn":4,"minecraft:iron_ingot":3,"minecraft:cooked_chicken":2,"cobblemon:oran_berry":1,"minecraft:oak_boat":2,"cobblemon:thunder_stone":1,"cobblemon:dusk_stone":1,"cobblemon:big_root":2,"minecraft:oak_planks":2,"minecraft:stick":66,"cobblemon:red_apricorn_seed":1,"minecraft:raw_iron":22,"minecraft:sweet_berries":1,"cobblemon:black_apricorn_seed":1,"minecraft:porkchop":2,"minecraft:diorite":9,"minecraft:spruce_log":1,"minecraft:dark_oak_log":48,"minecraft:dark_oak_planks":15,"minecraft:rotten_flesh":4,"cobblemon:poke_ball":50,"minecraft:bone_meal":2,"cobblemon:water_stone":1,"minecraft:melon_seeds":1,"minecraft:coal":35,"minecraft:snowball":1,"minecraft:cobblestone":53},"minecraft:killed":{"minecraft:pig":2,"cobblemon:pokemon":1,"minecraft:zombie_villager":1,"minecraft:skeleton":1,"minecraft:enderman":1},"minecraft:mined":{"minecraft:dark_oak_planks":12,"minecraft:dark_oak_leaves":6,"minecraft:dark_oak_log":49,"minecraft:powder_snow":1,"cobblemon:big_root":2,"minecraft:crafting_table":1,"minecraft:grass_block":4,"minecraft:brown_mushroom_block":1,"minecraft:cobblestone":2,"cobblemon:red_apricorn_sapling":1,"minecraft:moss_block":1,"minecraft:diorite":9,"minecraft:birch_log":5,"minecraft:iron_ore":22,"minecraft:spruce_log":1,"minecraft:birch_leaves":8,"cobblemon:dusk_stone_ore":1,"minecraft:grass":4,"minecraft:oak_log":4,"minecraft:coal_ore":26,"minecraft:stone":49}},"DataVersion":3465}