{"stats":{"minecraft:custom":{"minecraft:time_since_rest":10136,"minecraft:waystone_activated":1,"minecraft:interact_with_furnace":4,"minecraft:sprint_one_cm":67176,"minecraft:damage_taken":1781,"minecraft:walk_one_cm":64651,"minecraft:mob_kills":2,"minecraft:drop":2,"minecraft:damage_dealt":1018,"minecraft:player_kills":1,"minecraft:swim_one_cm":2562,"minecraft:interact_with_crafting_table":3,"minecraft:fly_one_cm":78557,"minecraft:open_chest":1,"minecraft:crouch_one_cm":12312,"minecraft:play_time":44998,"minecraft:deaths":5,"minecraft:sneak_time":3542,"minecraft:walk_under_water_one_cm":835,"minecraft:jump":561,"minecraft:leave_game":12,"minecraft:time_since_death":10113,"minecraft:walk_on_water_one_cm":2667,"minecraft:total_world_time":44998,"minecraft:fall_one_cm":24701},"minecraft:dropped":{"cobblemon:poke_ball":24,"cobblemon:oran_berry":1},"minecraft:killed_by":{"minecraft:skeleton":3,"minecraft:zombie":1},"minecraft:used":{"minecraft:stone_pickaxe":30,"minecraft:cooked_chicken":2,"minecraft:rotten_flesh":1,"minecraft:torch":2,"minecraft:stone_axe":14,"minecraft:cobblestone":5,"minecraft:dirt":5,"cobblemon:red_apricorn_seed":1,"minecraft:crafting_table":1,"minecraft:cooked_porkchop":2,"cobblemon:big_root":2,"minecraft:spruce_log":1,"minecraft:snowball":1,"minecraft:diamond_leggings":1},"minecraft:crafted":{"minecraft:oak_planks":4,"minecraft:cooked_porkchop":2,"minecraft:crafting_table":1,"minecraft:stick":12,"minecraft:cooked_chicken":2,"minecraft:stone_pickaxe":1,"minecraft:torch":32,"minecraft:birch_planks":20,"minecraft:stone_axe":1,"minecraft:air":0},"minecraft:picked_up":{"minecraft:birch_log":5,"cobblemon:red_apricorn_seed":1,"minecraft:raw_iron":2,"minecraft:crafting_table":1,"minecraft:chicken":2,"minecraft:enchanted_book":1,"minecraft:oak_log":1,"minecraft:spruce_log":1,"minecraft:dirt":5,"minecraft:rotten_flesh":3,"cobblemon:poke_ball":45,"minecraft:diamond_leggings":1,"cobblemon:oran_berry":1,"cobblemon:thunder_stone":1,"cobblemon:big_root":2,"cobblemon:water_stone":1,"minecraft:coal":9,"minecraft:snowball":1,"minecraft:cobblestone":22},"minecraft:mined":{"minecraft:iron_ore":2,"minecraft:birch_log":5,"minecraft:spruce_log":1,"minecraft:birch_leaves":8,"cobblemon:big_root":2,"minecraft:powder_snow":1,"minecraft:crafting_table":1,"minecraft:grass":1,"minecraft:coal_ore":9,"minecraft:grass_block":4,"minecraft:oak_log":1,"minecraft:cobblestone":2,"cobblemon:red_apricorn_sapling":1,"minecraft:stone":17},"minecraft:killed":{"minecraft:skeleton":1}},"DataVersion":3465}