{"stats":{"minecraft:broken":{"minecraft:stone_pickaxe":1,"minecraft:stone_axe":1},"minecraft:custom":{"minecraft:mob_kills":11,"minecraft:interact_with_crafting_table":15,"minecraft:leave_game":12,"minecraft:time_since_death":20587,"minecraft:climb_one_cm":3566,"minecraft:sprint_one_cm":185398,"minecraft:walk_one_cm":162191,"minecraft:damage_blocked_by_shield":855,"minecraft:drop":27,"minecraft:play_time":128998,"minecraft:deaths":9,"minecraft:sneak_time":13102,"minecraft:walk_under_water_one_cm":50429,"minecraft:boat_one_cm":209023,"minecraft:jump":1639,"minecraft:walk_on_water_one_cm":15117,"minecraft:total_world_time":128998,"minecraft:interact_with_furnace":16,"minecraft:time_since_rest":20622,"minecraft:waystone_activated":1,"minecraft:damage_taken":3378,"minecraft:damage_dealt":3403,"minecraft:swim_one_cm":40272,"minecraft:player_kills":2,"minecraft:fly_one_cm":206043,"minecraft:open_chest":3,"minecraft:crouch_one_cm":31482,"minecraft:fall_one_cm":57217},"minecraft:dropped":{"minecraft:brown_mushroom":1,"minecraft:cooked_porkchop":1,"cobblemon:oran_berry":1,"minecraft:stick":86,"minecraft:dark_oak_log":1,"minecraft:diorite":9,"cobblemon:poke_ball":24,"minecraft:dark_oak_trapdoor":3,"minecraft:bone_meal":2,"minecraft:dark_oak_planks":9,"minecraft:bowl":4,"minecraft:oak_planks":4,"cobblemon:black_apricorn":2,"cobblemon:black_apricorn_seed":1,"minecraft:melon_seeds":2},"minecraft:killed_by":{"minecraft:creeper":1,"minecraft:skeleton":4,"minecraft:zombie":2},"minecraft:used":{"minecraft:ladder":6,"minecraft:chest":1,"minecraft:shield":10,"minecraft:cooked_chicken":4,"minecraft:rotten_flesh":4,"minecraft:iron_chestplate":1,"minecraft:torch":2,"minecraft:dirt":7,"minecraft:snowball":1,"minecraft:dark_oak_planks":44,"minecraft:smooth_basalt":3,"minecraft:sweet_berries":1,"minecraft:furnace":5,"cobblemon:big_root":2,"minecraft:cobbled_deepslate":6,"minecraft:calcite":3,"minecraft:cooked_mutton":2,"minecraft:stone_pickaxe":126,"minecraft:oak_planks":4,"minecraft:blue_bed":2,"minecraft:dark_oak_trapdoor":1,"minecraft:crafting_table":5,"minecraft:mushroom_stew":4,"minecraft:spruce_log":1,"minecraft:dark_oak_log":27,"minecraft:iron_pickaxe":102,"minecraft:stone_axe":115,"minecraft:cobblestone":47,"cobblemon:red_apricorn_seed":1,"minecraft:cooked_porkchop":2,"minecraft:porkchop":1,"minecraft:andesite":1,"minecraft:oak_boat":2,"minecraft:diamond_leggings":1},"minecraft:crafted":{"minecraft:oak_planks":16,"minecraft:cooked_chicken":2,"minecraft:furnace":3,"minecraft:dark_oak_trapdoor":2,"minecraft:iron_boots":1,"minecraft:stone_pickaxe":1,"minecraft:chest":1,"minecraft:dark_oak_planks":80,"minecraft:cooked_porkchop":3,"minecraft:crafting_table":3,"minecraft:spruce_planks":12,"minecraft:iron_helmet":1,"minecraft:birch_planks":20,"minecraft:stone_axe":2,"minecraft:air":0,"minecraft:iron_chestplate":1,"minecraft:stick":96,"minecraft:iron_ingot":23,"minecraft:iron_pickaxe":1,"minecraft:torch":32},"minecraft:picked_up":{"minecraft:crafting_table":2,"minecraft:chicken":2,"minecraft:ladder":6,"minecraft:brown_mushroom":1,"minecraft:enchanted_book":1,"minecraft:shield":1,"minecraft:amethyst_block":5,"minecraft:dark_oak_trapdoor":2,"minecraft:diamond_leggings":1,"minecraft:cobbled_deepslate":22,"cobblemon:oran_berry":1,"minecraft:oak_boat":2,"minecraft:calcite":5,"cobblemon:big_root":2,"cobblemon:dusk_stone":1,"minecraft:furnace":2,"minecraft:stick":66,"minecraft:raw_iron":61,"minecraft:porkchop":2,"minecraft:diorite":9,"minecraft:dark_oak_planks":32,"minecraft:arrow":3,"minecraft:rotten_flesh":4,"minecraft:snowball":1,"minecraft:cobblestone":64,"minecraft:birch_log":5,"minecraft:air":0,"minecraft:andesite":1,"minecraft:mushroom_stew":4,"minecraft:oak_log":4,"minecraft:dirt":13,"minecraft:lapis_lazuli":49,"minecraft:blue_bed":3,"minecraft:cooked_mutton":2,"minecraft:bone":1,"minecraft:bow":1,"cobblemon:black_apricorn":4,"minecraft:raw_gold":8,"minecraft:iron_ingot":4,"minecraft:cooked_chicken":2,"cobblemon:thunder_stone":1,"cobblemon:moon_stone":1,"minecraft:oak_planks":4,"cobblemon:red_apricorn_seed":1,"minecraft:smooth_basalt":3,"minecraft:sweet_berries":1,"cobblemon:black_apricorn_seed":1,"minecraft:spruce_log":4,"cobblemon:aspear_berry":6,"minecraft:dark_oak_log":48,"minecraft:diamond":2,"cobblemon:poke_ball":57,"minecraft:bone_meal":2,"cobblemon:water_stone":1,"minecraft:melon_seeds":1,"minecraft:coal":51},"minecraft:killed":{"minecraft:skeleton":3,"minecraft:pig":2,"cobblemon:pokemon":1,"minecraft:zombie_villager":1,"minecraft:zombie":2,"minecraft:enderman":1},"minecraft:mined":{"minecraft:dark_oak_planks":12,"minecraft:diamond_ore":1,"minecraft:dark_oak_leaves":6,"minecraft:deepslate_diamond_ore":1,"minecraft:dark_oak_log":49,"cobblemon:aspear_berry":1,"cobblemon:moon_stone_ore":1,"cobblemon:big_root":2,"minecraft:budding_amethyst":2,"minecraft:grass_block":4,"minecraft:brown_mushroom_block":1,"cobblemon:red_apricorn_sapling":1,"minecraft:moss_block":1,"minecraft:furnace":2,"minecraft:iron_ore":33,"minecraft:andesite":1,"minecraft:deepslate_lapis_ore":8,"minecraft:deepslate_iron_ore":23,"minecraft:stone":62,"minecraft:powder_snow":1,"minecraft:crafting_table":2,"minecraft:calcite":7,"minecraft:cobblestone":2,"minecraft:deepslate_gold_ore":8,"cobblemon:oran_berry":1,"minecraft:diorite":9,"minecraft:blue_bed":3,"minecraft:amethyst_block":7,"minecraft:birch_log":5,"minecraft:spruce_log":4,"minecraft:birch_leaves":8,"cobblemon:dusk_stone_ore":1,"minecraft:grass":4,"minecraft:coal_ore":28,"minecraft:oak_log":4,"minecraft:dirt":2,"minecraft:smooth_basalt":3,"minecraft:deepslate":21}},"DataVersion":3465}