{"stats":{"minecraft:crafted":{"minecraft:oak_planks":40,"minecraft:diamond_helmet":1,"minecraft:diamond_leggings":1,"minecraft:cooked_porkchop":3,"minecraft:diamond_axe":1,"minecraft:crafting_table":1,"minecraft:stick":12,"minecraft:iron_pickaxe":1,"minecraft:iron_ingot":5,"minecraft:wooden_pickaxe":1,"minecraft:stone_pickaxe":1,"minecraft:diamond_boots":1,"minecraft:furnace":1,"minecraft:stone_axe":1,"minecraft:air":0,"minecraft:diamond_chestplate":1},"minecraft:custom":{"minecraft:time_since_rest":17392,"minecraft:interact_with_furnace":6,"minecraft:sprint_one_cm":53891,"minecraft:damage_taken":572,"minecraft:walk_one_cm":32295,"minecraft:mob_kills":6,"minecraft:damage_dealt":1112,"minecraft:interact_with_crafting_table":10,"minecraft:swim_one_cm":233,"minecraft:fly_one_cm":83397,"minecraft:player_kills":2,"minecraft:crouch_one_cm":22685,"minecraft:play_time":24988,"minecraft:deaths":3,"minecraft:sneak_time":8872,"minecraft:walk_under_water_one_cm":218,"minecraft:jump":449,"minecraft:leave_game":2,"minecraft:time_since_death":17367,"minecraft:walk_on_water_one_cm":533,"minecraft:total_world_time":24988,"minecraft:fall_one_cm":12211},"minecraft:picked_up":{"minecraft:raw_iron":9,"minecraft:crafting_table":5,"minecraft:sandstone":1,"minecraft:feather":1,"minecraft:chicken":1,"minecraft:flint":1,"minecraft:gravel":7,"minecraft:porkchop":11,"minecraft:sand":4,"minecraft:tuff":13,"minecraft:oak_log":10,"minecraft:rotten_flesh":2,"minecraft:diamond":44,"minecraft:cobbled_deepslate":118,"minecraft:granite":23,"minecraft:cooked_chicken":1,"minecraft:coal":39,"minecraft:cobblestone":115,"minecraft:furnace":2},"minecraft:mined":{"minecraft:tuff":13,"minecraft:furnace":2,"minecraft:deepslate_diamond_ore":44,"minecraft:iron_ore":9,"minecraft:crafting_table":5,"minecraft:granite":24,"minecraft:short_grass":4,"minecraft:oak_log":10,"minecraft:coal_ore":20,"minecraft:gravel":8,"minecraft:sand":4,"minecraft:stone":115,"minecraft:sandstone":1,"minecraft:oak_leaves":1,"minecraft:deepslate":118},"minecraft:killed_by":{"minecraft:player":2},"minecraft:broken":{"minecraft:stone_pickaxe":1},"minecraft:killed":{"minecraft:zombie":1,"minecraft:pig":4,"minecraft:chicken":1},"minecraft:used":{"minecraft:iron_pickaxe":220,"minecraft:stone_pickaxe":131,"minecraft:wooden_pickaxe":4,"minecraft:diamond_axe":1,"minecraft:stone_axe":13,"minecraft:diamond_chestplate":1,"minecraft:sand":2,"minecraft:crafting_table":5,"minecraft:furnace":2,"minecraft:cooked_porkchop":2,"minecraft:cobbled_deepslate":12,"minecraft:diamond_leggings":1}},"DataVersion":3955}