{"stats":{"minecraft:custom":{"minecraft:time_since_rest":14140,"minecraft:waystone_activated":1,"minecraft:sprint_one_cm":256273,"minecraft:damage_taken":2751,"minecraft:walk_one_cm":171014,"minecraft:mob_kills":6,"minecraft:drop":8,"minecraft:damage_dealt":1580,"minecraft:swim_one_cm":18153,"minecraft:interact_with_crafting_table":3,"minecraft:fly_one_cm":275229,"minecraft:open_chest":2,"minecraft:crouch_one_cm":15095,"minecraft:play_time":68428,"minecraft:deaths":8,"minecraft:sneak_time":5104,"minecraft:walk_under_water_one_cm":1417,"minecraft:jump":1683,"minecraft:walk_on_water_one_cm":644,"minecraft:time_since_death":14095,"minecraft:sleep_in_bed":1,"minecraft:total_world_time":68428,"minecraft:fall_one_cm":55876,"minecraft:inspect_dispenser":1},"minecraft:dropped":{"minecraft:feather":3,"minecraft:rotten_flesh":2,"minecraft:string":3},"minecraft:crafted":{"minecraft:crafting_table":1,"minecraft:spruce_planks":28,"minecraft:stick":8,"minecraft:wooden_pickaxe":1,"minecraft:stone_pickaxe":1,"minecraft:stone_axe":1},"minecraft:killed_by":{"minecraft:player":1,"minecraft:skeleton":2,"minecraft:spider":1,"minecraft:zombie":4},"minecraft:used":{"minecraft:bread":20,"minecraft:stone_pickaxe":56,"minecraft:wooden_pickaxe":30,"minecraft:stone_axe":13,"minecraft:dirt":6,"minecraft:cobblestone":4,"minecraft:crafting_table":2,"minecraft:egg":5},"minecraft:picked_up":{"minecraft:raw_iron":6,"minecraft:crafting_table":2,"minecraft:feather":3,"minecraft:chicken":2,"cobblemon:yellow_apricorn":15,"cobblemon:red_apricorn":8,"cobblemon:pink_apricorn":7,"minecraft:spruce_log":7,"minecraft:string":4,"minecraft:dirt":6,"minecraft:raw_copper":3,"cobblemon:white_apricorn":9,"minecraft:rotten_flesh":5,"cobblemon:poke_ball":26,"cobblemon:green_apricorn":2,"minecraft:gray_wool":1,"cobblemon:big_root":1,"cobblemon:chesto_berry":19,"minecraft:mutton":4,"minecraft:coal":56,"minecraft:white_wool":1,"minecraft:cobblestone":12,"minecraft:egg":6},"minecraft:mined":{"minecraft:iron_ore":6,"cobblemon:razz_berry":1,"minecraft:spruce_log":7,"cobblemon:big_root":1,"minecraft:birch_leaves":8,"minecraft:powder_snow":40,"cobblemon:apricorn_leaves":1,"minecraft:crafting_table":2,"minecraft:grass":4,"minecraft:grass_block":4,"minecraft:coal_ore":56,"minecraft:dirt":2,"minecraft:copper_ore":1,"minecraft:cobblestone":2,"minecraft:spruce_leaves":1,"minecraft:stone":10,"minecraft:oak_leaves":6,"minecraft:spawner":1},"minecraft:killed":{"minecraft:sheep":1,"minecraft:zombie":4,"minecraft:zombie_villager":1}},"DataVersion":3465}