{"stats":{"minecraft:custom":{"minecraft:time_since_rest":1371,"minecraft:waystone_activated":1,"minecraft:sprint_one_cm":120135,"minecraft:damage_taken":2171,"minecraft:walk_one_cm":65366,"minecraft:mob_kills":3,"minecraft:drop":8,"minecraft:damage_dealt":1017,"minecraft:swim_one_cm":10224,"minecraft:interact_with_crafting_table":3,"minecraft:fly_one_cm":128485,"minecraft:crouch_one_cm":7004,"minecraft:play_time":32428,"minecraft:deaths":7,"minecraft:sneak_time":2413,"minecraft:walk_under_water_one_cm":38,"minecraft:jump":747,"minecraft:walk_on_water_one_cm":66,"minecraft:time_since_death":1345,"minecraft:sleep_in_bed":1,"minecraft:total_world_time":32428,"minecraft:fall_one_cm":26961,"minecraft:inspect_dispenser":1},"minecraft:dropped":{"minecraft:feather":3,"minecraft:rotten_flesh":2,"minecraft:string":3},"minecraft:crafted":{"minecraft:crafting_table":1,"minecraft:spruce_planks":28,"minecraft:stick":8,"minecraft:wooden_pickaxe":1,"minecraft:stone_pickaxe":1,"minecraft:stone_axe":1},"minecraft:killed_by":{"minecraft:player":1,"minecraft:skeleton":2,"minecraft:zombie":4},"minecraft:used":{"minecraft:bread":9,"minecraft:stone_pickaxe":7,"minecraft:wooden_pickaxe":30,"minecraft:stone_axe":7,"minecraft:dirt":5,"minecraft:crafting_table":2,"minecraft:egg":3},"minecraft:picked_up":{"minecraft:crafting_table":1,"minecraft:feather":3,"minecraft:chicken":2,"minecraft:spruce_log":7,"minecraft:string":3,"minecraft:dirt":5,"minecraft:rotten_flesh":2,"cobblemon:poke_ball":2,"minecraft:mutton":2,"minecraft:coal":18,"minecraft:white_wool":1,"minecraft:cobblestone":9,"minecraft:egg":3},"minecraft:mined":{"minecraft:spruce_log":7,"minecraft:powder_snow":35,"minecraft:crafting_table":1,"minecraft:grass":1,"minecraft:grass_block":3,"minecraft:coal_ore":18,"minecraft:dirt":2,"minecraft:spruce_leaves":1,"minecraft:stone":9,"minecraft:oak_leaves":1},"minecraft:killed":{"minecraft:zombie":2,"minecraft:zombie_villager":1}},"DataVersion":3465}