{"stats":{"minecraft:custom":{"minecraft:time_since_rest":3146,"minecraft:waystone_activated":1,"minecraft:deaths":1,"minecraft:crouch_one_cm":2028,"minecraft:play_time":20428,"minecraft:sprint_one_cm":79348,"minecraft:damage_taken":507,"minecraft:walk_one_cm":42594,"minecraft:sneak_time":630,"minecraft:mob_kills":1,"minecraft:drop":6,"minecraft:jump":478,"minecraft:damage_dealt":357,"minecraft:time_since_death":3119,"minecraft:sleep_in_bed":1,"minecraft:total_world_time":20428,"minecraft:inspect_dispenser":1,"minecraft:fly_one_cm":77829,"minecraft:fall_one_cm":9039},"minecraft:dropped":{"minecraft:feather":3,"minecraft:string":3},"minecraft:killed_by":{"minecraft:zombie":1},"minecraft:used":{"minecraft:dirt":3,"minecraft:bread":3,"minecraft:egg":2},"minecraft:picked_up":{"minecraft:feather":3,"minecraft:chicken":2,"cobblemon:poke_ball":2,"minecraft:spruce_log":7,"minecraft:dirt":3,"minecraft:mutton":2,"minecraft:string":3,"minecraft:white_wool":1,"minecraft:egg":2},"minecraft:killed":{"minecraft:zombie":1},"minecraft:mined":{"minecraft:grass":1,"minecraft:grass_block":2,"minecraft:dirt":1,"minecraft:spruce_leaves":1,"minecraft:spruce_log":7,"minecraft:powder_snow":21}},"DataVersion":3465}