{"stats":{"minecraft:killed":{"minecraft:iron_golem":1,"zombie_extreme:infectedperson":2,"minecraft:sheep":9,"zombie_extreme:survival":1,"minecraft:cow":2},"minecraft:custom":{"minecraft:interact_with_furnace":30,"minecraft:mob_kills":15,"minecraft:interact_with_crafting_table":22,"minecraft:play_one_minute":59582,"minecraft:time_since_death":6579,"minecraft:time_since_rest":5673,"minecraft:sprint_one_cm":137100,"minecraft:damage_taken":1206,"minecraft:walk_one_cm":75321,"minecraft:damage_blocked_by_shield":320,"tombstone:sneak_grave":1,"minecraft:drop":25,"minecraft:damage_dealt":2717,"minecraft:swim_one_cm":670,"minecraft:fly_one_cm":244910,"minecraft:open_chest":2,"minecraft:crouch_one_cm":16501,"tombstone:undead_killed":2,"minecraft:deaths":4,"minecraft:sneak_time":8197,"minecraft:walk_under_water_one_cm":663,"minecraft:jump":1180,"minecraft:walk_on_water_one_cm":484,"minecraft:fall_one_cm":24538},"minecraft:used":{"minecraft:stone_sword":26,"minecraft:birch_planks":8,"minecraft:glass_bottle":10,"minecraft:stone_pickaxe":36,"minecraft:shield":25,"minecraft:wooden_pickaxe":11,"minecraft:iron_sword":38,"minecraft:rotten_flesh":1,"minecraft:white_wool":11,"minecraft:torch":15,"minecraft:dirt":7,"minecraft:crafting_table":6,"minecraft:white_bed":1,"minecraft:iron_axe":11,"minecraft:bread":4,"minecraft:iron_pickaxe":228,"minecraft:stone_axe":18,"minecraft:cobblestone":11,"minecraft:potion":7,"minecraft:oak_sapling":1,"minecraft:furnace":2,"tombstone:gift":3},"minecraft:killed_by":{"zombie_extreme:infected_dog":1,"zombie_extreme:night_hunter":1,"zombie_extreme:infectedperson":2},"minecraft:crafted":{"minecraft:glass_bottle":3,"butchersdelight:hook":1,"minecraft:iron_nugget":9,"minecraft:crafting_table":2,"minecraft:wooden_pickaxe":1,"minecraft:iron_sword":1,"minecraft:furnace":1,"minecraft:birch_planks":44,"minecraft:stone_axe":1,"minecraft:bread":39,"minecraft:air":0,"zombie_extreme:combatvest_boots":1,"minecraft:glass":3,"zombie_extreme:combat_helmet_helmet":1,"minecraft:iron_chestplate":1,"minecraft:shield":1,"minecraft:iron_axe":1,"tombstone:grave_key":2,"minecraft:stick":16,"minecraft:iron_ingot":27,"minecraft:iron_pickaxe":1,"minecraft:stone_pickaxe":1,"zombie_extreme:blackbar":5,"minecraft:stone_sword":1,"minecraft:light_gray_dye":2,"minecraft:white_bed":1,"zombie_extreme:combatvest_leggings":1,"minecraft:torch":16,"minecraft:wheat":117},"minecraft:mined":{"minecraft:white_bed":1,"zombie_extreme:copper_ore":5,"minecraft:crafting_table":5,"minecraft:granite":2,"minecraft:grass_block":5,"zombie_extreme:blackmetal":14,"minecraft:chest":1,"minecraft:tall_grass":19,"minecraft:diorite":3,"minecraft:wall_torch":1,"minecraft:large_fern":2,"minecraft:hay_block":13,"minecraft:seagrass":1,"minecraft:birch_planks":8,"minecraft:tall_seagrass":1,"minecraft:brick_slab":1,"minecraft:furnace":2,"zombie_extreme:oreradium":5,"minecraft:birch_log":11,"minecraft:iron_ore":47,"minecraft:andesite":25,"minecraft:birch_leaves":1,"minecraft:azure_bluet":2,"minecraft:grass":24,"minecraft:coal_ore":36,"minecraft:iron_bars":1,"minecraft:sand":3,"minecraft:dirt":6,"minecraft:cobweb":4,"butchersdelight:piperbush":1,"minecraft:stone":131,"minecraft:white_wool":3,"minecraft:oak_leaves":1,"minecraft:fern":1},"minecraft:picked_up":{"minecraft:birch_log":11,"minecraft:crafting_table":5,"minecraft:azure_bluet":2,"zombie_extreme:blackmetal":14,"minecraft:andesite":25,"minecraft:birch_planks":8,"minecraft:string":4,"minecraft:dirt":11,"butchersdelight:dead_cow":2,"minecraft:wheat_seeds":4,"minecraft:iron_ingot":4,"minecraft:stone_pickaxe":1,"minecraft:iron_ore":53,"minecraft:iron_nugget":4,"minecraft:chest":1,"zombie_extreme:copper_ore":5,"minecraft:furnace":2,"butchersdelight:piper":3,"zombie_extreme:oreradium":5,"minecraft:torch":1,"minecraft:sand":3,"minecraft:diorite":3,"minecraft:white_bed":1,"minecraft:brick_slab":1,"butchersdelight:deadsheep":9,"minecraft:rotten_flesh":3,"minecraft:hay_block":13,"minecraft:granite":2,"zombie_extreme:painkillers":1,"minecraft:oak_sapling":3,"minecraft:iron_bars":1,"minecraft:cobblestone":130,"minecraft:coal":73,"minecraft:white_wool":18},"minecraft:dropped":{"minecraft:stone_axe":1,"butchersdelight:dead_cow":1,"minecraft:iron_nugget":4,"minecraft:stone_sword":1,"minecraft:glass_bottle":1,"minecraft:crafting_table":1,"butchersdelight:deadsheep":9,"minecraft:rotten_flesh":1,"minecraft:dirt":4,"minecraft:oak_sapling":2,"tombstone:grave_dust":3,"minecraft:light_gray_dye":2,"minecraft:wooden_pickaxe":1,"minecraft:stone_pickaxe":2}},"DataVersion":2586}