{"stats":{"minecraft:dropped":{"minecraft:bread":96,"minecraft:stone_axe":1,"minecraft:wheat_seeds":1,"minecraft:chicken":1,"minecraft:mutton":2,"cobblemon:healing_machine":5,"minecraft:stone_pickaxe":1,"minecraft:wooden_pickaxe":1,"minecraft:spruce_sapling":1},"minecraft:killed":{"cobblemon:pokemon":1,"minecraft:spider":1,"minecraft:sheep":3,"minecraft:skeleton":1,"minecraft:zombie":3},"minecraft:picked_up":{"minecraft:pink_petals":3,"minecraft:crafting_table":3,"minecraft:air":0,"minecraft:chicken":1,"minecraft:andesite":2,"cobblemon:yellow_apricorn":6,"cobblemon:red_apricorn":3,"minecraft:oak_log":1,"minecraft:string":1,"minecraft:dirt":4,"minecraft:red_bed":1,"minecraft:wheat_seeds":1,"cobblemon:green_apricorn":2,"cobblemon:relic_coin":14,"minecraft:furnace":1,"minecraft:stick":3,"minecraft:raw_iron":23,"minecraft:torch":3,"cobblemon:yellow_apricorn_seed":1,"minecraft:spruce_sapling":4,"minecraft:white_bed":1,"minecraft:spruce_log":5,"minecraft:spider_eye":1,"cobblemon:healing_machine":5,"minecraft:rotten_flesh":4,"cobblemon:poke_ball":3,"minecraft:soul_lantern":1,"minecraft:bread":32,"minecraft:mutton":2,"minecraft:coal":92,"minecraft:white_wool":3,"minecraft:cobblestone":23},"minecraft:killed_by":{"minecraft:player":5,"minecraft:skeleton":1},"minecraft:used":{"minecraft:moss_block":85,"minecraft:stone_sword":39,"minecraft:snow_block":312,"minecraft:smooth_quartz_slab":70,"minecraft:red_concrete":8,"minecraft:stone_pickaxe":87,"minecraft:lime_wool":1,"minecraft:ladder":10,"minecraft:copper_block":1,"minecraft:shield":3,"minecraft:wooden_pickaxe":9,"minecraft:stone":4,"minecraft:debug_stick":22,"minecraft:spruce_leaves":7,"minecraft:torch":90,"minecraft:dirt":4,"minecraft:lime_terracotta":173,"minecraft:crafting_table":3,"minecraft:red_bed":2,"minecraft:bamboo_block":87,"cobblemon:yellow_apricorn_seed":1,"minecraft:white_bed":1,"cobblemon:healing_machine":11,"minecraft:lightning_rod":4,"minecraft:polished_diorite":1,"minecraft:mud":122,"minecraft:oak_log":46,"minecraft:packed_ice":71,"minecraft:black_concrete":24,"minecraft:bamboo_fence":62,"minecraft:light_gray_stained_glass":1,"minecraft:muddy_mangrove_roots":2,"minecraft:quartz_block":52,"minecraft:mangrove_stairs":58,"minecraft:red_wool":6,"minecraft:light_gray_concrete":19,"minecraft:grass_block":1,"minecraft:lantern":15,"minecraft:iron_axe":5,"minecraft:bread":14,"minecraft:green_wool":49,"minecraft:verdant_froglight":3,"minecraft:iron_pickaxe":1,"minecraft:spruce_sapling":1,"minecraft:soul_lantern":6,"minecraft:bedrock":79,"minecraft:stone_axe":6,"cobblemon:pc":1,"minecraft:pink_petals":3,"minecraft:cobblestone":38,"minecraft:snow":4,"minecraft:cherry_stairs":13,"megamons:sablenite_crystal_ore":1,"minecraft:furnace":1,"minecraft:mangrove_slab":27,"minecraft:stripped_oak_log":21,"minecraft:white_concrete":8,"minecraft:cherry_fence":25,"minecraft:cherry_log":37,"minecraft:gray_stained_glass":209},"minecraft:custom":{"minecraft:interact_with_furnace":6,"minecraft:mob_kills":9,"minecraft:interact_with_crafting_table":9,"minecraft:leave_game":1,"minecraft:time_since_death":43049,"minecraft:sleep_in_bed":3,"minecraft:climb_one_cm":1365,"minecraft:time_since_rest":43078,"minecraft:sprint_one_cm":154282,"minecraft:damage_taken":2268,"minecraft:walk_one_cm":225948,"minecraft:damage_blocked_by_shield":255,"minecraft:drop":15,"minecraft:damage_dealt":2224,"minecraft:player_kills":4,"minecraft:swim_one_cm":6601,"minecraft:fly_one_cm":469667,"minecraft:crouch_one_cm":11259,"minecraft:play_time":113395,"minecraft:deaths":7,"minecraft:sneak_time":5397,"minecraft:walk_under_water_one_cm":4124,"minecraft:jump":1273,"minecraft:walk_on_water_one_cm":3048,"minecraft:total_world_time":113395,"minecraft:fall_one_cm":34311},"minecraft:mined":{"cobblemon:healing_machine":5,"minecraft:white_bed":1,"minecraft:red_bed":1,"minecraft:powder_snow":13,"cobblemon:cheri_berry":1,"minecraft:crafting_table":3,"minecraft:grass_block":4,"minecraft:tall_grass":3,"minecraft:cobblestone":1,"minecraft:spruce_leaves":9,"cobblemon:relic_coin_pouch":3,"minecraft:pink_petals":1,"minecraft:furnace":1,"minecraft:iron_ore":16,"minecraft:spruce_log":5,"minecraft:andesite":2,"minecraft:grass":7,"minecraft:oak_log":1,"minecraft:coal_ore":47,"minecraft:stone":22},"minecraft:crafted":{"minecraft:crafting_table":1,"minecraft:spruce_planks":20,"minecraft:wooden_pickaxe":1,"minecraft:furnace":1,"minecraft:stone_axe":1,"minecraft:air":0,"minecraft:shield":1,"minecraft:iron_axe":1,"minecraft:stick":8,"minecraft:iron_ingot":9,"minecraft:iron_pickaxe":1,"minecraft:stone_pickaxe":1,"minecraft:stone_sword":1,"minecraft:white_bed":1}},"DataVersion":3465}