{"stats":{"minecraft:crafted":{"minecraft:oak_planks":24,"minecraft:diamond_sword":1,"minecraft:diamond_axe":1,"minecraft:crafting_table":4,"minecraft:wooden_pickaxe":2,"minecraft:furnace":2,"minecraft:bucket":1,"minecraft:birch_planks":40,"minecraft:stone_axe":2,"minecraft:air":0,"minecraft:diamond_helmet":1,"minecraft:diamond_leggings":1,"minecraft:diamond_pickaxe":1,"minecraft:shield":1,"minecraft:stick":24,"minecraft:iron_ingot":6,"minecraft:iron_pickaxe":1,"minecraft:stone_pickaxe":2,"minecraft:stone_sword":2,"minecraft:diamond_boots":1,"minecraft:white_bed":1,"minecraft:torch":12,"minecraft:diamond_chestplate":1},"minecraft:custom":{"minecraft:interact_with_furnace":5,"minecraft:mob_kills":10,"minecraft:interact_with_crafting_table":14,"minecraft:time_since_death":24685,"minecraft:time_since_rest":24735,"minecraft:sprint_one_cm":56118,"minecraft:damage_taken":686,"minecraft:walk_one_cm":49290,"minecraft:damage_blocked_by_shield":45,"minecraft:drop":10,"minecraft:damage_dealt":1090,"minecraft:swim_one_cm":11012,"minecraft:fly_one_cm":106569,"minecraft:open_chest":1,"minecraft:crouch_one_cm":22494,"minecraft:play_time":70589,"minecraft:sneak_time":12331,"minecraft:deaths":3,"minecraft:walk_under_water_one_cm":11568,"minecraft:jump":643,"minecraft:walk_on_water_one_cm":14132,"minecraft:total_world_time":70589,"minecraft:fall_one_cm":11147},"minecraft:mined":{"minecraft:tuff":3,"minecraft:deepslate_diamond_ore":40,"minecraft:obsidian":7,"minecraft:crafting_table":6,"minecraft:granite":6,"minecraft:short_grass":7,"minecraft:grass_block":2,"minecraft:tall_grass":9,"minecraft:deepslate_gold_ore":10,"minecraft:sugar_cane":11,"minecraft:sandstone":1,"minecraft:furnace":1,"minecraft:birch_log":10,"minecraft:iron_ore":6,"minecraft:birch_leaves":3,"minecraft:deepslate_lapis_ore":15,"minecraft:coal_ore":21,"minecraft:oak_log":15,"minecraft:deepslate_iron_ore":6,"minecraft:gravel":1,"minecraft:dirt":7,"minecraft:stone":85,"minecraft:oak_leaves":4,"minecraft:deepslate":208},"minecraft:picked_up":{"minecraft:birch_log":10,"minecraft:crafting_table":6,"minecraft:feather":2,"minecraft:chicken":1,"minecraft:flint":1,"minecraft:tuff":3,"minecraft:oak_log":15,"minecraft:lapis_lazuli":100,"minecraft:string":2,"minecraft:dirt":9,"minecraft:cobbled_deepslate":208,"minecraft:raw_gold":10,"minecraft:stone_pickaxe":1,"minecraft:iron_pickaxe":1,"minecraft:sugar_cane":18,"minecraft:furnace":1,"minecraft:stick":1,"minecraft:raw_iron":12,"minecraft:sandstone":1,"minecraft:porkchop":5,"minecraft:spider_eye":1,"minecraft:stone_sword":1,"minecraft:rotten_flesh":1,"minecraft:diamond":39,"minecraft:stone_axe":1,"minecraft:granite":6,"minecraft:obsidian":7,"minecraft:mutton":4,"minecraft:coal":36,"minecraft:white_wool":3,"minecraft:cobblestone":85},"minecraft:killed_by":{"minecraft:creeper":1},"minecraft:dropped":{"minecraft:stone_axe":2,"minecraft:stone_sword":2,"minecraft:stone_pickaxe":2,"minecraft:wooden_pickaxe":2,"minecraft:iron_pickaxe":2},"minecraft:killed":{"minecraft:pig":2,"minecraft:spider":1,"minecraft:sheep":3,"minecraft:zombie":2,"minecraft:chicken":1,"minecraft:drowned":1},"minecraft:used":{"minecraft:water_bucket":2,"minecraft:diamond_boots":1,"minecraft:stone_sword":11,"minecraft:stone_pickaxe":115,"minecraft:shield":1,"minecraft:wooden_pickaxe":27,"minecraft:diamond_axe":3,"minecraft:rotten_flesh":1,"minecraft:torch":5,"minecraft:dirt":7,"minecraft:mutton":3,"minecraft:crafting_table":10,"minecraft:diamond_helmet":1,"minecraft:golden_chestplate":1,"minecraft:diamond_pickaxe":209,"minecraft:iron_pickaxe":67,"minecraft:diamond_chestplate":1,"minecraft:diamond_sword":10,"minecraft:stone_axe":13,"minecraft:reinforced_deepslate":35,"minecraft:cobblestone":21,"minecraft:furnace":2,"minecraft:bucket":3,"minecraft:cobbled_deepslate":34}},"DataVersion":3955}