{"stats":{"minecraft:killed_by":{"minecraft:player":3},"minecraft:custom":{"minecraft:time_since_rest":20220,"minecraft:sprint_one_cm":91066,"minecraft:damage_taken":1176,"minecraft:walk_one_cm":67260,"minecraft:mob_kills":6,"minecraft:drop":12,"minecraft:damage_dealt":1563,"minecraft:swim_one_cm":6601,"minecraft:player_kills":3,"minecraft:interact_with_crafting_table":3,"minecraft:fly_one_cm":178462,"minecraft:crouch_one_cm":5392,"minecraft:play_time":47862,"minecraft:deaths":4,"minecraft:sneak_time":2027,"minecraft:walk_under_water_one_cm":3996,"minecraft:jump":761,"minecraft:walk_on_water_one_cm":2011,"minecraft:time_since_death":20643,"minecraft:sleep_in_bed":1,"minecraft:total_world_time":47862,"minecraft:fall_one_cm":21828},"minecraft:dropped":{"minecraft:bread":96,"minecraft:wheat_seeds":1,"minecraft:mutton":1,"cobblemon:healing_machine":5,"minecraft:chicken":1,"minecraft:wooden_pickaxe":1,"minecraft:spruce_sapling":1},"minecraft:mined":{"cobblemon:healing_machine":2,"minecraft:red_bed":1,"minecraft:spruce_log":5,"minecraft:powder_snow":13,"minecraft:crafting_table":1,"minecraft:grass":5,"minecraft:grass_block":4,"minecraft:coal_ore":11,"minecraft:cobblestone":1,"minecraft:spruce_leaves":9,"minecraft:stone":14},"minecraft:killed":{"minecraft:sheep":3,"minecraft:zombie":1,"cobblemon:pokemon":1,"minecraft:spider":1},"minecraft:picked_up":{"minecraft:stick":3,"minecraft:crafting_table":1,"minecraft:air":0,"minecraft:chicken":1,"minecraft:spruce_sapling":2,"minecraft:spruce_log":5,"minecraft:red_bed":1,"minecraft:spider_eye":1,"minecraft:string":1,"minecraft:dirt":4,"cobblemon:healing_machine":2,"minecraft:rotten_flesh":3,"cobblemon:poke_ball":2,"minecraft:wheat_seeds":1,"cobblemon:green_apricorn":2,"minecraft:bread":32,"minecraft:mutton":2,"minecraft:coal":11,"minecraft:white_wool":3,"minecraft:cobblestone":15},"minecraft:used":{"minecraft:oak_log":43,"minecraft:stone_sword":26,"minecraft:mangrove_stairs":58,"minecraft:light_gray_concrete":17,"minecraft:lantern":1,"minecraft:bread":9,"minecraft:stone_pickaxe":21,"minecraft:verdant_froglight":3,"minecraft:wooden_pickaxe":9,"minecraft:spruce_sapling":1,"cobblemon:pc":1,"minecraft:stone_axe":4,"minecraft:spruce_leaves":7,"minecraft:dirt":4,"minecraft:cobblestone":33,"minecraft:crafting_table":1,"minecraft:red_bed":2,"minecraft:mangrove_slab":7,"minecraft:stripped_oak_log":21,"cobblemon:healing_machine":5},"minecraft:crafted":{"minecraft:crafting_table":1,"minecraft:spruce_planks":20,"minecraft:stick":4,"minecraft:wooden_pickaxe":1,"minecraft:stone_pickaxe":1,"minecraft:stone_sword":1,"minecraft:stone_axe":1}},"DataVersion":3465}