{"stats":{"minecraft:custom":{"minecraft:mob_kills":62,"minecraft:interact_with_crafting_table":26,"minecraft:bell_ring":1,"minecraft:leave_game":1,"minecraft:time_since_death":4093,"minecraft:climb_one_cm":6761,"minecraft:sprint_one_cm":499415,"minecraft:walk_one_cm":419506,"minecraft:damage_blocked_by_shield":1410,"minecraft:drop":54,"minecraft:talked_to_villager":13,"minecraft:play_time":237258,"minecraft:deaths":17,"minecraft:sneak_time":11624,"minecraft:walk_under_water_one_cm":7682,"minecraft:boat_one_cm":80715,"minecraft:jump":3653,"minecraft:walk_on_water_one_cm":9682,"minecraft:total_world_time":237258,"minecraft:interact_with_furnace":22,"minecraft:sleep_in_bed":3,"minecraft:time_since_rest":4116,"minecraft:waystone_activated":1,"minecraft:damage_taken":6870,"minecraft:damage_dealt":10048,"minecraft:swim_one_cm":26477,"minecraft:fly_one_cm":1019076,"minecraft:player_kills":7,"minecraft:open_chest":10,"minecraft:crouch_one_cm":23372,"minecraft:fall_one_cm":103247,"minecraft:inspect_dispenser":6},"minecraft:dropped":{"minecraft:iron_ingot":3,"minecraft:bread":96,"minecraft:wheat_seeds":4,"minecraft:oak_log":13,"cobblemon:potion":3,"minecraft:apple":5,"minecraft:leather":1,"minecraft:purple_dye":64,"minecraft:coal":45,"minecraft:green_dye":64,"minecraft:yellow_dye":64,"minecraft:mutton":2,"cobblemon:green_apricorn":6,"minecraft:gold_nugget":1,"minecraft:red_dye":64,"minecraft:paper":64,"minecraft:spruce_sapling":1,"cobblemon:red_apricorn":3,"minecraft:gold_ingot":5,"cobblemon:relic_coin":64,"minecraft:stone_axe":1,"cobblemon:dive_ball":2,"minecraft:stone_sword":1,"cobblemon:azure_ball":2,"minecraft:chicken":1,"cobblemon:yellow_apricorn":8,"minecraft:lime_dye":64,"minecraft:light_blue_dye":64,"minecraft:leather_chestplate":1,"cobblemon:dark_gem":1,"minecraft:potato":3,"cobblemon:healing_machine":8,"cobblemon:revival_herb":1,"minecraft:leather_leggings":1,"cobblemon:citrine_ball":3,"minecraft:arrow":3,"minecraft:magenta_dye":64,"minecraft:stone_pickaxe":1,"minecraft:wooden_pickaxe":1},"minecraft:killed_by":{"minecraft:player":12,"minecraft:creeper":1,"minecraft:skeleton":1,"minecraft:zombie":1},"minecraft:crafted":{"minecraft:oak_planks":20,"usefulbackpacks:backpack_small":2,"minecraft:furnace":2,"minecraft:iron_axe":1,"minecraft:stone_pickaxe":1,"usefulbackpacks:backpack_medium":1,"minecraft:dark_oak_planks":4,"minecraft:firework_star":128,"minecraft:crafting_table":3,"minecraft:spruce_planks":20,"minecraft:wooden_pickaxe":1,"minecraft:iron_sword":1,"minecraft:bucket":1,"minecraft:stone_axe":1,"minecraft:air":0,"minecraft:oak_boat":1,"minecraft:iron_chestplate":1,"minecraft:shield":1,"minecraft:stick":12,"minecraft:iron_pickaxe":1,"minecraft:iron_ingot":30,"minecraft:stone_sword":1,"minecraft:iron_leggings":1,"minecraft:white_bed":1,"minecraft:acacia_planks":4,"minecraft:firework_rocket":192},"minecraft:used":{"minecraft:moss_block":85,"minecraft:stone_sword":119,"minecraft:smooth_quartz_slab":70,"minecraft:red_concrete":8,"minecraft:dispenser":7,"minecraft:redstone":4,"minecraft:ladder":13,"minecraft:shield":19,"minecraft:iron_sword":46,"minecraft:stone":4,"minecraft:rotten_flesh":3,"minecraft:spruce_leaves":7,"minecraft:debug_stick":45,"minecraft:torch":90,"minecraft:dirt":6,"minecraft:polished_diorite":1,"minecraft:packed_ice":136,"minecraft:bamboo_fence":62,"minecraft:light_gray_stained_glass":1,"minecraft:mangrove_stairs":58,"minecraft:iron_axe":76,"minecraft:red_wool":6,"minecraft:muddy_mangrove_roots":2,"minecraft:lantern":15,"minecraft:grass_block":1,"minecraft:quartz_block":53,"minecraft:green_wool":49,"cobblemon:pc":1,"minecraft:bedrock":79,"minecraft:snow":4,"minecraft:goat_horn":1,"minecraft:furnace":4,"megamons:sablenite_crystal_ore":1,"minecraft:mangrove_slab":27,"minecraft:stone_pressure_plate":6,"minecraft:cobbled_deepslate":11,"minecraft:cherry_fence":109,"minecraft:cherry_log":42,"minecraft:iron_leggings":1,"minecraft:leather_leggings":1,"minecraft:snow_block":358,"minecraft:stone_pickaxe":87,"minecraft:lime_wool":1,"minecraft:copper_block":1,"minecraft:leather_chestplate":1,"minecraft:wooden_pickaxe":9,"minecraft:lime_terracotta":173,"minecraft:crafting_table":11,"minecraft:red_bed":2,"cobblemon:yellow_apricorn_seed":1,"minecraft:bamboo_block":87,"minecraft:white_bed":1,"minecraft:spruce_log":1,"cobblemon:healing_machine":26,"minecraft:lightning_rod":4,"minecraft:oak_log":46,"minecraft:mud":147,"waystones:waystone":1,"minecraft:lever":1,"minecraft:black_concrete":24,"minecraft:light_gray_concrete":19,"minecraft:bread":59,"minecraft:barrier":74,"minecraft:iron_pickaxe":118,"minecraft:verdant_froglight":39,"minecraft:spruce_sapling":1,"minecraft:soul_lantern":6,"minecraft:stone_axe":6,"minecraft:pink_petals":3,"minecraft:cobblestone":47,"minecraft:cherry_stairs":14,"minecraft:bucket":1,"minecraft:oak_boat":2,"minecraft:stripped_oak_log":21,"minecraft:white_concrete":8,"minecraft:experience_bottle":1,"minecraft:gray_stained_glass":209},"minecraft:picked_up":{"cobblemon:leaf_stone":2,"minecraft:crafting_table":9,"minecraft:chicken":1,"minecraft:ladder":3,"cobblemon:yellow_apricorn":14,"cobblemon:red_apricorn":9,"minecraft:brick":16,"minecraft:string":9,"minecraft:red_bed":1,"minecraft:moss_carpet":1,"cobblemon:revival_herb":1,"minecraft:cobbled_deepslate":36,"cobblemon:green_apricorn":10,"minecraft:beef":17,"minecraft:oak_boat":1,"minecraft:red_dye":64,"cobblemon:relic_coin":136,"minecraft:egg":3,"minecraft:furnace":4,"minecraft:raw_iron":53,"minecraft:stick":3,"minecraft:acacia_log":1,"minecraft:torch":3,"cobblemon:dive_ball":2,"cobblemon:citrine_ball":3,"minecraft:redstone":18,"minecraft:arrow":1,"minecraft:rotten_flesh":11,"minecraft:gold_ingot":5,"minecraft:mutton":21,"minecraft:white_wool":21,"minecraft:cobblestone":37,"minecraft:pink_petals":3,"minecraft:purple_dye":64,"minecraft:air":0,"minecraft:andesite":2,"minecraft:leather":14,"minecraft:yellow_dye":64,"minecraft:potato":3,"minecraft:magenta_dye":64,"minecraft:tuff":2,"minecraft:oak_log":18,"minecraft:dirt":6,"minecraft:paper":64,"minecraft:bone":2,"minecraft:apple":5,"minecraft:wheat_seeds":6,"minecraft:raw_gold":12,"cobblemon:potion":3,"minecraft:light_blue_dye":64,"minecraft:moss_block":2,"cobblemon:dark_gem":1,"minecraft:flowering_azalea":1,"cobblemon:azure_ball":2,"minecraft:green_dye":64,"cobblemon:yellow_apricorn_seed":1,"minecraft:spruce_sapling":4,"cobblemon:pink_apricorn":1,"minecraft:white_bed":1,"minecraft:spruce_log":5,"minecraft:spider_eye":1,"cobblemon:healing_machine":19,"minecraft:lime_dye":64,"minecraft:diamond":16,"cobblemon:poke_ball":4,"minecraft:soul_lantern":1,"minecraft:bread":32,"minecraft:coal":227},"minecraft:killed":{"minecraft:witch":1,"minecraft:spider":5,"minecraft:skeleton":3,"minecraft:drowned":1,"cobblemon:pokemon":1,"minecraft:sheep":21,"minecraft:pillager":1,"minecraft:zombie":14,"minecraft:cow":15},"minecraft:mined":{"cobblemon:healing_machine":16,"minecraft:tuff":2,"minecraft:white_bed":1,"minecraft:deepslate_diamond_ore":16,"cobblemon:cheri_berry":1,"minecraft:ladder":3,"minecraft:acacia_log":1,"minecraft:grass_block":6,"minecraft:decorated_pot":4,"minecraft:spruce_leaves":9,"minecraft:moss_block":2,"minecraft:furnace":4,"minecraft:iron_ore":32,"minecraft:andesite":2,"minecraft:deepslate_iron_ore":13,"minecraft:stone":27,"minecraft:deepslate_redstone_ore":4,"minecraft:red_bed":1,"cobblemon:leaf_stone_ore":2,"minecraft:powder_snow":17,"minecraft:crafting_table":9,"minecraft:cobblestone":1,"minecraft:tall_grass":9,"minecraft:deepslate_gold_ore":12,"cobblemon:relic_coin_pouch":9,"minecraft:seagrass":1,"minecraft:pink_petals":1,"minecraft:spruce_log":5,"minecraft:grass":27,"minecraft:coal_ore":50,"minecraft:oak_log":5,"minecraft:cobweb":5,"minecraft:deepslate":29,"minecraft:oak_leaves":3}},"DataVersion":3465}