{"stats":{"minecraft:killed":{"minecraft:iron_golem":1},"minecraft:custom":{"minecraft:interact_with_furnace":13,"minecraft:mob_kills":1,"minecraft:interact_with_crafting_table":15,"minecraft:play_one_minute":35582,"minecraft:time_since_death":20253,"minecraft:time_since_rest":18434,"minecraft:sprint_one_cm":71931,"minecraft:damage_taken":886,"minecraft:walk_one_cm":37571,"tombstone:sneak_grave":1,"minecraft:drop":9,"minecraft:damage_dealt":1020,"minecraft:swim_one_cm":670,"minecraft:fly_one_cm":138114,"minecraft:crouch_one_cm":14951,"minecraft:deaths":3,"minecraft:sneak_time":6601,"minecraft:walk_under_water_one_cm":663,"minecraft:jump":649,"minecraft:walk_on_water_one_cm":484,"minecraft:fall_one_cm":13486},"minecraft:used":{"minecraft:stone_sword":26,"minecraft:birch_planks":8,"minecraft:stone_pickaxe":36,"minecraft:wooden_pickaxe":11,"minecraft:torch":11,"minecraft:dirt":7,"minecraft:crafting_table":5,"minecraft:white_bed":1,"minecraft:iron_axe":7,"minecraft:bread":3,"minecraft:iron_pickaxe":164,"minecraft:stone_axe":18,"minecraft:oak_sapling":1,"minecraft:furnace":2,"tombstone:gift":3},"minecraft:killed_by":{"zombie_extreme:infected_dog":1,"zombie_extreme:night_hunter":1,"zombie_extreme:infectedperson":1},"minecraft:crafted":{"minecraft:crafting_table":2,"minecraft:wooden_pickaxe":1,"minecraft:iron_sword":1,"minecraft:furnace":1,"minecraft:birch_planks":44,"minecraft:stone_axe":1,"minecraft:bread":39,"minecraft:air":0,"minecraft:iron_chestplate":1,"minecraft:shield":1,"minecraft:iron_axe":1,"tombstone:grave_key":1,"minecraft:stick":16,"minecraft:iron_ingot":15,"minecraft:iron_pickaxe":1,"minecraft:stone_pickaxe":1,"minecraft:stone_sword":1,"minecraft:white_bed":1,"minecraft:torch":12,"minecraft:wheat":117},"minecraft:mined":{"minecraft:white_bed":1,"minecraft:crafting_table":4,"minecraft:grass_block":4,"zombie_extreme:blackmetal":14,"minecraft:chest":1,"minecraft:tall_grass":10,"minecraft:wall_torch":1,"minecraft:large_fern":2,"minecraft:hay_block":13,"minecraft:seagrass":1,"minecraft:birch_planks":8,"minecraft:tall_seagrass":1,"minecraft:furnace":1,"zombie_extreme:oreradium":5,"minecraft:birch_log":11,"minecraft:iron_ore":43,"minecraft:andesite":14,"minecraft:birch_leaves":1,"minecraft:grass":21,"minecraft:coal_ore":36,"minecraft:sand":3,"minecraft:dirt":4,"butchersdelight:piperbush":1,"minecraft:stone":95,"minecraft:white_wool":3,"minecraft:oak_leaves":1,"minecraft:fern":1},"minecraft:picked_up":{"minecraft:birch_log":11,"minecraft:crafting_table":4,"zombie_extreme:blackmetal":14,"minecraft:andesite":14,"minecraft:birch_planks":8,"minecraft:dirt":8,"minecraft:wheat_seeds":2,"minecraft:iron_ingot":4,"minecraft:stone_pickaxe":1,"minecraft:iron_ore":49,"minecraft:chest":1,"minecraft:furnace":1,"butchersdelight:piper":3,"zombie_extreme:oreradium":5,"minecraft:torch":1,"minecraft:sand":3,"minecraft:white_bed":1,"minecraft:rotten_flesh":1,"minecraft:hay_block":13,"minecraft:oak_sapling":3,"minecraft:cobblestone":95,"minecraft:coal":47,"minecraft:white_wool":3},"minecraft:dropped":{"minecraft:stone_axe":1,"minecraft:stone_sword":1,"minecraft:rotten_flesh":1,"minecraft:oak_sapling":2,"tombstone:grave_dust":1,"minecraft:wooden_pickaxe":1,"minecraft:stone_pickaxe":2}},"DataVersion":2586}