{"stats":{"minecraft:custom":{"minecraft:mob_kills":49,"minecraft:interact_with_crafting_table":19,"minecraft:leave_game":1,"minecraft:time_since_death":24904,"minecraft:climb_one_cm":4366,"minecraft:sprint_one_cm":392926,"minecraft:walk_one_cm":368801,"minecraft:damage_blocked_by_shield":930,"minecraft:drop":50,"minecraft:talked_to_villager":13,"minecraft:play_time":201258,"minecraft:deaths":15,"minecraft:sneak_time":7324,"minecraft:walk_under_water_one_cm":4423,"minecraft:jump":3114,"minecraft:walk_on_water_one_cm":5626,"minecraft:total_world_time":201258,"minecraft:interact_with_furnace":7,"minecraft:sleep_in_bed":3,"minecraft:time_since_rest":24931,"minecraft:waystone_activated":1,"minecraft:damage_taken":5186,"minecraft:damage_dealt":7415,"minecraft:swim_one_cm":14747,"minecraft:fly_one_cm":896229,"minecraft:player_kills":7,"minecraft:open_chest":10,"minecraft:crouch_one_cm":14809,"minecraft:fall_one_cm":83950,"minecraft:inspect_dispenser":6},"minecraft:dropped":{"minecraft:iron_ingot":3,"minecraft:bread":96,"minecraft:wheat_seeds":4,"cobblemon:potion":3,"minecraft:apple":5,"minecraft:leather":1,"minecraft:purple_dye":64,"minecraft:coal":45,"minecraft:green_dye":64,"minecraft:yellow_dye":64,"minecraft:mutton":2,"cobblemon:green_apricorn":6,"minecraft:gold_nugget":1,"minecraft:red_dye":64,"minecraft:paper":64,"minecraft:spruce_sapling":1,"cobblemon:red_apricorn":3,"minecraft:gold_ingot":5,"cobblemon:relic_coin":64,"minecraft:stone_axe":1,"cobblemon:dive_ball":2,"cobblemon:azure_ball":2,"minecraft:chicken":1,"cobblemon:yellow_apricorn":8,"minecraft:lime_dye":64,"minecraft:light_blue_dye":64,"cobblemon:dark_gem":1,"minecraft:potato":3,"cobblemon:healing_machine":8,"cobblemon:revival_herb":1,"cobblemon:citrine_ball":3,"minecraft:arrow":3,"minecraft:magenta_dye":64,"minecraft:stone_pickaxe":1,"minecraft:wooden_pickaxe":1},"minecraft:crafted":{"usefulbackpacks:backpack_small":2,"minecraft:furnace":1,"minecraft:iron_axe":1,"minecraft:stone_pickaxe":1,"usefulbackpacks:backpack_medium":1,"minecraft:dark_oak_planks":4,"minecraft:firework_star":128,"minecraft:crafting_table":3,"minecraft:spruce_planks":20,"minecraft:wooden_pickaxe":1,"minecraft:stone_axe":1,"minecraft:air":0,"minecraft:shield":1,"minecraft:stick":8,"minecraft:iron_pickaxe":1,"minecraft:iron_ingot":9,"minecraft:stone_sword":1,"minecraft:white_bed":1,"minecraft:acacia_planks":4,"minecraft:firework_rocket":192},"minecraft:killed_by":{"minecraft:player":11,"minecraft:skeleton":1,"minecraft:zombie":1},"minecraft:picked_up":{"minecraft:crafting_table":6,"minecraft:chicken":1,"cobblemon:yellow_apricorn":14,"cobblemon:red_apricorn":6,"minecraft:string":2,"minecraft:red_bed":1,"cobblemon:revival_herb":1,"cobblemon:green_apricorn":10,"minecraft:beef":17,"minecraft:red_dye":64,"cobblemon:relic_coin":95,"minecraft:egg":3,"minecraft:furnace":1,"minecraft:raw_iron":23,"minecraft:stick":3,"minecraft:acacia_log":1,"minecraft:torch":3,"cobblemon:dive_ball":2,"cobblemon:citrine_ball":3,"minecraft:redstone":1,"minecraft:rotten_flesh":7,"minecraft:gold_ingot":5,"minecraft:mutton":20,"minecraft:white_wool":20,"minecraft:cobblestone":32,"minecraft:pink_petals":3,"minecraft:purple_dye":64,"minecraft:air":0,"minecraft:andesite":2,"minecraft:leather":14,"minecraft:yellow_dye":64,"minecraft:potato":3,"minecraft:magenta_dye":64,"minecraft:oak_log":1,"minecraft:dirt":4,"minecraft:paper":64,"minecraft:apple":5,"minecraft:wheat_seeds":6,"cobblemon:potion":3,"minecraft:light_blue_dye":64,"cobblemon:dark_gem":1,"cobblemon:azure_ball":2,"minecraft:green_dye":64,"cobblemon:yellow_apricorn_seed":1,"minecraft:spruce_sapling":4,"minecraft:white_bed":1,"minecraft:spruce_log":5,"minecraft:spider_eye":1,"cobblemon:healing_machine":12,"minecraft:lime_dye":64,"cobblemon:poke_ball":4,"minecraft:soul_lantern":1,"minecraft:bread":32,"minecraft:coal":140},"minecraft:used":{"minecraft:moss_block":85,"minecraft:stone_sword":113,"minecraft:smooth_quartz_slab":70,"minecraft:red_concrete":8,"minecraft:dispenser":7,"minecraft:redstone":4,"minecraft:ladder":10,"minecraft:shield":10,"minecraft:stone":4,"minecraft:spruce_leaves":7,"minecraft:debug_stick":45,"minecraft:torch":90,"minecraft:dirt":4,"minecraft:polished_diorite":1,"minecraft:packed_ice":136,"minecraft:bamboo_fence":62,"minecraft:light_gray_stained_glass":1,"minecraft:mangrove_stairs":58,"minecraft:iron_axe":48,"minecraft:red_wool":6,"minecraft:muddy_mangrove_roots":2,"minecraft:lantern":15,"minecraft:grass_block":1,"minecraft:quartz_block":53,"minecraft:green_wool":49,"cobblemon:pc":1,"minecraft:bedrock":79,"minecraft:snow":4,"minecraft:goat_horn":1,"minecraft:furnace":1,"megamons:sablenite_crystal_ore":1,"minecraft:mangrove_slab":27,"minecraft:stone_pressure_plate":6,"minecraft:cherry_fence":109,"minecraft:cherry_log":42,"minecraft:leather_leggings":1,"minecraft:snow_block":358,"minecraft:stone_pickaxe":87,"minecraft:lime_wool":1,"minecraft:copper_block":1,"minecraft:leather_chestplate":1,"minecraft:wooden_pickaxe":9,"minecraft:lime_terracotta":173,"minecraft:crafting_table":8,"minecraft:red_bed":2,"cobblemon:yellow_apricorn_seed":1,"minecraft:bamboo_block":87,"minecraft:white_bed":1,"minecraft:spruce_log":1,"cobblemon:healing_machine":18,"minecraft:lightning_rod":4,"minecraft:oak_log":46,"minecraft:mud":147,"waystones:waystone":1,"minecraft:lever":1,"minecraft:black_concrete":24,"minecraft:light_gray_concrete":19,"minecraft:bread":43,"minecraft:barrier":74,"minecraft:iron_pickaxe":8,"minecraft:verdant_froglight":39,"minecraft:spruce_sapling":1,"minecraft:soul_lantern":6,"minecraft:stone_axe":6,"minecraft:pink_petals":3,"minecraft:cobblestone":38,"minecraft:cherry_stairs":14,"minecraft:stripped_oak_log":21,"minecraft:white_concrete":8,"minecraft:experience_bottle":1,"minecraft:gray_stained_glass":209},"minecraft:killed":{"minecraft:spider":2,"minecraft:skeleton":1,"cobblemon:pokemon":1,"minecraft:sheep":20,"minecraft:pillager":1,"minecraft:zombie":9,"minecraft:cow":15},"minecraft:mined":{"cobblemon:healing_machine":9,"minecraft:white_bed":1,"cobblemon:cheri_berry":1,"minecraft:acacia_log":1,"minecraft:grass_block":4,"minecraft:spruce_leaves":9,"minecraft:furnace":1,"minecraft:iron_ore":16,"minecraft:andesite":2,"minecraft:stone":22,"minecraft:red_bed":1,"minecraft:powder_snow":13,"minecraft:crafting_table":6,"minecraft:cobblestone":1,"minecraft:tall_grass":8,"cobblemon:relic_coin_pouch":6,"minecraft:pink_petals":1,"minecraft:spruce_log":5,"minecraft:grass":27,"minecraft:coal_ore":50,"minecraft:oak_log":1}},"DataVersion":3465}