{"stats":{"minecraft:killed_by":{"minecraft:player":5,"minecraft:skeleton":1},"minecraft:custom":{"minecraft:interact_with_furnace":6,"minecraft:mob_kills":9,"minecraft:interact_with_crafting_table":9,"minecraft:time_since_death":4584,"minecraft:sleep_in_bed":3,"minecraft:climb_one_cm":1365,"minecraft:time_since_rest":4613,"minecraft:sprint_one_cm":134866,"minecraft:damage_taken":2268,"minecraft:walk_one_cm":129572,"minecraft:damage_blocked_by_shield":255,"minecraft:drop":15,"minecraft:damage_dealt":2208,"minecraft:swim_one_cm":6601,"minecraft:fly_one_cm":251533,"minecraft:player_kills":4,"minecraft:crouch_one_cm":9481,"minecraft:play_time":74930,"minecraft:deaths":7,"minecraft:sneak_time":4064,"minecraft:walk_under_water_one_cm":3996,"minecraft:jump":1141,"minecraft:walk_on_water_one_cm":2054,"minecraft:total_world_time":74930,"minecraft:fall_one_cm":34311},"minecraft:dropped":{"minecraft:bread":96,"minecraft:stone_axe":1,"minecraft:wheat_seeds":1,"minecraft:chicken":1,"cobblemon:healing_machine":5,"minecraft:mutton":2,"minecraft:stone_pickaxe":1,"minecraft:wooden_pickaxe":1,"minecraft:spruce_sapling":1},"minecraft:mined":{"cobblemon:healing_machine":5,"minecraft:white_bed":1,"minecraft:red_bed":1,"minecraft:powder_snow":13,"cobblemon:cheri_berry":1,"minecraft:crafting_table":3,"minecraft:grass_block":4,"minecraft:tall_grass":3,"minecraft:cobblestone":1,"minecraft:spruce_leaves":9,"cobblemon:relic_coin_pouch":3,"minecraft:pink_petals":1,"minecraft:furnace":1,"minecraft:iron_ore":16,"minecraft:spruce_log":5,"minecraft:andesite":2,"minecraft:grass":7,"minecraft:oak_log":1,"minecraft:coal_ore":47,"minecraft:stone":22},"minecraft:killed":{"cobblemon:pokemon":1,"minecraft:spider":1,"minecraft:skeleton":1,"minecraft:sheep":3,"minecraft:zombie":3},"minecraft:picked_up":{"minecraft:pink_petals":3,"minecraft:crafting_table":3,"minecraft:air":0,"minecraft:chicken":1,"minecraft:andesite":2,"cobblemon:yellow_apricorn":6,"cobblemon:red_apricorn":3,"minecraft:oak_log":1,"minecraft:dirt":4,"minecraft:string":1,"minecraft:red_bed":1,"minecraft:wheat_seeds":1,"cobblemon:green_apricorn":2,"cobblemon:relic_coin":14,"minecraft:furnace":1,"minecraft:stick":3,"minecraft:raw_iron":23,"cobblemon:yellow_apricorn_seed":1,"minecraft:spruce_sapling":2,"minecraft:white_bed":1,"minecraft:spruce_log":5,"minecraft:spider_eye":1,"cobblemon:healing_machine":5,"minecraft:rotten_flesh":4,"cobblemon:poke_ball":3,"minecraft:bread":32,"minecraft:mutton":2,"minecraft:coal":92,"minecraft:white_wool":3,"minecraft:cobblestone":23},"minecraft:used":{"minecraft:stone_sword":39,"minecraft:snow_block":213,"minecraft:stone_pickaxe":87,"minecraft:shield":3,"minecraft:wooden_pickaxe":9,"minecraft:spruce_leaves":7,"minecraft:dirt":4,"minecraft:crafting_table":3,"minecraft:red_bed":2,"cobblemon:yellow_apricorn_seed":1,"minecraft:white_bed":1,"cobblemon:healing_machine":11,"minecraft:oak_log":44,"minecraft:packed_ice":23,"minecraft:mangrove_stairs":58,"minecraft:light_gray_concrete":17,"minecraft:lantern":1,"minecraft:iron_axe":5,"minecraft:bread":14,"minecraft:iron_pickaxe":1,"minecraft:verdant_froglight":3,"minecraft:spruce_sapling":1,"minecraft:stone_axe":6,"cobblemon:pc":1,"minecraft:pink_petals":3,"minecraft:cobblestone":38,"minecraft:snow":4,"minecraft:furnace":1,"minecraft:mangrove_slab":7,"minecraft:stripped_oak_log":21},"minecraft:crafted":{"minecraft:crafting_table":1,"minecraft:spruce_planks":20,"minecraft:wooden_pickaxe":1,"minecraft:furnace":1,"minecraft:stone_axe":1,"minecraft:air":0,"minecraft:shield":1,"minecraft:iron_axe":1,"minecraft:stick":8,"minecraft:iron_pickaxe":1,"minecraft:iron_ingot":9,"minecraft:stone_pickaxe":1,"minecraft:stone_sword":1,"minecraft:white_bed":1}},"DataVersion":3465}