{"stats":{"minecraft:crafted":{"minecraft:oak_planks":24,"minecraft:diamond_sword":1,"minecraft:diamond_axe":1,"minecraft:crafting_table":4,"minecraft:wooden_pickaxe":2,"minecraft:furnace":2,"minecraft:birch_planks":40,"minecraft:stone_axe":2,"minecraft:air":0,"minecraft:diamond_pickaxe":1,"minecraft:shield":1,"minecraft:stick":24,"minecraft:iron_ingot":6,"minecraft:iron_pickaxe":1,"minecraft:stone_pickaxe":2,"minecraft:stone_sword":2,"minecraft:white_bed":1,"minecraft:torch":12},"minecraft:custom":{"minecraft:interact_with_furnace":5,"minecraft:mob_kills":6,"minecraft:interact_with_crafting_table":10,"minecraft:time_since_death":11940,"minecraft:time_since_rest":11990,"minecraft:sprint_one_cm":51616,"minecraft:damage_taken":492,"minecraft:walk_one_cm":37324,"minecraft:drop":10,"minecraft:damage_dealt":480,"minecraft:swim_one_cm":5437,"minecraft:fly_one_cm":102239,"minecraft:open_chest":1,"minecraft:crouch_one_cm":14559,"minecraft:play_time":57844,"minecraft:sneak_time":7660,"minecraft:deaths":3,"minecraft:walk_under_water_one_cm":1556,"minecraft:jump":522,"minecraft:walk_on_water_one_cm":4600,"minecraft:total_world_time":57844,"minecraft:fall_one_cm":9413},"minecraft:mined":{"minecraft:tuff":3,"minecraft:deepslate_diamond_ore":10,"minecraft:crafting_table":4,"minecraft:granite":6,"minecraft:short_grass":7,"minecraft:grass_block":2,"minecraft:tall_grass":9,"minecraft:deepslate_gold_ore":2,"minecraft:sugar_cane":11,"minecraft:sandstone":1,"minecraft:furnace":1,"minecraft:birch_log":10,"minecraft:iron_ore":6,"minecraft:birch_leaves":3,"minecraft:deepslate_lapis_ore":5,"minecraft:coal_ore":21,"minecraft:oak_log":15,"minecraft:deepslate_iron_ore":6,"minecraft:gravel":1,"minecraft:dirt":7,"minecraft:stone":85,"minecraft:oak_leaves":4,"minecraft:deepslate":114},"minecraft:picked_up":{"minecraft:birch_log":10,"minecraft:crafting_table":4,"minecraft:feather":2,"minecraft:chicken":1,"minecraft:flint":1,"minecraft:tuff":3,"minecraft:oak_log":15,"minecraft:lapis_lazuli":30,"minecraft:dirt":9,"minecraft:cobbled_deepslate":114,"minecraft:raw_gold":2,"minecraft:stone_pickaxe":1,"minecraft:iron_pickaxe":1,"minecraft:sugar_cane":18,"minecraft:furnace":1,"minecraft:stick":1,"minecraft:raw_iron":12,"minecraft:sandstone":1,"minecraft:porkchop":5,"minecraft:stone_sword":1,"minecraft:diamond":10,"minecraft:stone_axe":1,"minecraft:granite":6,"minecraft:mutton":4,"minecraft:coal":36,"minecraft:white_wool":3,"minecraft:cobblestone":85},"minecraft:killed_by":{"minecraft:creeper":1},"minecraft:dropped":{"minecraft:stone_axe":2,"minecraft:stone_sword":2,"minecraft:stone_pickaxe":2,"minecraft:wooden_pickaxe":2,"minecraft:iron_pickaxe":2},"minecraft:killed":{"minecraft:pig":2,"minecraft:sheep":3,"minecraft:chicken":1},"minecraft:used":{"minecraft:stone_sword":11,"minecraft:stone_pickaxe":115,"minecraft:wooden_pickaxe":27,"minecraft:diamond_axe":1,"minecraft:torch":5,"minecraft:dirt":7,"minecraft:mutton":3,"minecraft:crafting_table":7,"minecraft:golden_chestplate":1,"minecraft:diamond_pickaxe":60,"minecraft:iron_pickaxe":67,"minecraft:stone_axe":13,"minecraft:reinforced_deepslate":35,"minecraft:cobblestone":3,"minecraft:furnace":2,"minecraft:cobbled_deepslate":1}},"DataVersion":3955}