{"stats":{"minecraft:custom":{"minecraft:mob_kills":83,"minecraft:interact_with_crafting_table":27,"minecraft:bell_ring":1,"minecraft:leave_game":1,"minecraft:time_since_death":5120,"minecraft:climb_one_cm":7045,"minecraft:sprint_one_cm":676521,"minecraft:walk_one_cm":497783,"minecraft:damage_blocked_by_shield":1886,"minecraft:drop":61,"minecraft:talked_to_villager":28,"minecraft:play_time":297258,"minecraft:deaths":23,"minecraft:sneak_time":14495,"minecraft:walk_under_water_one_cm":9184,"minecraft:boat_one_cm":80715,"minecraft:jump":5100,"minecraft:walk_on_water_one_cm":12696,"minecraft:total_world_time":297258,"minecraft:interact_with_furnace":37,"minecraft:traded_with_villager":12,"minecraft:sleep_in_bed":3,"minecraft:time_since_rest":5149,"minecraft:waystone_activated":2,"minecraft:damage_taken":8577,"minecraft:damage_dealt":13815,"minecraft:swim_one_cm":36095,"minecraft:fly_one_cm":1417074,"minecraft:player_kills":11,"minecraft:open_chest":21,"minecraft:crouch_one_cm":28313,"minecraft:fall_one_cm":153455,"minecraft:inspect_dispenser":6},"minecraft:dropped":{"minecraft:iron_ingot":3,"minecraft:bread":96,"minecraft:wheat_seeds":9,"minecraft:oak_log":13,"cobblemon:potion":3,"minecraft:apple":5,"minecraft:leather":2,"minecraft:purple_dye":64,"minecraft:coal":45,"minecraft:green_dye":64,"minecraft:yellow_dye":64,"minecraft:mutton":2,"cobblemon:green_apricorn":6,"minecraft:gold_nugget":1,"minecraft:red_dye":64,"minecraft:paper":64,"minecraft:spruce_sapling":1,"cobblemon:red_apricorn":3,"minecraft:gold_ingot":5,"cobblemon:relic_coin":64,"minecraft:stone_axe":1,"cobblemon:dive_ball":2,"minecraft:iron_nugget":3,"minecraft:stone_sword":1,"cobblemon:azure_ball":2,"minecraft:chicken":1,"cobblemon:yellow_apricorn":8,"minecraft:lime_dye":64,"minecraft:light_blue_dye":64,"minecraft:leather_chestplate":1,"cobblemon:dark_gem":1,"minecraft:potato":3,"cobblemon:healing_machine":8,"cobblemon:revival_herb":1,"minecraft:leather_leggings":1,"cobblemon:citrine_ball":3,"minecraft:arrow":3,"minecraft:magenta_dye":64,"minecraft:stone_pickaxe":1,"minecraft:wooden_pickaxe":1},"minecraft:killed_by":{"minecraft:player":14,"minecraft:creeper":3,"minecraft:skeleton":2,"minecraft:zombie":1},"minecraft:crafted":{"minecraft:oak_planks":20,"minecraft:iron_nugget":135,"usefulbackpacks:backpack_small":2,"minecraft:furnace":2,"minecraft:iron_axe":1,"minecraft:stone_pickaxe":1,"usefulbackpacks:backpack_medium":1,"minecraft:dark_oak_planks":4,"minecraft:firework_star":128,"minecraft:crafting_table":3,"minecraft:spruce_planks":20,"minecraft:wooden_pickaxe":1,"minecraft:iron_sword":1,"minecraft:bucket":1,"minecraft:stone_axe":1,"minecraft:air":0,"minecraft:oak_boat":1,"minecraft:iron_chestplate":1,"minecraft:gold_nugget":72,"minecraft:shield":1,"minecraft:stick":12,"minecraft:iron_pickaxe":1,"minecraft:iron_ingot":45,"minecraft:gold_ingot":25,"minecraft:stone_sword":1,"minecraft:iron_leggings":1,"minecraft:white_bed":1,"minecraft:acacia_planks":4,"cobblemon:ultra_ball":9,"cobblemon:great_ball":3,"minecraft:firework_rocket":192},"minecraft:used":{"minecraft:moss_block":85,"minecraft:stone_sword":119,"minecraft:smooth_quartz_slab":70,"minecraft:red_concrete":8,"minecraft:dispenser":7,"minecraft:redstone":4,"minecraft:ladder":13,"minecraft:shield":28,"minecraft:iron_sword":104,"minecraft:stone":4,"minecraft:rotten_flesh":21,"minecraft:spruce_leaves":7,"minecraft:debug_stick":45,"minecraft:torch":90,"minecraft:dirt":6,"minecraft:polished_diorite":1,"minecraft:packed_ice":136,"minecraft:bamboo_fence":62,"minecraft:light_gray_stained_glass":1,"minecraft:mangrove_stairs":58,"minecraft:iron_axe":89,"minecraft:red_wool":6,"minecraft:muddy_mangrove_roots":2,"minecraft:lantern":15,"minecraft:grass_block":1,"minecraft:quartz_block":53,"minecraft:green_wool":49,"cobblemon:pc":1,"minecraft:bedrock":79,"minecraft:snow":4,"minecraft:beef":2,"minecraft:goat_horn":1,"minecraft:furnace":6,"megamons:sablenite_crystal_ore":1,"minecraft:mangrove_slab":27,"minecraft:stone_pressure_plate":6,"minecraft:cobbled_deepslate":11,"minecraft:cherry_fence":109,"minecraft:cherry_log":42,"minecraft:iron_leggings":1,"minecraft:water_bucket":5,"minecraft:leather_leggings":1,"minecraft:snow_block":358,"minecraft:stone_pickaxe":87,"minecraft:lime_wool":1,"minecraft:copper_block":1,"minecraft:leather_chestplate":1,"minecraft:wooden_pickaxe":9,"minecraft:lime_terracotta":173,"minecraft:crafting_table":12,"minecraft:red_bed":2,"cobblemon:yellow_apricorn_seed":1,"minecraft:bamboo_block":87,"minecraft:white_bed":1,"minecraft:spruce_log":1,"cobblemon:healing_machine":32,"minecraft:lightning_rod":4,"minecraft:oak_log":46,"minecraft:mud":147,"waystones:waystone":1,"minecraft:lever":1,"minecraft:black_concrete":24,"minecraft:light_gray_concrete":19,"minecraft:bread":63,"minecraft:barrier":74,"minecraft:iron_pickaxe":167,"minecraft:verdant_froglight":39,"minecraft:spruce_sapling":1,"minecraft:soul_lantern":6,"minecraft:stone_axe":6,"minecraft:pink_petals":3,"minecraft:cobblestone":47,"minecraft:cherry_stairs":14,"minecraft:bucket":6,"minecraft:oak_boat":2,"minecraft:stripped_oak_log":21,"minecraft:white_concrete":8,"minecraft:experience_bottle":1,"minecraft:gray_stained_glass":209},"minecraft:picked_up":{"cobblemon:leaf_stone":2,"minecraft:crafting_table":10,"minecraft:chicken":1,"minecraft:ladder":3,"cobblemon:yellow_apricorn":14,"cobblemon:red_apricorn":9,"minecraft:brick":16,"minecraft:string":13,"minecraft:red_bed":1,"minecraft:moss_carpet":1,"cobblemon:revival_herb":1,"minecraft:cobbled_deepslate":62,"cobblemon:green_apricorn":12,"minecraft:spruce_planks":2,"minecraft:beef":32,"minecraft:oak_boat":1,"minecraft:red_dye":64,"cobblemon:relic_coin":136,"cobblemon:dusk_stone":1,"minecraft:egg":4,"minecraft:furnace":6,"minecraft:raw_iron":53,"minecraft:stick":3,"minecraft:acacia_log":1,"minecraft:torch":3,"cobblemon:dive_ball":2,"cobblemon:citrine_ball":3,"minecraft:redstone":18,"minecraft:arrow":4,"minecraft:rotten_flesh":16,"minecraft:gold_ingot":5,"minecraft:mutton":27,"cobblemon:blue_apricorn":2,"minecraft:white_wool":25,"minecraft:cobblestone":39,"cobblemon:ultra_ball":1,"minecraft:pink_petals":3,"minecraft:purple_dye":64,"minecraft:air":0,"cobblemon:great_ball":6,"minecraft:andesite":2,"minecraft:leather":25,"minecraft:yellow_dye":64,"minecraft:potato":3,"minecraft:magenta_dye":64,"minecraft:tuff":2,"minecraft:oak_log":18,"minecraft:lapis_lazuli":5,"minecraft:dirt":6,"minecraft:paper":64,"minecraft:bone":3,"minecraft:apple":5,"cobblemon:black_apricorn":6,"minecraft:wheat_seeds":12,"minecraft:raw_gold":21,"cobblemon:potion":3,"minecraft:light_blue_dye":64,"minecraft:moss_block":2,"cobblemon:dark_gem":1,"minecraft:flowering_azalea":1,"cobblemon:azure_ball":2,"minecraft:green_dye":64,"cobblemon:black_apricorn_seed":1,"cobblemon:yellow_apricorn_seed":1,"minecraft:spruce_sapling":4,"cobblemon:pink_apricorn":1,"minecraft:white_bed":1,"minecraft:spruce_log":5,"minecraft:spider_eye":1,"cobblemon:healing_machine":22,"minecraft:lime_dye":64,"minecraft:diamond":18,"cobblemon:poke_ball":5,"minecraft:soul_lantern":1,"waystones:waystone":1,"minecraft:bread":32,"minecraft:coal":265,"minecraft:ender_pearl":1},"minecraft:killed":{"minecraft:witch":1,"minecraft:spider":9,"minecraft:skeleton":4,"minecraft:drowned":1,"cobblemon:pokemon":1,"minecraft:sheep":24,"minecraft:pillager":1,"minecraft:zombie":18,"minecraft:enderman":1,"minecraft:cow":22},"minecraft:mined":{"cobblemon:healing_machine":19,"minecraft:tuff":2,"minecraft:white_bed":1,"minecraft:deepslate_diamond_ore":18,"cobblemon:cheri_berry":1,"minecraft:ladder":3,"minecraft:acacia_log":1,"minecraft:grass_block":6,"minecraft:decorated_pot":4,"minecraft:spruce_leaves":15,"minecraft:moss_block":2,"minecraft:spawner":4,"minecraft:large_fern":8,"minecraft:furnace":6,"minecraft:iron_ore":32,"minecraft:andesite":2,"minecraft:deepslate_lapis_ore":1,"minecraft:deepslate_iron_ore":13,"minecraft:stone":27,"minecraft:deepslate_redstone_ore":4,"minecraft:red_bed":1,"cobblemon:leaf_stone_ore":2,"minecraft:powder_snow":17,"cobblemon:blue_mint":1,"minecraft:crafting_table":10,"minecraft:cobblestone":3,"minecraft:tall_grass":9,"minecraft:deepslate_gold_ore":21,"cobblemon:relic_coin_pouch":9,"minecraft:seagrass":1,"minecraft:pink_petals":1,"minecraft:spruce_log":5,"minecraft:grass":41,"minecraft:coal_ore":50,"minecraft:oak_log":5,"minecraft:cobweb":5,"minecraft:fern":13,"minecraft:deepslate":54,"minecraft:oak_leaves":3}},"DataVersion":3465}