{"stats":{"minecraft:custom":{"minecraft:time_since_rest":16321,"minecraft:crouch_one_cm":1490,"minecraft:play_time":33844,"minecraft:sprint_one_cm":12749,"minecraft:walk_one_cm":18368,"minecraft:damage_taken":31,"minecraft:deaths":2,"minecraft:sneak_time":671,"minecraft:drop":1,"minecraft:jump":120,"minecraft:time_since_death":16289,"minecraft:total_world_time":33844,"minecraft:interact_with_crafting_table":2,"minecraft:fall_one_cm":2210,"minecraft:fly_one_cm":20333},"minecraft:crafted":{"minecraft:stone_sword":1,"minecraft:birch_planks":20,"minecraft:stone_axe":1,"minecraft:crafting_table":1,"minecraft:stick":8,"minecraft:wooden_pickaxe":1,"minecraft:stone_pickaxe":1},"minecraft:mined":{"minecraft:short_grass":3,"minecraft:coal_ore":3,"minecraft:birch_log":5,"minecraft:stone":8,"minecraft:birch_leaves":2,"minecraft:oak_leaves":1,"minecraft:crafting_table":1},"minecraft:picked_up":{"minecraft:birch_log":5,"minecraft:crafting_table":1,"minecraft:coal":3,"minecraft:cobblestone":8},"minecraft:dropped":{"minecraft:wooden_pickaxe":1},"minecraft:used":{"minecraft:stone_axe":1,"minecraft:reinforced_deepslate":35,"minecraft:crafting_table":1,"minecraft:stone_pickaxe":3,"minecraft:wooden_pickaxe":8}},"DataVersion":3955}