{"stats":{"minecraft:killed":{"minecraft:iron_golem":1},"minecraft:custom":{"minecraft:time_since_rest":6434,"minecraft:sprint_one_cm":53631,"minecraft:damage_taken":886,"minecraft:walk_one_cm":20783,"tombstone:sneak_grave":1,"minecraft:mob_kills":1,"minecraft:drop":5,"minecraft:damage_dealt":1020,"minecraft:swim_one_cm":670,"minecraft:interact_with_crafting_table":3,"minecraft:fly_one_cm":123764,"minecraft:crouch_one_cm":6818,"minecraft:play_one_minute":23582,"minecraft:deaths":3,"minecraft:sneak_time":3055,"minecraft:walk_under_water_one_cm":663,"minecraft:jump":519,"minecraft:walk_on_water_one_cm":484,"minecraft:time_since_death":8253,"minecraft:fall_one_cm":12474},"minecraft:used":{"minecraft:stone_sword":25,"minecraft:birch_planks":8,"minecraft:stone_pickaxe":29,"minecraft:wooden_pickaxe":11,"minecraft:stone_axe":13,"minecraft:crafting_table":2,"minecraft:oak_sapling":1,"tombstone:gift":3},"minecraft:killed_by":{"zombie_extreme:infected_dog":1,"zombie_extreme:night_hunter":1,"zombie_extreme:infectedperson":1},"minecraft:crafted":{"minecraft:crafting_table":1,"tombstone:grave_key":1,"minecraft:stick":8,"minecraft:wooden_pickaxe":1,"minecraft:stone_pickaxe":1,"minecraft:stone_sword":1,"minecraft:birch_planks":24,"minecraft:stone_axe":1},"minecraft:picked_up":{"minecraft:birch_log":6,"butchersdelight:piper":3,"minecraft:crafting_table":1,"minecraft:birch_planks":8,"minecraft:sand":3,"minecraft:rotten_flesh":1,"minecraft:wheat_seeds":2,"minecraft:hay_block":13,"minecraft:iron_ingot":4,"minecraft:iron_ore":15,"minecraft:oak_sapling":3,"minecraft:chest":1,"minecraft:coal":13,"minecraft:white_wool":3,"minecraft:cobblestone":10},"minecraft:mined":{"minecraft:large_fern":2,"minecraft:seagrass":1,"minecraft:hay_block":13,"minecraft:tall_seagrass":1,"minecraft:birch_planks":8,"minecraft:iron_ore":15,"minecraft:birch_log":6,"minecraft:birch_leaves":1,"minecraft:crafting_table":2,"minecraft:grass":20,"minecraft:coal_ore":13,"minecraft:chest":1,"minecraft:sand":3,"butchersdelight:piperbush":1,"minecraft:tall_grass":10,"minecraft:stone":10,"minecraft:white_wool":3,"minecraft:oak_leaves":1,"minecraft:fern":1},"minecraft:dropped":{"minecraft:oak_sapling":2,"minecraft:rotten_flesh":1,"tombstone:grave_dust":1,"minecraft:wooden_pickaxe":1}},"DataVersion":2586}