{"stats":{"minecraft:dropped":{"minecraft:bread":96,"minecraft:wheat_seeds":1,"minecraft:purple_dye":64,"minecraft:green_dye":64,"minecraft:yellow_dye":64,"minecraft:mutton":2,"minecraft:red_dye":64,"minecraft:paper":64,"minecraft:spruce_sapling":1,"minecraft:stone_axe":1,"minecraft:chicken":1,"minecraft:lime_dye":64,"minecraft:light_blue_dye":64,"cobblemon:healing_machine":5,"minecraft:magenta_dye":64,"minecraft:wooden_pickaxe":1,"minecraft:stone_pickaxe":1},"minecraft:killed":{"minecraft:spider":1,"minecraft:skeleton":1,"cobblemon:pokemon":1,"minecraft:sheep":3,"minecraft:zombie":3},"minecraft:picked_up":{"minecraft:crafting_table":3,"minecraft:chicken":1,"cobblemon:yellow_apricorn":6,"cobblemon:red_apricorn":3,"minecraft:string":1,"minecraft:red_bed":1,"cobblemon:green_apricorn":2,"minecraft:red_dye":64,"cobblemon:relic_coin":14,"minecraft:furnace":1,"minecraft:raw_iron":23,"minecraft:stick":3,"minecraft:torch":3,"minecraft:redstone":1,"minecraft:rotten_flesh":4,"minecraft:mutton":2,"minecraft:white_wool":3,"minecraft:cobblestone":23,"minecraft:pink_petals":3,"minecraft:purple_dye":64,"minecraft:air":0,"minecraft:andesite":2,"minecraft:yellow_dye":64,"minecraft:magenta_dye":64,"minecraft:oak_log":1,"minecraft:dirt":4,"minecraft:paper":64,"minecraft:wheat_seeds":1,"minecraft:light_blue_dye":64,"minecraft:green_dye":64,"cobblemon:yellow_apricorn_seed":1,"minecraft:spruce_sapling":4,"minecraft:white_bed":1,"minecraft:spruce_log":5,"minecraft:spider_eye":1,"cobblemon:healing_machine":5,"minecraft:lime_dye":64,"cobblemon:poke_ball":3,"minecraft:soul_lantern":1,"minecraft:bread":32,"minecraft:coal":92},"minecraft:killed_by":{"minecraft:player":5,"minecraft:skeleton":1},"minecraft:used":{"minecraft:moss_block":85,"minecraft:stone_sword":39,"minecraft:smooth_quartz_slab":70,"minecraft:red_concrete":8,"minecraft:dispenser":7,"minecraft:redstone":4,"minecraft:ladder":10,"minecraft:shield":3,"minecraft:stone":4,"minecraft:spruce_leaves":7,"minecraft:debug_stick":45,"minecraft:torch":90,"minecraft:dirt":4,"minecraft:polished_diorite":1,"minecraft:packed_ice":71,"minecraft:bamboo_fence":62,"minecraft:light_gray_stained_glass":1,"minecraft:mangrove_stairs":58,"minecraft:iron_axe":5,"minecraft:red_wool":6,"minecraft:lantern":15,"minecraft:grass_block":1,"minecraft:muddy_mangrove_roots":2,"minecraft:green_wool":49,"minecraft:quartz_block":53,"cobblemon:pc":1,"minecraft:bedrock":79,"minecraft:snow":4,"minecraft:furnace":1,"megamons:sablenite_crystal_ore":1,"minecraft:mangrove_slab":27,"minecraft:stone_pressure_plate":6,"minecraft:cherry_fence":109,"minecraft:cherry_log":42,"minecraft:snow_block":323,"minecraft:stone_pickaxe":87,"minecraft:lime_wool":1,"minecraft:copper_block":1,"minecraft:wooden_pickaxe":9,"minecraft:lime_terracotta":173,"minecraft:crafting_table":4,"minecraft:red_bed":2,"cobblemon:yellow_apricorn_seed":1,"minecraft:bamboo_block":87,"minecraft:white_bed":1,"cobblemon:healing_machine":11,"minecraft:lightning_rod":4,"minecraft:oak_log":46,"minecraft:mud":122,"minecraft:lever":1,"minecraft:black_concrete":24,"minecraft:light_gray_concrete":19,"minecraft:bread":14,"minecraft:barrier":74,"minecraft:iron_pickaxe":1,"minecraft:verdant_froglight":39,"minecraft:spruce_sapling":1,"minecraft:soul_lantern":6,"minecraft:stone_axe":6,"minecraft:pink_petals":3,"minecraft:cobblestone":38,"minecraft:cherry_stairs":13,"minecraft:stripped_oak_log":21,"minecraft:white_concrete":8,"minecraft:gray_stained_glass":209},"minecraft:custom":{"minecraft:mob_kills":9,"minecraft:interact_with_crafting_table":12,"minecraft:leave_game":1,"minecraft:time_since_death":55049,"minecraft:climb_one_cm":1466,"minecraft:sprint_one_cm":159066,"minecraft:walk_one_cm":243425,"minecraft:damage_blocked_by_shield":255,"minecraft:drop":23,"minecraft:play_time":125395,"minecraft:deaths":7,"minecraft:sneak_time":5928,"minecraft:walk_under_water_one_cm":4124,"minecraft:jump":1312,"minecraft:walk_on_water_one_cm":3048,"minecraft:total_world_time":125395,"minecraft:interact_with_furnace":6,"minecraft:sleep_in_bed":3,"minecraft:time_since_rest":55078,"minecraft:damage_taken":2268,"minecraft:damage_dealt":2224,"minecraft:swim_one_cm":6601,"minecraft:fly_one_cm":489185,"minecraft:player_kills":4,"minecraft:crouch_one_cm":12143,"minecraft:fall_one_cm":34311,"minecraft:inspect_dispenser":6},"minecraft:mined":{"cobblemon:healing_machine":5,"minecraft:white_bed":1,"cobblemon:cheri_berry":1,"minecraft:grass_block":4,"minecraft:spruce_leaves":9,"minecraft:furnace":1,"minecraft:iron_ore":16,"minecraft:andesite":2,"minecraft:stone":22,"minecraft:red_bed":1,"minecraft:powder_snow":13,"minecraft:crafting_table":3,"minecraft:cobblestone":1,"minecraft:tall_grass":3,"cobblemon:relic_coin_pouch":3,"minecraft:pink_petals":1,"minecraft:spruce_log":5,"minecraft:grass":7,"minecraft:coal_ore":47,"minecraft:oak_log":1},"minecraft:crafted":{"minecraft:furnace":1,"minecraft:iron_axe":1,"minecraft:stone_pickaxe":1,"minecraft:firework_star":128,"minecraft:crafting_table":1,"minecraft:spruce_planks":20,"minecraft:wooden_pickaxe":1,"minecraft:stone_axe":1,"minecraft:air":0,"minecraft:shield":1,"minecraft:stick":8,"minecraft:iron_pickaxe":1,"minecraft:iron_ingot":9,"minecraft:stone_sword":1,"minecraft:white_bed":1,"minecraft:firework_rocket":192}},"DataVersion":3465}