{"stats":{"minecraft:killed_by":{"minecraft:player":1},"minecraft:custom":{"minecraft:time_since_rest":27025,"minecraft:sprint_one_cm":87868,"minecraft:damage_taken":655,"minecraft:walk_one_cm":49676,"minecraft:mob_kills":5,"minecraft:drop":3,"minecraft:damage_dealt":671,"minecraft:swim_one_cm":15589,"minecraft:interact_with_crafting_table":4,"minecraft:fly_one_cm":122497,"minecraft:player_kills":1,"minecraft:crouch_one_cm":4208,"minecraft:play_time":29744,"minecraft:deaths":2,"minecraft:sneak_time":1564,"minecraft:walk_under_water_one_cm":6215,"minecraft:jump":837,"minecraft:time_since_death":26999,"minecraft:walk_on_water_one_cm":2411,"minecraft:total_world_time":29744,"minecraft:fall_one_cm":20664},"minecraft:dropped":{"minecraft:mutton":1,"minecraft:chicken":1,"minecraft:spruce_sapling":1},"minecraft:mined":{"minecraft:dark_oak_leaves":4,"minecraft:dark_oak_log":12,"minecraft:powder_snow":6,"minecraft:grass":1,"minecraft:grass_block":2,"minecraft:dirt":12,"minecraft:stone":17},"minecraft:killed":{"minecraft:sheep":4,"cobblemon:pokemon":1},"minecraft:picked_up":{"minecraft:stick":1,"minecraft:crafting_table":1,"minecraft:feather":1,"minecraft:chicken":1,"minecraft:spruce_sapling":1,"cobblemon:bluk_berry":1,"minecraft:ink_sac":2,"minecraft:dark_oak_log":12,"minecraft:dirt":15,"cobblemon:healing_machine":1,"minecraft:rotten_flesh":2,"cobblemon:poke_ball":22,"minecraft:mutton":6,"minecraft:white_wool":4,"minecraft:cobblestone":15},"minecraft:used":{"minecraft:dark_oak_planks":12,"minecraft:wooden_axe":12,"minecraft:bread":10,"minecraft:stone_pickaxe":6,"minecraft:wooden_pickaxe":11,"minecraft:cobblestone":7,"minecraft:wooden_sword":13,"minecraft:dirt":10,"minecraft:mutton":5,"minecraft:crafting_table":2},"minecraft:crafted":{"minecraft:wooden_sword":1,"minecraft:crafting_table":1,"minecraft:stick":16,"minecraft:wooden_pickaxe":1,"minecraft:stone_pickaxe":1,"minecraft:wooden_axe":1,"minecraft:stone_sword":1,"minecraft:dark_oak_planks":48,"minecraft:stone_axe":1}},"DataVersion":3465}