{"stats":{"minecraft:killed_by":{"minecraft:player":1,"minecraft:creeper":2,"minecraft:zombie":2},"minecraft:mined":{"cobblemon:healing_machine":9,"minecraft:white_bed":3,"minecraft:dark_oak_leaves":4,"minecraft:dark_oak_log":12,"minecraft:powder_snow":6,"minecraft:crafting_table":1,"minecraft:grass_block":3,"cobblemon:dripstone_moon_stone_ore":1,"minecraft:wall_torch":1,"minecraft:iron_ore":3,"minecraft:birch_leaves":1,"minecraft:grass":8,"minecraft:coal_ore":10,"minecraft:gravel":2,"minecraft:dirt":12,"minecraft:stone":36},"minecraft:crafted":{"minecraft:wooden_sword":1,"minecraft:oak_planks":4,"minecraft:fishing_rod":1,"minecraft:crafting_table":3,"minecraft:wooden_pickaxe":1,"minecraft:stone_axe":1,"minecraft:stick":16,"minecraft:stone_pickaxe":1,"minecraft:wooden_axe":1,"minecraft:stone_sword":1,"minecraft:snow_block":4,"minecraft:white_bed":1,"minecraft:dark_oak_planks":48,"minecraft:torch":4},"minecraft:used":{"minecraft:stone_sword":35,"minecraft:snow_block":4,"minecraft:stone_pickaxe":49,"minecraft:ender_pearl":1,"minecraft:wooden_pickaxe":11,"minecraft:torch":5,"minecraft:dirt":10,"minecraft:mutton":5,"minecraft:crafting_table":4,"minecraft:carrot":2,"minecraft:white_bed":3,"minecraft:snowball":3,"cobblemon:healing_machine":9,"minecraft:wooden_axe":12,"minecraft:dark_oak_planks":12,"minecraft:chicken":1,"minecraft:bread":23,"minecraft:gravel":6,"minecraft:stone_axe":2,"minecraft:wooden_sword":13,"minecraft:fishing_rod":2,"minecraft:cobblestone":8},"minecraft:picked_up":{"minecraft:crafting_table":2,"minecraft:feather":4,"minecraft:chicken":3,"cobblemon:yellow_apricorn":3,"cobblemon:charti_berry":1,"cobblemon:bluk_berry":1,"minecraft:oak_log":1,"minecraft:dirt":16,"minecraft:string":3,"minecraft:bone":1,"minecraft:bow":1,"minecraft:beef":1,"cobblemon:oran_berry":5,"cobblemon:moon_stone":1,"minecraft:stick":1,"minecraft:raw_iron":4,"minecraft:torch":1,"minecraft:gravel":6,"cobblemon:yellow_apricorn_seed":1,"cobblemon:persim_berry":5,"minecraft:spruce_sapling":1,"minecraft:ink_sac":2,"cobblemon:pink_apricorn":4,"minecraft:white_bed":3,"minecraft:carrot":1,"minecraft:dark_oak_log":12,"cobblemon:healing_machine":10,"minecraft:rotten_flesh":4,"cobblemon:poke_ball":25,"minecraft:mutton":6,"minecraft:coal":10,"minecraft:cod":1,"minecraft:snowball":71,"minecraft:white_wool":4,"minecraft:cobblestone":34,"minecraft:ender_pearl":1},"minecraft:custom":{"minecraft:mob_kills":15,"minecraft:interact_with_crafting_table":6,"minecraft:leave_game":1,"minecraft:time_since_death":7150,"minecraft:sleep_in_bed":14,"minecraft:time_since_rest":3281,"minecraft:sprint_one_cm":260770,"minecraft:damage_taken":2600,"minecraft:walk_one_cm":132627,"minecraft:drop":19,"minecraft:damage_dealt":2368,"minecraft:swim_one_cm":34834,"minecraft:fly_one_cm":368946,"minecraft:player_kills":1,"minecraft:crouch_one_cm":9083,"minecraft:play_time":91567,"minecraft:deaths":8,"minecraft:sneak_time":3335,"minecraft:walk_under_water_one_cm":11537,"minecraft:jump":2079,"minecraft:walk_on_water_one_cm":7271,"minecraft:total_world_time":91567,"minecraft:fish_caught":1,"minecraft:fall_one_cm":50802},"minecraft:killed":{"cobblemon:pokemon":1,"minecraft:spider":1,"minecraft:skeleton":1,"minecraft:sheep":4,"minecraft:goat":1,"minecraft:zombie":4,"minecraft:enderman":1,"minecraft:cow":1},"minecraft:dropped":{"minecraft:raw_iron":1,"minecraft:chicken":2,"minecraft:rotten_flesh":4,"minecraft:cod":1,"minecraft:dirt":6,"minecraft:wooden_axe":1,"minecraft:mutton":1,"minecraft:snowball":36,"minecraft:wooden_sword":1,"minecraft:beef":1,"minecraft:wooden_pickaxe":1,"minecraft:spruce_sapling":1}},"DataVersion":3465}