{"stats":{"minecraft:custom":{"minecraft:mob_kills":46,"minecraft:interact_with_crafting_table":38,"minecraft:leave_game":6,"minecraft:time_since_death":54689,"minecraft:sprint_one_cm":632895,"minecraft:walk_one_cm":394419,"minecraft:damage_blocked_by_shield":660,"minecraft:drop":76,"minecraft:play_time":304894,"minecraft:deaths":21,"minecraft:sneak_time":7770,"minecraft:walk_under_water_one_cm":49878,"minecraft:boat_one_cm":234325,"minecraft:jump":4818,"minecraft:walk_on_water_one_cm":39656,"minecraft:total_world_time":304894,"minecraft:interact_with_furnace":31,"minecraft:sleep_in_bed":16,"minecraft:time_since_rest":54719,"minecraft:waystone_activated":1,"minecraft:damage_taken":7400,"minecraft:damage_dealt":7074,"minecraft:swim_one_cm":176331,"minecraft:fly_one_cm":842942,"minecraft:player_kills":1,"minecraft:open_chest":1,"minecraft:crouch_one_cm":21147,"minecraft:fish_caught":1,"minecraft:fall_one_cm":131592},"minecraft:dropped":{"minecraft:brown_mushroom":7,"minecraft:dark_oak_sapling":1,"minecraft:feather":4,"minecraft:cobblestone":7,"cobblemon:persim_berry":4,"cobblemon:oran_berry":5,"minecraft:cod":1,"minecraft:stick":3,"minecraft:dirt":19,"cobblemon:razz_berry":24,"cobblemon:ancient_poke_ball":1,"minecraft:dark_oak_log":127,"minecraft:ink_sac":2,"minecraft:mutton":1,"minecraft:wooden_axe":1,"minecraft:snowball":52,"minecraft:wooden_sword":1,"minecraft:bone_meal":1,"minecraft:iron_axe":2,"cobblemon:blue_apricorn_seed":1,"minecraft:smooth_stone":2,"minecraft:dark_oak_planks":3,"minecraft:fishing_rod":1,"minecraft:spruce_sapling":1,"minecraft:stone_axe":2,"minecraft:sweet_berries":3,"minecraft:stone_sword":2,"cobblemon:charti_berry":1,"minecraft:raw_iron":1,"minecraft:chicken":4,"minecraft:rotten_flesh":7,"minecraft:iron_hoe":1,"cobblemon:apricorn_planks":8,"cobblemon:bluk_berry":1,"minecraft:gunpowder":1,"minecraft:andesite":8,"minecraft:birch_door":1,"minecraft:spider_eye":2,"minecraft:birch_boat":1,"minecraft:bow":1,"minecraft:spruce_log":6,"minecraft:wooden_pickaxe":1,"minecraft:beef":2,"minecraft:egg":1},"minecraft:killed_by":{"minecraft:player":2,"minecraft:creeper":4,"minecraft:spider":1,"minecraft:drowned":1,"minecraft:skeleton":1,"minecraft:zombie":7},"minecraft:used":{"minecraft:stone_sword":97,"minecraft:shield":12,"minecraft:stone":3,"minecraft:iron_sword":36,"minecraft:cooked_salmon":6,"minecraft:torch":14,"minecraft:dirt":15,"minecraft:mutton":7,"minecraft:carrot":2,"minecraft:snowball":3,"minecraft:birch_door":2,"minecraft:dark_oak_planks":41,"minecraft:wooden_axe":12,"minecraft:iron_axe":204,"cobblemon:pink_apricorn_seed":3,"cobblemon:pc":3,"minecraft:dark_oak_boat":3,"minecraft:sweet_berries":3,"minecraft:furnace":7,"minecraft:egg":1,"minecraft:cobbled_deepslate":1,"minecraft:snow_block":4,"minecraft:birch_planks":1,"minecraft:stone_pickaxe":49,"minecraft:oak_planks":4,"minecraft:wooden_pickaxe":11,"minecraft:ender_pearl":1,"minecraft:birch_boat":3,"minecraft:salmon":1,"minecraft:crafting_table":20,"cobblemon:yellow_apricorn_seed":2,"cobblemon:white_apricorn_seed":1,"minecraft:white_bed":4,"cobblemon:healing_machine":18,"minecraft:diamond_pickaxe":16,"minecraft:bread":46,"minecraft:chicken":2,"minecraft:iron_pickaxe":121,"minecraft:gravel":6,"minecraft:stone_axe":28,"minecraft:fishing_rod":2,"minecraft:wooden_sword":13,"cobblemon:red_apricorn_seed":1,"minecraft:cobblestone":34,"minecraft:porkchop":2,"minecraft:bone_meal":12},"minecraft:crafted":{"minecraft:wooden_sword":1,"minecraft:oak_planks":44,"minecraft:smooth_stone":6,"minecraft:fishing_rod":1,"minecraft:dark_oak_boat":1,"cobblemon:dream_ball":8,"minecraft:birch_boat":1,"cobblemon:apricorn_planks":8,"minecraft:furnace":4,"minecraft:stone":9,"minecraft:bone_meal":12,"cobblemon:premier_ball":8,"minecraft:glass":1,"cobblemon:safari_ball":8,"minecraft:iron_axe":1,"minecraft:stone_pickaxe":1,"minecraft:birch_door":3,"cobblemon:azure_ball":8,"minecraft:dark_oak_planks":104,"cobblemon:citrine_ball":8,"minecraft:crafting_table":14,"minecraft:wooden_pickaxe":1,"minecraft:iron_sword":1,"cobblemon:pc":1,"minecraft:cooked_salmon":6,"minecraft:copper_ingot":24,"minecraft:birch_planks":20,"cobblemon:roseate_ball":16,"minecraft:stone_axe":1,"minecraft:air":0,"cobblemon:heal_ball":4,"cobblemon:poke_ball":4,"minecraft:white_wool":1,"minecraft:diamond_pickaxe":1,"minecraft:stick":24,"minecraft:iron_ingot":9,"minecraft:wooden_axe":1,"minecraft:stone_sword":1,"minecraft:snow_block":4,"minecraft:white_bed":1,"minecraft:torch":4},"minecraft:picked_up":{"minecraft:crafting_table":7,"minecraft:chicken":6,"cobblemon:yellow_apricorn":7,"minecraft:brown_mushroom":7,"cobblemon:red_apricorn":7,"cobblemon:charti_berry":1,"minecraft:string":8,"minecraft:raw_copper":39,"minecraft:iron_axe":2,"minecraft:iron_leggings":1,"cobblemon:white_apricorn":12,"cobblemon:kings_rock":1,"minecraft:cobbled_deepslate":1,"cobblemon:green_apricorn":6,"cobblemon:white_apricorn_seed":1,"minecraft:beef":2,"cobblemon:oran_berry":5,"cobblemon:relic_coin":36,"cobblemon:green_apricorn_seed":1,"minecraft:furnace":2,"minecraft:egg":2,"minecraft:dark_oak_sapling":1,"minecraft:stick":1,"minecraft:raw_iron":6,"cobblemon:apricorn_log":2,"cobblemon:pc":2,"minecraft:torch":1,"minecraft:porkchop":2,"minecraft:carrot":1,"cobblemon:citrine_ball":1,"minecraft:stone_sword":1,"minecraft:arrow":2,"minecraft:rotten_flesh":7,"cobblemon:blue_apricorn":13,"minecraft:mutton":8,"minecraft:cod":1,"minecraft:snowball":71,"minecraft:white_wool":6,"minecraft:cobblestone":98,"minecraft:birch_log":5,"cobblemon:ancient_poke_ball":8,"minecraft:feather":4,"minecraft:andesite":4,"minecraft:salmon":7,"minecraft:leather":1,"minecraft:dark_oak_boat":2,"cobblemon:razz_berry":24,"cobblemon:roseate_ball":3,"minecraft:oak_log":11,"cobblemon:bluk_berry":1,"minecraft:gunpowder":1,"minecraft:dirt":34,"cobblemon:pink_apricorn_seed":3,"cobblemon:heal_ball":1,"minecraft:bone":2,"minecraft:bow":1,"cobblemon:moon_stone":1,"cobblemon:azure_ball":1,"cobblemon:red_apricorn_seed":1,"minecraft:birch_boat":3,"minecraft:sweet_berries":6,"cobblemon:blue_apricorn_seed":2,"cobblemon:shiny_stone":1,"minecraft:gravel":6,"cobblemon:premier_ball":3,"minecraft:sand":3,"cobblemon:yellow_apricorn_seed":1,"cobblemon:persim_berry":5,"minecraft:spruce_sapling":1,"minecraft:ink_sac":2,"cobblemon:pink_apricorn":22,"minecraft:white_bed":4,"minecraft:spruce_log":6,"minecraft:dark_oak_log":181,"minecraft:spider_eye":2,"cobblemon:healing_machine":18,"minecraft:iron_hoe":1,"minecraft:diamond":5,"minecraft:stone_axe":1,"cobblemon:poke_ball":40,"minecraft:bone_meal":1,"cobblemon:medicinal_leek":30,"cobblemon:water_stone":2,"minecraft:coal":59,"minecraft:ender_pearl":1},"minecraft:killed":{"minecraft:spider":2,"minecraft:skeleton":4,"minecraft:chicken":1,"minecraft:pig":1,"cobblemon:pokemon":1,"minecraft:salmon":7,"minecraft:creeper":2,"minecraft:sheep":6,"minecraft:goat":2,"minecraft:zombie":15,"minecraft:enderman":1,"minecraft:cow":3},"minecraft:mined":{"cobblemon:healing_machine":17,"minecraft:white_bed":5,"cobblemon:shiny_stone_ore":1,"minecraft:dark_oak_leaves":12,"minecraft:deepslate_diamond_ore":5,"minecraft:dark_oak_log":190,"cobblemon:pc":2,"cobblemon:apricorn_log":2,"minecraft:grass_block":12,"minecraft:brown_mushroom_block":3,"minecraft:spruce_leaves":1,"minecraft:large_fern":1,"minecraft:furnace":2,"minecraft:iron_ore":3,"minecraft:andesite":1,"cobblemon:medicinal_leek":12,"minecraft:deepslate_iron_ore":2,"cobblemon:white_apricorn":2,"minecraft:packed_ice":2,"minecraft:stone":97,"cobblemon:water_stone_ore":2,"minecraft:powder_snow":47,"minecraft:crafting_table":6,"cobblemon:apricorn_leaves":6,"minecraft:cobblestone":2,"minecraft:copper_ore":4,"minecraft:tall_grass":1,"cobblemon:dripstone_moon_stone_ore":1,"minecraft:wall_torch":1,"minecraft:pink_petals":1,"minecraft:sweet_berry_bush":2,"minecraft:birch_log":7,"minecraft:birch_leaves":9,"minecraft:spruce_log":6,"minecraft:stone_brick_stairs":4,"minecraft:grass":33,"minecraft:oak_log":10,"minecraft:coal_ore":30,"minecraft:gravel":3,"minecraft:sand":3,"minecraft:dirt":18,"minecraft:red_mushroom_block":1,"minecraft:stone_bricks":6,"minecraft:deepslate":1,"minecraft:oak_leaves":5,"minecraft:fern":3}},"DataVersion":3465}