{"stats":{"minecraft:killed_by":{"minecraft:player":1,"minecraft:creeper":2},"minecraft:mined":{"cobblemon:healing_machine":4,"minecraft:white_bed":2,"minecraft:dark_oak_leaves":4,"minecraft:dark_oak_log":12,"minecraft:powder_snow":6,"minecraft:grass_block":3,"cobblemon:dripstone_moon_stone_ore":1,"minecraft:wall_torch":1,"minecraft:iron_ore":2,"minecraft:birch_leaves":1,"minecraft:grass":8,"minecraft:coal_ore":10,"minecraft:dirt":12,"minecraft:stone":18},"minecraft:crafted":{"minecraft:wooden_sword":1,"minecraft:crafting_table":2,"minecraft:wooden_pickaxe":1,"minecraft:stone_axe":1,"minecraft:stick":16,"minecraft:stone_pickaxe":1,"minecraft:wooden_axe":1,"minecraft:stone_sword":1,"minecraft:snow_block":4,"minecraft:white_bed":1,"minecraft:dark_oak_planks":48,"minecraft:torch":4},"minecraft:used":{"minecraft:stone_sword":19,"minecraft:snow_block":4,"minecraft:stone_pickaxe":24,"minecraft:wooden_pickaxe":11,"minecraft:torch":1,"minecraft:dirt":10,"minecraft:mutton":5,"minecraft:crafting_table":3,"minecraft:white_bed":2,"minecraft:snowball":3,"cobblemon:healing_machine":5,"minecraft:dark_oak_planks":12,"minecraft:wooden_axe":12,"minecraft:chicken":1,"minecraft:bread":21,"minecraft:stone_axe":1,"minecraft:wooden_sword":13,"minecraft:cobblestone":8},"minecraft:picked_up":{"minecraft:crafting_table":1,"minecraft:feather":4,"minecraft:chicken":3,"cobblemon:yellow_apricorn":3,"cobblemon:charti_berry":1,"cobblemon:bluk_berry":1,"minecraft:oak_log":1,"minecraft:dirt":16,"minecraft:bone":1,"minecraft:bow":1,"minecraft:beef":1,"cobblemon:oran_berry":5,"cobblemon:moon_stone":1,"minecraft:stick":1,"minecraft:raw_iron":3,"minecraft:torch":1,"cobblemon:yellow_apricorn_seed":1,"cobblemon:persim_berry":5,"minecraft:spruce_sapling":1,"minecraft:ink_sac":2,"cobblemon:pink_apricorn":4,"minecraft:white_bed":2,"minecraft:dark_oak_log":12,"cobblemon:healing_machine":5,"minecraft:rotten_flesh":2,"cobblemon:poke_ball":25,"minecraft:mutton":6,"minecraft:coal":10,"minecraft:snowball":71,"minecraft:white_wool":4,"minecraft:cobblestone":16},"minecraft:custom":{"minecraft:mob_kills":10,"minecraft:interact_with_crafting_table":5,"minecraft:time_since_death":6029,"minecraft:sleep_in_bed":7,"minecraft:time_since_rest":6070,"minecraft:sprint_one_cm":226062,"minecraft:damage_taken":2015,"minecraft:walk_one_cm":112072,"minecraft:drop":16,"minecraft:damage_dealt":1572,"minecraft:swim_one_cm":21388,"minecraft:fly_one_cm":313961,"minecraft:player_kills":1,"minecraft:crouch_one_cm":6535,"minecraft:play_time":73001,"minecraft:deaths":6,"minecraft:sneak_time":2529,"minecraft:walk_under_water_one_cm":7439,"minecraft:jump":1774,"minecraft:walk_on_water_one_cm":5507,"minecraft:total_world_time":73001,"minecraft:fall_one_cm":44650},"minecraft:killed":{"cobblemon:pokemon":1,"minecraft:skeleton":1,"minecraft:sheep":4,"minecraft:goat":1,"minecraft:zombie":2,"minecraft:cow":1},"minecraft:dropped":{"minecraft:raw_iron":1,"minecraft:chicken":2,"minecraft:rotten_flesh":2,"minecraft:dirt":6,"minecraft:wooden_axe":1,"minecraft:mutton":1,"minecraft:snowball":36,"minecraft:wooden_sword":1,"minecraft:beef":1,"minecraft:wooden_pickaxe":1,"minecraft:spruce_sapling":1}},"DataVersion":3465}