{"stats":{"minecraft:killed_by":{"minecraft:player":2,"minecraft:creeper":2,"minecraft:zombie":5},"minecraft:mined":{"cobblemon:healing_machine":10,"minecraft:white_bed":5,"cobblemon:shiny_stone_ore":1,"minecraft:dark_oak_leaves":7,"minecraft:deepslate_diamond_ore":5,"minecraft:dark_oak_log":146,"cobblemon:pc":2,"cobblemon:apricorn_log":2,"minecraft:grass_block":8,"minecraft:spruce_leaves":1,"minecraft:iron_ore":3,"minecraft:deepslate_iron_ore":2,"cobblemon:white_apricorn":2,"minecraft:stone":56,"minecraft:powder_snow":11,"minecraft:crafting_table":3,"cobblemon:apricorn_leaves":6,"minecraft:tall_grass":1,"cobblemon:dripstone_moon_stone_ore":1,"minecraft:wall_torch":1,"minecraft:pink_petals":1,"minecraft:birch_log":7,"minecraft:spruce_log":6,"minecraft:birch_leaves":2,"minecraft:grass":29,"minecraft:coal_ore":10,"minecraft:oak_log":10,"minecraft:sand":3,"minecraft:dirt":16,"minecraft:gravel":2,"minecraft:oak_leaves":3,"minecraft:deepslate":1},"minecraft:crafted":{"minecraft:wooden_sword":1,"minecraft:smooth_stone":4,"minecraft:oak_planks":44,"minecraft:fishing_rod":1,"minecraft:birch_boat":1,"cobblemon:apricorn_planks":8,"minecraft:furnace":2,"minecraft:stone":7,"minecraft:bone_meal":12,"cobblemon:premier_ball":4,"minecraft:glass":1,"minecraft:iron_axe":1,"minecraft:stone_pickaxe":1,"minecraft:birch_door":3,"minecraft:dark_oak_planks":48,"cobblemon:citrine_ball":8,"minecraft:crafting_table":9,"minecraft:wooden_pickaxe":1,"cobblemon:pc":1,"minecraft:cooked_salmon":3,"minecraft:birch_planks":20,"cobblemon:roseate_ball":8,"minecraft:stone_axe":1,"minecraft:air":0,"minecraft:diamond_pickaxe":1,"minecraft:stick":24,"minecraft:iron_ingot":9,"minecraft:wooden_axe":1,"minecraft:stone_sword":1,"minecraft:snow_block":4,"minecraft:white_bed":1,"minecraft:torch":4},"minecraft:used":{"minecraft:stone_sword":66,"minecraft:shield":4,"minecraft:cooked_salmon":3,"minecraft:torch":12,"minecraft:dirt":12,"minecraft:mutton":5,"minecraft:carrot":2,"minecraft:snowball":3,"minecraft:birch_door":2,"minecraft:dark_oak_planks":12,"minecraft:wooden_axe":12,"minecraft:iron_axe":150,"cobblemon:pink_apricorn_seed":3,"cobblemon:pc":3,"minecraft:furnace":3,"minecraft:egg":1,"minecraft:cobbled_deepslate":1,"minecraft:snow_block":4,"minecraft:stone_pickaxe":49,"minecraft:oak_planks":4,"minecraft:birch_boat":2,"minecraft:ender_pearl":1,"minecraft:wooden_pickaxe":11,"minecraft:crafting_table":12,"cobblemon:yellow_apricorn_seed":2,"cobblemon:white_apricorn_seed":1,"minecraft:white_bed":4,"cobblemon:healing_machine":11,"minecraft:bread":27,"minecraft:chicken":1,"minecraft:iron_pickaxe":38,"minecraft:gravel":6,"minecraft:stone_axe":28,"minecraft:fishing_rod":2,"minecraft:wooden_sword":13,"cobblemon:red_apricorn_seed":1,"minecraft:cobblestone":25,"minecraft:bone_meal":12},"minecraft:picked_up":{"minecraft:crafting_table":4,"minecraft:chicken":3,"cobblemon:yellow_apricorn":7,"cobblemon:red_apricorn":6,"cobblemon:charti_berry":1,"minecraft:string":4,"minecraft:iron_axe":2,"cobblemon:white_apricorn":4,"minecraft:cobbled_deepslate":1,"cobblemon:white_apricorn_seed":1,"minecraft:beef":2,"cobblemon:oran_berry":5,"minecraft:egg":1,"minecraft:dark_oak_sapling":1,"minecraft:raw_iron":6,"minecraft:stick":1,"cobblemon:apricorn_log":2,"cobblemon:pc":2,"minecraft:torch":1,"cobblemon:citrine_ball":1,"minecraft:carrot":1,"minecraft:stone_sword":1,"minecraft:arrow":1,"minecraft:rotten_flesh":5,"minecraft:mutton":6,"minecraft:cod":1,"minecraft:snowball":71,"minecraft:white_wool":4,"minecraft:cobblestone":54,"minecraft:birch_log":5,"minecraft:feather":4,"minecraft:andesite":4,"minecraft:salmon":3,"minecraft:leather":1,"cobblemon:roseate_ball":3,"minecraft:oak_log":11,"cobblemon:bluk_berry":1,"minecraft:gunpowder":1,"minecraft:dirt":31,"cobblemon:pink_apricorn_seed":3,"minecraft:bone":2,"minecraft:bow":1,"cobblemon:moon_stone":1,"cobblemon:red_apricorn_seed":1,"minecraft:birch_boat":2,"cobblemon:shiny_stone":1,"minecraft:gravel":6,"minecraft:sand":3,"cobblemon:yellow_apricorn_seed":1,"cobblemon:pink_apricorn":11,"minecraft:ink_sac":2,"cobblemon:persim_berry":5,"minecraft:spruce_sapling":1,"minecraft:white_bed":4,"minecraft:spruce_log":6,"minecraft:dark_oak_log":139,"cobblemon:healing_machine":11,"minecraft:iron_hoe":1,"minecraft:diamond":5,"cobblemon:poke_ball":26,"minecraft:stone_axe":1,"minecraft:coal":18,"minecraft:ender_pearl":1},"minecraft:custom":{"minecraft:mob_kills":25,"minecraft:interact_with_crafting_table":22,"minecraft:leave_game":1,"minecraft:time_since_death":21828,"minecraft:sprint_one_cm":401736,"minecraft:walk_one_cm":237177,"minecraft:damage_blocked_by_shield":195,"minecraft:drop":45,"minecraft:play_time":157567,"minecraft:deaths":13,"minecraft:sneak_time":5725,"minecraft:walk_under_water_one_cm":27458,"minecraft:boat_one_cm":1080,"minecraft:jump":3114,"minecraft:walk_on_water_one_cm":18184,"minecraft:total_world_time":157567,"minecraft:interact_with_furnace":15,"minecraft:sleep_in_bed":16,"minecraft:time_since_rest":21859,"minecraft:damage_taken":4306,"minecraft:damage_dealt":3842,"minecraft:swim_one_cm":75095,"minecraft:fly_one_cm":553344,"minecraft:player_kills":1,"minecraft:crouch_one_cm":15759,"minecraft:fish_caught":1,"minecraft:fall_one_cm":83355},"minecraft:killed":{"minecraft:spider":2,"minecraft:skeleton":2,"cobblemon:pokemon":1,"minecraft:salmon":3,"minecraft:creeper":1,"minecraft:sheep":4,"minecraft:goat":1,"minecraft:zombie":7,"minecraft:cow":2,"minecraft:enderman":1},"minecraft:dropped":{"minecraft:dark_oak_sapling":1,"minecraft:feather":4,"cobblemon:persim_berry":4,"cobblemon:oran_berry":5,"minecraft:cod":1,"minecraft:dirt":15,"minecraft:dark_oak_log":127,"minecraft:ink_sac":2,"minecraft:mutton":1,"minecraft:wooden_axe":1,"minecraft:snowball":52,"minecraft:wooden_sword":1,"minecraft:iron_axe":2,"minecraft:dark_oak_planks":1,"minecraft:fishing_rod":1,"minecraft:spruce_sapling":1,"minecraft:stone_axe":2,"minecraft:stone_sword":1,"cobblemon:charti_berry":1,"minecraft:raw_iron":1,"minecraft:chicken":2,"minecraft:rotten_flesh":5,"minecraft:iron_hoe":1,"cobblemon:apricorn_planks":8,"cobblemon:bluk_berry":1,"minecraft:andesite":8,"minecraft:birch_door":1,"minecraft:spruce_log":6,"minecraft:beef":1,"minecraft:wooden_pickaxe":1}},"DataVersion":3465}