{"stats":{"minecraft:broken":{"minecraft:stone_pickaxe":1,"minecraft:shield":2,"minecraft:iron_axe":1,"minecraft:iron_pickaxe":1,"minecraft:iron_helmet":1},"minecraft:custom":{"minecraft:mob_kills":54,"minecraft:interact_with_crafting_table":32,"minecraft:leave_game":5,"minecraft:time_since_death":4407,"minecraft:climb_one_cm":2696,"minecraft:sprint_one_cm":650828,"minecraft:walk_one_cm":505891,"minecraft:damage_blocked_by_shield":6195,"minecraft:drop":60,"minecraft:talked_to_villager":35,"minecraft:target_hit":1,"minecraft:play_time":265806,"minecraft:deaths":33,"minecraft:sneak_time":38707,"minecraft:walk_under_water_one_cm":20302,"minecraft:jump":6299,"minecraft:walk_on_water_one_cm":36470,"minecraft:total_world_time":265806,"minecraft:interact_with_furnace":53,"minecraft:traded_with_villager":61,"minecraft:sleep_in_bed":5,"minecraft:time_since_rest":4442,"minecraft:waystone_activated":1,"minecraft:damage_taken":12833,"minecraft:damage_dealt":12611,"minecraft:swim_one_cm":45513,"minecraft:fly_one_cm":981158,"minecraft:player_kills":5,"minecraft:open_chest":20,"minecraft:crouch_one_cm":151559,"minecraft:fall_one_cm":229836},"minecraft:dropped":{"minecraft:enchanted_book":3,"minecraft:bread":55,"cobblemon:blue_apricorn":1,"minecraft:glass_bottle":1,"minecraft:red_mushroom":1,"cobblemon:pink_apricorn":2,"minecraft:stick":14,"minecraft:flint":1,"minecraft:dirt":3,"minecraft:diorite":8,"minecraft:potion":2,"minecraft:iron_leggings":3,"minecraft:string":2,"minecraft:gravel":4,"minecraft:moss_carpet":7,"minecraft:cobbled_deepslate":10,"minecraft:tuff":1,"minecraft:diamond_hoe":2,"minecraft:pointed_dripstone":1,"minecraft:rotten_flesh":17,"cobblemon:chesto_berry":8,"minecraft:oak_planks":2,"cobblemon:dragon_scale":1,"minecraft:name_tag":1,"cobblemon:black_apricorn":3,"minecraft:light_blue_concrete":2,"minecraft:spruce_planks":1,"minecraft:spider_eye":1,"minecraft:spruce_slab":1,"minecraft:cyan_concrete":2,"minecraft:arrow":6,"minecraft:bow":2,"minecraft:wooden_pickaxe":1},"minecraft:killed_by":{"minecraft:player":5,"minecraft:creeper":5,"minecraft:pillager":3,"minecraft:warden":5,"minecraft:skeleton":8,"minecraft:zombie":3},"minecraft:used":{"minecraft:cracked_deepslate_bricks":1,"minecraft:diamond_hoe":117,"minecraft:spruce_planks":4,"minecraft:shield":68,"minecraft:iron_sword":133,"minecraft:torch":129,"minecraft:dirt":18,"minecraft:dark_oak_planks":162,"minecraft:iron_axe":160,"minecraft:stone_bricks":1,"cobblemon:pc":1,"minecraft:bow":2,"minecraft:furnace":6,"minecraft:egg":1,"minecraft:cobbled_deepslate":7,"minecraft:water_bucket":1,"minecraft:stone_pickaxe":130,"minecraft:wooden_pickaxe":3,"minecraft:cracked_stone_bricks":1,"minecraft:glow_berries":12,"minecraft:crafting_table":8,"minecraft:white_bed":7,"cobblemon:healing_machine":3,"minecraft:diamond_pickaxe":321,"minecraft:dark_oak_log":2,"minecraft:bread":60,"minecraft:iron_pickaxe":242,"minecraft:cobblestone":72,"minecraft:potion":1,"minecraft:bucket":1},"minecraft:crafted":{"minecraft:oak_planks":8,"minecraft:iron_nugget":396,"minecraft:furnace":3,"cobblemon:awakening":1,"minecraft:iron_boots":1,"minecraft:iron_axe":1,"minecraft:stone_pickaxe":1,"minecraft:dark_oak_planks":228,"minecraft:crafting_table":5,"minecraft:spruce_planks":12,"minecraft:wooden_pickaxe":1,"minecraft:iron_helmet":1,"minecraft:iron_sword":1,"minecraft:bucket":1,"minecraft:air":0,"cobblemon:poke_ball":25,"minecraft:iron_chestplate":1,"minecraft:diamond_pickaxe":1,"minecraft:gold_nugget":198,"minecraft:shield":3,"minecraft:stick":44,"minecraft:iron_ingot":79,"minecraft:iron_pickaxe":1,"minecraft:gold_ingot":33,"minecraft:iron_leggings":1,"minecraft:white_bed":1,"minecraft:torch":124,"cobblemon:ultra_ball":5,"cobblemon:great_ball":29,"cobblemon:revive":1},"minecraft:picked_up":{"minecraft:crafting_table":5,"minecraft:light_blue_concrete":2,"minecraft:chicken":7,"minecraft:wooden_pickaxe":2,"minecraft:enchanted_book":1,"minecraft:potion":1,"minecraft:string":2,"minecraft:moss_carpet":11,"minecraft:iron_axe":2,"minecraft:iron_leggings":1,"minecraft:cracked_stone_bricks":1,"minecraft:cobbled_deepslate":24,"minecraft:spruce_planks":1,"minecraft:spruce_slab":1,"minecraft:egg":1,"minecraft:furnace":5,"minecraft:stick":18,"minecraft:raw_iron":93,"cobblemon:pc":1,"minecraft:big_dripleaf":12,"minecraft:torch":5,"minecraft:pointed_dripstone":1,"minecraft:diorite":8,"minecraft:dark_oak_planks":1,"cobblemon:blue_mint_seeds":3,"minecraft:arrow":8,"minecraft:rotten_flesh":25,"minecraft:cracked_deepslate_bricks":1,"minecraft:mutton":4,"cobblemon:blue_apricorn":1,"minecraft:white_wool":3,"minecraft:cobblestone":254,"minecraft:feather":4,"minecraft:red_mushroom":1,"minecraft:flint":1,"minecraft:tuff":1,"minecraft:oak_log":2,"minecraft:dirt":27,"minecraft:name_tag":2,"minecraft:bone":5,"minecraft:stone_bricks":1,"minecraft:bow":4,"cobblemon:black_apricorn":3,"minecraft:raw_gold":33,"minecraft:iron_ingot":5,"minecraft:stone_pickaxe":2,"cobblemon:thunder_stone":2,"minecraft:cyan_concrete":2,"cobblemon:black_apricorn_seed":1,"minecraft:gravel":4,"cobblemon:pink_apricorn":2,"minecraft:white_bed":6,"minecraft:spruce_log":8,"minecraft:spider_eye":1,"minecraft:dark_oak_log":107,"cobblemon:healing_machine":4,"cobblemon:poke_ball":147,"minecraft:diamond":14,"minecraft:bread":128,"cobblemon:chesto_berry":8,"minecraft:coal":155},"minecraft:killed":{"minecraft:spider":3,"minecraft:skeleton":8,"minecraft:zombie_villager":1,"cobblemon:pokemon":1,"minecraft:sheep":3,"minecraft:pillager":1,"minecraft:zombie":33},"minecraft:mined":{"minecraft:dark_oak_planks":1,"cobblemon:healing_machine":3,"minecraft:deepslate_tiles":1,"minecraft:diamond_ore":4,"minecraft:tuff":4,"minecraft:spruce_planks":1,"minecraft:white_bed":6,"minecraft:dark_oak_leaves":1,"minecraft:deepslate_diamond_ore":9,"minecraft:light_blue_concrete":2,"minecraft:sculk_vein":1,"minecraft:dark_oak_log":60,"cobblemon:pc":1,"minecraft:dark_oak_fence":4,"minecraft:grass_block":19,"cobblemon:chesto_berry":3,"minecraft:deepslate_tile_stairs":1,"minecraft:spruce_leaves":2,"minecraft:spawner":1,"minecraft:furnace":3,"minecraft:iron_ore":56,"cobblemon:razz_berry":4,"minecraft:andesite":2,"minecraft:pointed_dripstone":2,"minecraft:cyan_concrete":2,"minecraft:deepslate_iron_ore":26,"minecraft:stone":243,"minecraft:player_head":1,"minecraft:spruce_slab":1,"minecraft:dandelion":1,"minecraft:powder_snow":52,"minecraft:crafting_table":5,"cobblemon:blue_mint":2,"cobblemon:apricorn_leaves":2,"minecraft:sculk_sensor":2,"minecraft:copper_ore":1,"minecraft:tall_grass":7,"minecraft:cobblestone":21,"minecraft:deepslate_gold_ore":30,"minecraft:sculk":2,"minecraft:diorite":18,"minecraft:wall_torch":1,"minecraft:big_dripleaf":1,"minecraft:spruce_log":7,"minecraft:birch_leaves":2,"cobblemon:deepslate_thunder_stone_ore":2,"minecraft:grass":5,"minecraft:oak_log":2,"minecraft:coal_ore":85,"minecraft:gravel":10,"minecraft:smooth_quartz":2,"minecraft:dirt":19,"minecraft:gray_carpet":1,"minecraft:cracked_stone_bricks":1,"minecraft:red_mushroom_block":1,"minecraft:stone_bricks":1,"minecraft:gold_ore":3,"minecraft:oak_leaves":2,"minecraft:deepslate":87,"minecraft:fern":4}},"DataVersion":3465}