{"stats":{"minecraft:killed_by":{"minecraft:warden":5,"minecraft:player":3,"minecraft:skeleton":4,"minecraft:creeper":3,"minecraft:zombie":2},"minecraft:mined":{"minecraft:dark_oak_planks":1,"cobblemon:healing_machine":2,"minecraft:deepslate_tiles":1,"minecraft:tuff":4,"minecraft:spruce_planks":1,"minecraft:white_bed":5,"minecraft:dark_oak_leaves":1,"minecraft:deepslate_diamond_ore":1,"minecraft:sculk_vein":1,"minecraft:dark_oak_log":57,"minecraft:dandelion":1,"minecraft:powder_snow":8,"minecraft:crafting_table":5,"cobblemon:apricorn_leaves":2,"minecraft:dark_oak_fence":4,"minecraft:grass_block":6,"minecraft:sculk_sensor":2,"cobblemon:chesto_berry":3,"minecraft:cobblestone":2,"minecraft:deepslate_tile_stairs":1,"minecraft:spruce_leaves":1,"minecraft:sculk":2,"minecraft:diorite":2,"minecraft:big_dripleaf":1,"minecraft:spawner":1,"minecraft:furnace":3,"minecraft:iron_ore":35,"cobblemon:razz_berry":4,"minecraft:spruce_log":7,"minecraft:birch_leaves":2,"minecraft:grass":2,"minecraft:pointed_dripstone":2,"minecraft:coal_ore":42,"minecraft:deepslate_iron_ore":7,"minecraft:dirt":2,"minecraft:gray_carpet":1,"minecraft:cracked_stone_bricks":1,"minecraft:red_mushroom_block":1,"minecraft:stone":36,"minecraft:stone_bricks":1,"minecraft:deepslate":5,"minecraft:spruce_slab":1,"minecraft:oak_leaves":2},"minecraft:crafted":{"minecraft:crafting_table":3,"minecraft:spruce_planks":8,"minecraft:wooden_pickaxe":1,"minecraft:iron_helmet":1,"minecraft:furnace":1,"minecraft:air":0,"minecraft:iron_chestplate":1,"minecraft:iron_boots":1,"minecraft:shield":2,"minecraft:iron_axe":1,"minecraft:stick":36,"minecraft:iron_ingot":31,"minecraft:iron_pickaxe":1,"minecraft:stone_pickaxe":1,"minecraft:iron_leggings":1,"minecraft:white_bed":1,"minecraft:dark_oak_planks":216,"minecraft:torch":104},"minecraft:used":{"minecraft:cracked_deepslate_bricks":1,"minecraft:stone_pickaxe":130,"minecraft:diamond_hoe":11,"minecraft:shield":23,"minecraft:wooden_pickaxe":3,"minecraft:cracked_stone_bricks":1,"minecraft:torch":104,"minecraft:dirt":2,"minecraft:crafting_table":6,"minecraft:white_bed":5,"cobblemon:healing_machine":2,"minecraft:dark_oak_planks":162,"minecraft:dark_oak_log":2,"minecraft:iron_axe":160,"minecraft:bread":36,"minecraft:iron_pickaxe":21,"minecraft:stone_bricks":1,"minecraft:potion":1,"minecraft:cobblestone":42,"minecraft:bow":2,"minecraft:furnace":4,"minecraft:cobbled_deepslate":7},"minecraft:picked_up":{"minecraft:crafting_table":5,"minecraft:chicken":4,"minecraft:red_mushroom":1,"minecraft:wooden_pickaxe":2,"minecraft:potion":1,"minecraft:enchanted_book":1,"minecraft:tuff":1,"minecraft:dirt":7,"minecraft:moss_carpet":11,"minecraft:iron_axe":2,"minecraft:name_tag":1,"minecraft:iron_leggings":1,"minecraft:bone":5,"minecraft:stone_bricks":1,"minecraft:bow":4,"minecraft:cracked_stone_bricks":1,"cobblemon:black_apricorn":2,"minecraft:cobbled_deepslate":7,"minecraft:spruce_planks":1,"minecraft:iron_ingot":3,"minecraft:stone_pickaxe":2,"minecraft:spruce_slab":1,"minecraft:furnace":5,"minecraft:stick":4,"minecraft:raw_iron":53,"minecraft:big_dripleaf":12,"cobblemon:black_apricorn_seed":1,"minecraft:pointed_dripstone":1,"minecraft:diorite":4,"minecraft:white_bed":5,"minecraft:spruce_log":7,"minecraft:dark_oak_log":104,"minecraft:dark_oak_planks":1,"cobblemon:healing_machine":3,"minecraft:arrow":4,"minecraft:rotten_flesh":10,"minecraft:diamond":1,"cobblemon:poke_ball":137,"minecraft:cracked_deepslate_bricks":1,"minecraft:bread":128,"cobblemon:chesto_berry":8,"minecraft:mutton":4,"minecraft:coal":112,"cobblemon:blue_apricorn":1,"minecraft:white_wool":3,"minecraft:cobblestone":88},"minecraft:custom":{"minecraft:interact_with_furnace":23,"minecraft:mob_kills":25,"minecraft:interact_with_crafting_table":22,"minecraft:leave_game":2,"minecraft:time_since_death":5143,"minecraft:sleep_in_bed":5,"minecraft:climb_one_cm":1424,"minecraft:time_since_rest":5173,"minecraft:sprint_one_cm":314457,"minecraft:damage_taken":8272,"minecraft:walk_one_cm":227093,"minecraft:damage_blocked_by_shield":1680,"minecraft:drop":22,"minecraft:damage_dealt":5400,"minecraft:target_hit":1,"minecraft:swim_one_cm":31426,"minecraft:fly_one_cm":411049,"minecraft:player_kills":2,"minecraft:open_chest":13,"minecraft:crouch_one_cm":139161,"minecraft:play_time":133070,"minecraft:deaths":19,"minecraft:sneak_time":32075,"minecraft:walk_under_water_one_cm":7979,"minecraft:jump":3066,"minecraft:walk_on_water_one_cm":17868,"minecraft:total_world_time":133070,"minecraft:fall_one_cm":138132},"minecraft:killed":{"cobblemon:pokemon":1,"minecraft:sheep":3,"minecraft:skeleton":5,"minecraft:zombie":13},"minecraft:dropped":{"minecraft:bread":55,"minecraft:moss_carpet":7,"minecraft:glass_bottle":1,"minecraft:tuff":1,"minecraft:pointed_dripstone":1,"minecraft:rotten_flesh":2,"minecraft:red_mushroom":1,"minecraft:diorite":4,"minecraft:spruce_planks":1,"minecraft:spruce_slab":1,"minecraft:iron_leggings":2,"minecraft:bow":2,"minecraft:wooden_pickaxe":1},"minecraft:broken":{"minecraft:stone_pickaxe":1,"minecraft:iron_axe":1}},"DataVersion":3465}