{"stats":{"minecraft:crafted":{"minecraft:oak_planks":60,"minecraft:shield":1,"minecraft:crafting_table":3,"minecraft:stick":16,"minecraft:iron_ingot":5,"minecraft:wooden_pickaxe":2,"minecraft:stone_pickaxe":2,"minecraft:iron_sword":1,"minecraft:furnace":1,"minecraft:stone_axe":1,"minecraft:air":0},"minecraft:custom":{"minecraft:time_since_rest":96,"minecraft:interact_with_furnace":4,"minecraft:sprint_one_cm":60383,"minecraft:damage_taken":2179,"minecraft:walk_one_cm":40721,"minecraft:damage_blocked_by_shield":60,"minecraft:mob_kills":3,"minecraft:damage_dealt":1002,"minecraft:player_kills":2,"minecraft:interact_with_crafting_table":13,"minecraft:fly_one_cm":69645,"minecraft:crouch_one_cm":11313,"minecraft:play_time":19250,"minecraft:deaths":7,"minecraft:sneak_time":3678,"minecraft:jump":447,"minecraft:leave_game":2,"minecraft:time_since_death":66,"minecraft:walk_on_water_one_cm":1066,"minecraft:total_world_time":19250,"minecraft:fall_one_cm":25806},"minecraft:mined":{"minecraft:furnace":1,"minecraft:iron_ore":5,"minecraft:birch_log":1,"minecraft:birch_leaves":1,"minecraft:andesite":25,"minecraft:crafting_table":2,"minecraft:granite":3,"minecraft:short_grass":2,"minecraft:grass_block":1,"minecraft:oak_log":21,"minecraft:dirt":2,"minecraft:cobblestone":5,"minecraft:stone":51,"minecraft:diorite":21,"minecraft:oak_leaves":10},"minecraft:picked_up":{"minecraft:birch_log":2,"minecraft:raw_iron":5,"minecraft:crafting_table":2,"minecraft:andesite":25,"minecraft:oak_log":21,"minecraft:diorite":18,"minecraft:dirt":3,"minecraft:granite":2,"minecraft:oak_planks":10,"minecraft:cobblestone":54,"minecraft:furnace":1},"minecraft:killed_by":{"minecraft:skeleton":1},"minecraft:used":{"minecraft:oak_log":1,"minecraft:diorite":14,"minecraft:stone_pickaxe":109,"minecraft:shield":1,"minecraft:wooden_pickaxe":8,"minecraft:iron_sword":2,"minecraft:stone_axe":1,"minecraft:dirt":3,"minecraft:cobblestone":24,"minecraft:crafting_table":3,"minecraft:furnace":1,"minecraft:andesite":5,"minecraft:granite":2}},"DataVersion":3955}