{"stats":{"minecraft:custom":{"minecraft:interact_with_furnace":23,"minecraft:mob_kills":25,"minecraft:interact_with_crafting_table":22,"minecraft:leave_game":4,"minecraft:time_since_death":29946,"minecraft:sleep_in_bed":5,"minecraft:climb_one_cm":1424,"minecraft:time_since_rest":29974,"minecraft:waystone_activated":1,"minecraft:sprint_one_cm":376175,"minecraft:damage_taken":9410,"minecraft:walk_one_cm":321390,"minecraft:damage_blocked_by_shield":2985,"minecraft:drop":22,"minecraft:damage_dealt":6372,"minecraft:player_kills":5,"minecraft:swim_one_cm":41060,"minecraft:fly_one_cm":492664,"minecraft:target_hit":1,"minecraft:open_chest":13,"minecraft:crouch_one_cm":141040,"minecraft:play_time":176411,"minecraft:deaths":21,"minecraft:sneak_time":32842,"minecraft:walk_under_water_one_cm":8877,"minecraft:jump":3849,"minecraft:walk_on_water_one_cm":18574,"minecraft:total_world_time":176411,"minecraft:fall_one_cm":160608},"minecraft:broken":{"minecraft:stone_pickaxe":1,"minecraft:iron_axe":1},"minecraft:dropped":{"minecraft:bread":55,"minecraft:moss_carpet":7,"minecraft:glass_bottle":1,"minecraft:tuff":1,"minecraft:pointed_dripstone":1,"minecraft:rotten_flesh":2,"minecraft:red_mushroom":1,"minecraft:diorite":4,"minecraft:spruce_planks":1,"minecraft:spruce_slab":1,"minecraft:iron_leggings":2,"minecraft:bow":2,"minecraft:wooden_pickaxe":1},"minecraft:crafted":{"minecraft:crafting_table":3,"minecraft:spruce_planks":12,"minecraft:wooden_pickaxe":1,"minecraft:iron_helmet":1,"minecraft:furnace":1,"minecraft:air":0,"minecraft:iron_chestplate":1,"minecraft:iron_boots":1,"minecraft:shield":2,"minecraft:iron_axe":1,"minecraft:stick":36,"minecraft:iron_ingot":31,"minecraft:iron_pickaxe":1,"minecraft:stone_pickaxe":1,"minecraft:iron_leggings":1,"minecraft:white_bed":1,"minecraft:dark_oak_planks":216,"minecraft:torch":104},"minecraft:killed_by":{"minecraft:warden":5,"minecraft:player":5,"minecraft:skeleton":4,"minecraft:creeper":3,"minecraft:zombie":2},"minecraft:used":{"minecraft:cracked_deepslate_bricks":1,"minecraft:spruce_planks":4,"minecraft:stone_pickaxe":130,"minecraft:diamond_hoe":88,"minecraft:shield":26,"minecraft:wooden_pickaxe":3,"minecraft:cracked_stone_bricks":1,"minecraft:torch":104,"minecraft:dirt":10,"minecraft:crafting_table":6,"minecraft:white_bed":5,"cobblemon:healing_machine":3,"minecraft:dark_oak_planks":162,"minecraft:dark_oak_log":2,"minecraft:iron_axe":160,"minecraft:bread":46,"minecraft:iron_pickaxe":84,"minecraft:stone_bricks":1,"minecraft:bow":2,"minecraft:cobblestone":42,"minecraft:potion":1,"minecraft:furnace":4,"minecraft:cobbled_deepslate":7},"minecraft:picked_up":{"minecraft:crafting_table":5,"minecraft:feather":3,"minecraft:chicken":7,"minecraft:red_mushroom":1,"minecraft:wooden_pickaxe":2,"minecraft:potion":1,"minecraft:enchanted_book":1,"minecraft:tuff":1,"minecraft:dirt":15,"minecraft:moss_carpet":11,"minecraft:iron_axe":2,"minecraft:name_tag":1,"minecraft:iron_leggings":1,"minecraft:bone":5,"minecraft:stone_bricks":1,"minecraft:bow":4,"minecraft:cracked_stone_bricks":1,"cobblemon:black_apricorn":2,"minecraft:cobbled_deepslate":7,"minecraft:spruce_planks":1,"minecraft:iron_ingot":3,"minecraft:stone_pickaxe":2,"minecraft:spruce_slab":1,"minecraft:furnace":5,"minecraft:stick":4,"minecraft:raw_iron":57,"minecraft:big_dripleaf":12,"cobblemon:black_apricorn_seed":1,"minecraft:pointed_dripstone":1,"minecraft:diorite":4,"minecraft:white_bed":5,"minecraft:spruce_log":8,"minecraft:dark_oak_log":104,"minecraft:dark_oak_planks":1,"cobblemon:healing_machine":4,"minecraft:arrow":4,"minecraft:rotten_flesh":10,"minecraft:diamond":1,"cobblemon:poke_ball":143,"minecraft:cracked_deepslate_bricks":1,"minecraft:bread":128,"cobblemon:chesto_berry":8,"cobblemon:blue_apricorn":1,"minecraft:mutton":4,"minecraft:coal":112,"minecraft:white_wool":3,"minecraft:cobblestone":90},"minecraft:killed":{"cobblemon:pokemon":1,"minecraft:sheep":3,"minecraft:skeleton":5,"minecraft:zombie":13},"minecraft:mined":{"minecraft:dark_oak_planks":1,"cobblemon:healing_machine":3,"minecraft:deepslate_tiles":1,"minecraft:tuff":4,"minecraft:spruce_planks":1,"minecraft:white_bed":5,"minecraft:dark_oak_leaves":1,"minecraft:deepslate_diamond_ore":1,"minecraft:sculk_vein":1,"minecraft:dark_oak_log":57,"minecraft:dandelion":1,"minecraft:powder_snow":52,"minecraft:crafting_table":5,"cobblemon:apricorn_leaves":2,"minecraft:dark_oak_fence":4,"minecraft:grass_block":11,"minecraft:sculk_sensor":2,"cobblemon:chesto_berry":3,"minecraft:cobblestone":2,"minecraft:deepslate_tile_stairs":1,"minecraft:spruce_leaves":2,"minecraft:sculk":2,"minecraft:diorite":2,"minecraft:big_dripleaf":1,"minecraft:spawner":1,"minecraft:furnace":3,"minecraft:iron_ore":39,"cobblemon:razz_berry":4,"minecraft:spruce_log":7,"minecraft:birch_leaves":2,"minecraft:grass":3,"minecraft:pointed_dripstone":2,"minecraft:coal_ore":42,"minecraft:deepslate_iron_ore":7,"minecraft:dirt":6,"minecraft:gray_carpet":1,"minecraft:cracked_stone_bricks":1,"minecraft:red_mushroom_block":1,"minecraft:stone":38,"minecraft:stone_bricks":1,"minecraft:oak_leaves":2,"minecraft:spruce_slab":1,"minecraft:deepslate":5,"minecraft:fern":4}},"DataVersion":3465}