{"stats":{"minecraft:broken":{"minecraft:iron_boots":1,"minecraft:iron_chestplate":1,"minecraft:stone_pickaxe":1,"minecraft:shield":2,"minecraft:iron_axe":1,"minecraft:iron_pickaxe":1,"minecraft:iron_helmet":1},"minecraft:custom":{"minecraft:mob_kills":62,"minecraft:interact_with_crafting_table":33,"minecraft:leave_game":5,"minecraft:time_since_death":2707,"minecraft:climb_one_cm":3750,"minecraft:sprint_one_cm":759118,"minecraft:walk_one_cm":588766,"minecraft:damage_blocked_by_shield":6195,"minecraft:drop":72,"minecraft:talked_to_villager":40,"minecraft:target_hit":1,"minecraft:play_time":301806,"minecraft:deaths":40,"minecraft:sneak_time":40684,"minecraft:walk_under_water_one_cm":26350,"minecraft:jump":7482,"minecraft:walk_on_water_one_cm":47148,"minecraft:total_world_time":301806,"minecraft:interact_with_furnace":68,"minecraft:traded_with_villager":85,"minecraft:sleep_in_bed":5,"minecraft:time_since_rest":2734,"minecraft:waystone_activated":1,"minecraft:damage_taken":14945,"minecraft:damage_dealt":13681,"minecraft:swim_one_cm":45963,"minecraft:fly_one_cm":1191284,"minecraft:player_kills":5,"minecraft:open_chest":22,"minecraft:crouch_one_cm":156336,"minecraft:fall_one_cm":270601},"minecraft:dropped":{"minecraft:enchanted_book":3,"minecraft:bread":55,"minecraft:iron_sword":1,"cobblemon:blue_apricorn":1,"minecraft:glass_bottle":1,"minecraft:red_mushroom":1,"cobblemon:pink_apricorn":2,"minecraft:stick":14,"minecraft:flint":1,"minecraft:dirt":3,"minecraft:diorite":8,"minecraft:potion":2,"minecraft:iron_leggings":3,"minecraft:string":5,"minecraft:gold_ingot":1,"minecraft:gravel":4,"minecraft:moss_carpet":7,"minecraft:iron_nugget":1,"minecraft:cobbled_deepslate":10,"minecraft:tuff":1,"minecraft:diamond_hoe":2,"minecraft:pointed_dripstone":1,"minecraft:rotten_flesh":17,"cobblemon:chesto_berry":8,"minecraft:oak_planks":2,"cobblemon:dragon_scale":1,"minecraft:name_tag":1,"cobblemon:black_apricorn":3,"minecraft:cooked_mutton":2,"minecraft:light_blue_concrete":2,"minecraft:gunpowder":2,"minecraft:spruce_planks":1,"cobblemon:healing_machine":1,"minecraft:spider_eye":1,"minecraft:spruce_slab":1,"minecraft:cyan_concrete":3,"minecraft:arrow":6,"minecraft:bow":2,"minecraft:wooden_pickaxe":1},"minecraft:killed_by":{"minecraft:player":5,"minecraft:creeper":5,"minecraft:pillager":3,"minecraft:piglin":2,"minecraft:warden":5,"minecraft:skeleton":11,"minecraft:zombie":4},"minecraft:used":{"minecraft:cracked_deepslate_bricks":1,"minecraft:diamond_hoe":117,"minecraft:spruce_planks":4,"minecraft:shield":68,"minecraft:iron_sword":158,"minecraft:cooked_chicken":1,"minecraft:netherrack":12,"minecraft:torch":130,"minecraft:dirt":18,"minecraft:obsidian":10,"minecraft:dark_oak_planks":162,"minecraft:iron_axe":160,"minecraft:stone_bricks":1,"cobblemon:pc":1,"minecraft:bow":2,"minecraft:furnace":6,"minecraft:egg":1,"minecraft:cobbled_deepslate":7,"minecraft:cooked_mutton":3,"minecraft:water_bucket":1,"minecraft:stone_pickaxe":130,"minecraft:wooden_pickaxe":3,"minecraft:cracked_stone_bricks":1,"minecraft:white_wool":1,"minecraft:glow_berries":12,"minecraft:crafting_table":8,"minecraft:white_bed":7,"cobblemon:healing_machine":3,"minecraft:diamond_pickaxe":379,"minecraft:dark_oak_log":2,"minecraft:bread":60,"minecraft:iron_pickaxe":242,"minecraft:cobblestone":130,"minecraft:potion":1,"minecraft:bucket":1},"minecraft:crafted":{"minecraft:oak_planks":8,"minecraft:iron_nugget":468,"minecraft:cooked_chicken":1,"minecraft:furnace":3,"cobblemon:awakening":1,"minecraft:cooked_mutton":5,"minecraft:iron_boots":1,"minecraft:iron_axe":1,"minecraft:stone_pickaxe":1,"minecraft:dark_oak_planks":228,"minecraft:crafting_table":5,"minecraft:spruce_planks":12,"minecraft:wooden_pickaxe":1,"minecraft:iron_helmet":1,"minecraft:iron_sword":1,"minecraft:bucket":1,"minecraft:air":0,"cobblemon:poke_ball":49,"minecraft:iron_chestplate":1,"minecraft:diamond_pickaxe":1,"minecraft:gold_nugget":198,"minecraft:shield":3,"minecraft:stick":44,"minecraft:iron_ingot":82,"minecraft:iron_pickaxe":1,"minecraft:gold_ingot":51,"minecraft:iron_leggings":1,"minecraft:white_bed":1,"minecraft:torch":124,"cobblemon:ultra_ball":5,"cobblemon:great_ball":29,"cobblemon:revive":1},"minecraft:picked_up":{"minecraft:crafting_table":5,"minecraft:light_blue_concrete":2,"minecraft:chicken":8,"minecraft:wooden_pickaxe":2,"minecraft:enchanted_book":1,"minecraft:potion":1,"minecraft:string":4,"minecraft:moss_carpet":11,"minecraft:iron_axe":2,"minecraft:iron_leggings":1,"minecraft:cracked_stone_bricks":1,"minecraft:gold_nugget":31,"minecraft:cobbled_deepslate":25,"minecraft:spruce_planks":1,"minecraft:spruce_slab":1,"minecraft:egg":1,"minecraft:furnace":5,"minecraft:stick":18,"minecraft:raw_iron":98,"cobblemon:pc":1,"minecraft:big_dripleaf":12,"minecraft:torch":6,"minecraft:porkchop":1,"minecraft:pointed_dripstone":1,"minecraft:diorite":8,"minecraft:dark_oak_planks":1,"cobblemon:blue_mint_seeds":3,"minecraft:arrow":8,"minecraft:rotten_flesh":25,"minecraft:cracked_deepslate_bricks":1,"minecraft:gold_ingot":1,"minecraft:obsidian":10,"minecraft:mutton":5,"cobblemon:blue_apricorn":1,"minecraft:white_wool":4,"minecraft:cobblestone":259,"minecraft:feather":5,"minecraft:red_mushroom":1,"minecraft:flint":1,"minecraft:tuff":1,"minecraft:gunpowder":2,"minecraft:oak_log":2,"minecraft:dirt":27,"minecraft:name_tag":2,"minecraft:bone":5,"minecraft:stone_bricks":1,"minecraft:bow":4,"cobblemon:black_apricorn":3,"minecraft:raw_gold":34,"minecraft:iron_ingot":5,"minecraft:stone_pickaxe":2,"cobblemon:thunder_stone":2,"minecraft:cyan_concrete":3,"minecraft:iron_sword":1,"cobblemon:black_apricorn_seed":1,"minecraft:quartz":7,"minecraft:gravel":4,"cobblemon:pink_apricorn":2,"minecraft:white_bed":6,"minecraft:spruce_log":8,"minecraft:spider_eye":1,"minecraft:dark_oak_log":107,"cobblemon:healing_machine":5,"cobblemon:poke_ball":155,"minecraft:diamond":16,"minecraft:warped_roots":1,"minecraft:bread":128,"cobblemon:chesto_berry":8,"minecraft:netherrack":12,"minecraft:crimson_roots":1,"minecraft:coal":155},"minecraft:killed":{"minecraft:spider":5,"minecraft:skeleton":9,"minecraft:chicken":2,"minecraft:piglin":1,"minecraft:pig":1,"minecraft:zombie_villager":1,"cobblemon:pokemon":1,"minecraft:sheep":4,"minecraft:pillager":1,"minecraft:zombie":33},"minecraft:mined":{"minecraft:dark_oak_planks":1,"cobblemon:healing_machine":3,"minecraft:nether_gold_ore":9,"minecraft:deepslate_tiles":1,"minecraft:diamond_ore":4,"minecraft:tuff":4,"minecraft:spruce_planks":1,"minecraft:white_bed":6,"minecraft:dark_oak_leaves":1,"minecraft:deepslate_diamond_ore":11,"minecraft:light_blue_concrete":2,"minecraft:sculk_vein":1,"minecraft:dark_oak_log":60,"cobblemon:pc":1,"minecraft:obsidian":10,"minecraft:dark_oak_fence":4,"minecraft:grass_block":19,"minecraft:crimson_roots":1,"cobblemon:chesto_berry":3,"minecraft:deepslate_tile_stairs":1,"minecraft:spruce_leaves":2,"minecraft:spawner":2,"minecraft:furnace":3,"minecraft:iron_ore":56,"minecraft:fire":3,"cobblemon:razz_berry":4,"minecraft:andesite":2,"minecraft:twisting_vines":1,"minecraft:pointed_dripstone":2,"minecraft:cyan_concrete":3,"minecraft:deepslate_iron_ore":31,"minecraft:stone":244,"minecraft:player_head":1,"minecraft:spruce_slab":1,"minecraft:twisting_vines_plant":2,"minecraft:dandelion":1,"minecraft:powder_snow":52,"minecraft:crafting_table":5,"cobblemon:blue_mint":2,"cobblemon:apricorn_leaves":2,"minecraft:warped_roots":1,"minecraft:nether_quartz_ore":7,"minecraft:sculk_sensor":2,"minecraft:copper_ore":1,"minecraft:tall_grass":7,"minecraft:cobblestone":26,"minecraft:deepslate_gold_ore":31,"minecraft:sculk":2,"minecraft:diorite":18,"minecraft:wall_torch":1,"minecraft:big_dripleaf":1,"minecraft:spruce_log":7,"minecraft:birch_leaves":2,"cobblemon:deepslate_thunder_stone_ore":2,"minecraft:grass":6,"minecraft:oak_log":2,"minecraft:coal_ore":85,"minecraft:gravel":10,"minecraft:smooth_quartz":2,"minecraft:dirt":19,"minecraft:gray_carpet":1,"minecraft:cracked_stone_bricks":1,"minecraft:red_mushroom_block":1,"minecraft:stone_bricks":1,"minecraft:netherrack":13,"minecraft:gold_ore":3,"minecraft:oak_leaves":2,"minecraft:deepslate":88,"minecraft:fern":4}},"DataVersion":3465}