{"stats":{"minecraft:killed_by":{"minecraft:player":1,"minecraft:skeleton":4,"minecraft:creeper":3,"minecraft:zombie":2},"minecraft:custom":{"minecraft:interact_with_furnace":20,"minecraft:mob_kills":24,"minecraft:interact_with_crafting_table":19,"minecraft:leave_game":2,"minecraft:time_since_death":7794,"minecraft:sleep_in_bed":2,"minecraft:climb_one_cm":1210,"minecraft:time_since_rest":7829,"minecraft:sprint_one_cm":205655,"minecraft:damage_taken":4508,"minecraft:walk_one_cm":136117,"minecraft:damage_blocked_by_shield":1620,"minecraft:drop":3,"minecraft:damage_dealt":4567,"minecraft:swim_one_cm":30210,"minecraft:fly_one_cm":273525,"minecraft:player_kills":1,"minecraft:open_chest":2,"minecraft:crouch_one_cm":9223,"minecraft:play_time":66674,"minecraft:deaths":11,"minecraft:sneak_time":3359,"minecraft:walk_under_water_one_cm":5384,"minecraft:jump":1847,"minecraft:walk_on_water_one_cm":8787,"minecraft:total_world_time":66674,"minecraft:fall_one_cm":73755},"minecraft:dropped":{"minecraft:bread":32,"minecraft:rotten_flesh":2},"minecraft:mined":{"cobblemon:healing_machine":2,"minecraft:spruce_planks":1,"minecraft:white_bed":1,"minecraft:dark_oak_leaves":1,"minecraft:dark_oak_log":57,"minecraft:dandelion":1,"minecraft:powder_snow":8,"minecraft:crafting_table":3,"cobblemon:apricorn_leaves":2,"minecraft:grass_block":6,"cobblemon:chesto_berry":3,"minecraft:cobblestone":2,"minecraft:spruce_leaves":1,"minecraft:big_dripleaf":1,"minecraft:spawner":1,"minecraft:furnace":2,"minecraft:iron_ore":34,"cobblemon:razz_berry":4,"minecraft:spruce_log":7,"minecraft:birch_leaves":2,"minecraft:grass":2,"minecraft:pointed_dripstone":1,"minecraft:coal_ore":42,"minecraft:dirt":2,"minecraft:cracked_stone_bricks":1,"minecraft:red_mushroom_block":1,"minecraft:stone":36,"minecraft:stone_bricks":1,"minecraft:spruce_slab":1,"minecraft:oak_leaves":2},"minecraft:killed":{"cobblemon:pokemon":1,"minecraft:skeleton":5,"minecraft:sheep":3,"minecraft:zombie":12},"minecraft:picked_up":{"minecraft:crafting_table":3,"minecraft:chicken":4,"minecraft:wooden_pickaxe":2,"minecraft:red_mushroom":1,"minecraft:dirt":7,"minecraft:moss_carpet":6,"minecraft:iron_axe":2,"minecraft:bone":5,"minecraft:stone_bricks":1,"minecraft:bow":3,"minecraft:cracked_stone_bricks":1,"cobblemon:black_apricorn":2,"minecraft:spruce_planks":1,"minecraft:iron_ingot":2,"minecraft:stone_pickaxe":2,"minecraft:spruce_slab":1,"minecraft:furnace":4,"minecraft:stick":4,"minecraft:raw_iron":42,"minecraft:big_dripleaf":12,"cobblemon:black_apricorn_seed":1,"minecraft:white_bed":1,"minecraft:spruce_log":7,"minecraft:dark_oak_log":104,"cobblemon:healing_machine":3,"minecraft:arrow":4,"minecraft:rotten_flesh":9,"cobblemon:poke_ball":137,"minecraft:bread":128,"cobblemon:chesto_berry":8,"minecraft:mutton":4,"minecraft:coal":100,"cobblemon:blue_apricorn":1,"minecraft:white_wool":3,"minecraft:cobblestone":88},"minecraft:used":{"minecraft:stone_pickaxe":122,"minecraft:shield":22,"minecraft:wooden_pickaxe":3,"minecraft:cracked_stone_bricks":1,"minecraft:torch":90,"minecraft:dirt":2,"minecraft:crafting_table":4,"minecraft:white_bed":2,"cobblemon:healing_machine":2,"minecraft:dark_oak_planks":15,"minecraft:dark_oak_log":2,"minecraft:iron_axe":133,"minecraft:bread":20,"minecraft:stone_bricks":1,"minecraft:cobblestone":8,"minecraft:bow":1,"minecraft:furnace":3},"minecraft:crafted":{"minecraft:crafting_table":3,"minecraft:spruce_planks":8,"minecraft:wooden_pickaxe":1,"minecraft:iron_helmet":1,"minecraft:furnace":1,"minecraft:air":0,"minecraft:iron_boots":1,"minecraft:iron_chestplate":1,"minecraft:shield":2,"minecraft:iron_axe":1,"minecraft:stick":32,"minecraft:iron_ingot":29,"minecraft:stone_pickaxe":1,"minecraft:iron_leggings":1,"minecraft:white_bed":1,"minecraft:dark_oak_planks":216,"minecraft:torch":104}},"DataVersion":3465}