{"stats":{"minecraft:killed":{"hordes:zombie_player":1,"zombie_extreme:drawnedzombie":1,"minecraft:sheep":3},"minecraft:custom":{"minecraft:interact_with_furnace":13,"minecraft:mob_kills":5,"minecraft:interact_with_crafting_table":14,"minecraft:play_one_minute":44895,"minecraft:interact_with_loom":2,"minecraft:leave_game":1,"minecraft:time_since_death":2139,"minecraft:sleep_in_bed":2,"minecraft:climb_one_cm":191,"minecraft:damage_resisted":48,"minecraft:time_since_rest":2138,"minecraft:sprint_one_cm":135745,"minecraft:damage_taken":3022,"minecraft:walk_one_cm":96262,"minecraft:damage_blocked_by_shield":110,"minecraft:drop":6,"minecraft:damage_dealt":1514,"minecraft:talked_to_villager":1,"minecraft:swim_one_cm":10673,"minecraft:fly_one_cm":288873,"minecraft:open_chest":22,"minecraft:crouch_one_cm":6998,"tombstone:undead_killed":2,"minecraft:deaths":15,"minecraft:sneak_time":2881,"minecraft:walk_under_water_one_cm":1541,"minecraft:jump":1370,"minecraft:walk_on_water_one_cm":7736,"minecraft:fall_one_cm":30234},"minecraft:used":{"zombie_extreme:rottenapple":1,"minecraft:iron_ore":1,"minecraft:stone_pickaxe":102,"minecraft:oak_planks":42,"minecraft:shield":1,"minecraft:wooden_pickaxe":8,"minecraft:iron_sword":5,"zombie_extreme:wrench":17,"zombie_extreme:vodka":1,"zombie_extreme:medical_box":1,"minecraft:torch":7,"minecraft:crafting_table":4,"minecraft:white_bed":3,"minecraft:stone_axe":29,"minecraft:cobblestone":1,"minecraft:furnace":2,"minecraft:andesite":1,"tombstone:gift":4,"minecraft:yellow_bed":1,"minecraft:potato":1},"minecraft:killed_by":{"zombie_extreme:night_hunter":2,"minecraft:skeleton":3,"zombie_extreme:policezombie":1,"zombie_extreme:rat_king":1,"hordes:zombie_player":6,"zombie_extreme:infected_bear":1,"zombie_extreme:infected_spec_ops_soldier":1},"minecraft:crafted":{"minecraft:oak_planks":108,"minecraft:crafting_table":2,"minecraft:wooden_pickaxe":1,"minecraft:iron_helmet":1,"minecraft:furnace":2,"minecraft:stone_axe":1,"minecraft:air":0,"minecraft:iron_boots":1,"minecraft:iron_chestplate":1,"minecraft:shield":1,"minecraft:stick":8,"minecraft:iron_ingot":27,"minecraft:stone_pickaxe":1,"minecraft:iron_leggings":1,"minecraft:white_bed":1,"minecraft:torch":8},"minecraft:mined":{"minecraft:white_bed":3,"minecraft:glass_pane":5,"minecraft:crafting_table":3,"minecraft:grass_block":4,"minecraft:tall_grass":2,"minecraft:spruce_leaves":11,"minecraft:red_concrete":1,"minecraft:furnace":2,"minecraft:iron_ore":35,"zombie_extreme:medical_box":2,"minecraft:andesite":1,"minecraft:yellow_bed":1,"minecraft:grass":4,"minecraft:coal_ore":34,"minecraft:oak_log":27,"minecraft:dirt":2,"minecraft:stone":25,"minecraft:oak_leaves":2},"minecraft:picked_up":{"minecraft:crafting_table":3,"minecraft:andesite":1,"minecraft:flint":2,"minecraft:oak_log":27,"minecraft:yellow_bed":1,"minecraft:dirt":6,"minecraft:wheat_seeds":3,"minecraft:iron_ingot":2,"minecraft:cobweb":3,"minecraft:iron_ore":34,"minecraft:furnace":2,"minecraft:torch":5,"zombie_extreme:nailitem":3,"minecraft:white_bed":3,"zombie_extreme:medical_box":2,"butchersdelight:deadsheep":3,"minecraft:red_concrete":1,"minecraft:coal":54,"minecraft:white_wool":4,"minecraft:cobblestone":25},"minecraft:dropped":{"butchersdelight:deadsheep":2,"zombie_extreme:bat":1,"minecraft:cobweb":3,"minecraft:torch":5,"minecraft:sugar":1}},"DataVersion":2586}