{"stats":{"minecraft:killed":{"hordes:zombie_player":9,"minecraft:zombie_villager":1,"zombie_extreme:drawnedzombie":1,"minecraft:sheep":3},"minecraft:custom":{"minecraft:interact_with_furnace":13,"minecraft:mob_kills":14,"minecraft:interact_with_crafting_table":14,"minecraft:open_barrel":3,"minecraft:play_one_minute":56895,"minecraft:interact_with_loom":2,"minecraft:leave_game":1,"minecraft:time_since_death":5040,"minecraft:sleep_in_bed":2,"minecraft:climb_one_cm":191,"minecraft:damage_resisted":48,"minecraft:time_since_rest":4726,"minecraft:sprint_one_cm":169467,"minecraft:damage_taken":3495,"minecraft:walk_one_cm":126078,"minecraft:damage_blocked_by_shield":110,"minecraft:drop":18,"minecraft:damage_dealt":3167,"minecraft:talked_to_villager":1,"minecraft:swim_one_cm":10673,"minecraft:fly_one_cm":324844,"minecraft:open_chest":24,"minecraft:crouch_one_cm":11866,"tombstone:undead_killed":11,"minecraft:deaths":18,"minecraft:sneak_time":4497,"minecraft:walk_under_water_one_cm":1541,"minecraft:jump":1702,"minecraft:walk_on_water_one_cm":7855,"minecraft:fall_one_cm":38683},"minecraft:used":{"zombie_extreme:butcher_knife":10,"zombie_extreme:rottenapple":1,"minecraft:iron_ore":1,"minecraft:spruce_door":1,"minecraft:stone_pickaxe":104,"minecraft:oak_planks":42,"minecraft:shield":1,"minecraft:wooden_pickaxe":8,"minecraft:iron_sword":35,"zombie_extreme:wrench":22,"zombie_extreme:vodka":1,"zombie_extreme:medical_box":1,"minecraft:torch":14,"minecraft:dirt":1,"minecraft:crafting_table":4,"minecraft:white_bed":3,"zombie_extreme:bandage":1,"minecraft:stone_axe":29,"minecraft:cobblestone":1,"minecraft:sweet_berries":2,"minecraft:furnace":2,"minecraft:andesite":1,"tombstone:gift":5,"minecraft:yellow_bed":1,"minecraft:potato":1},"minecraft:killed_by":{"zombie_extreme:night_hunter":2,"minecraft:skeleton":3,"zombie_extreme:policezombie":1,"zombie_extreme:rat_king":1,"hordes:zombie_player":9,"zombie_extreme:infected_bear":1,"zombie_extreme:infected_spec_ops_soldier":1},"minecraft:crafted":{"minecraft:oak_planks":108,"minecraft:crafting_table":2,"minecraft:spruce_planks":4,"minecraft:wooden_pickaxe":1,"minecraft:iron_helmet":1,"minecraft:furnace":2,"minecraft:stone_axe":1,"minecraft:air":0,"minecraft:iron_boots":1,"minecraft:iron_chestplate":1,"minecraft:shield":1,"minecraft:stick":12,"minecraft:iron_ingot":27,"minecraft:stone_pickaxe":1,"minecraft:iron_leggings":1,"minecraft:white_bed":1,"minecraft:torch":24},"minecraft:mined":{"minecraft:white_bed":3,"minecraft:glass_pane":5,"zombie_extreme:copper_ore":2,"minecraft:crafting_table":3,"minecraft:grass_block":5,"minecraft:tall_grass":2,"minecraft:spruce_leaves":23,"minecraft:red_concrete":1,"minecraft:large_fern":1,"minecraft:spruce_stairs":1,"minecraft:furnace":2,"minecraft:iron_ore":35,"minecraft:sweet_berry_bush":1,"minecraft:spruce_log":3,"zombie_extreme:medical_box":2,"minecraft:andesite":1,"minecraft:yellow_bed":1,"minecraft:grass":4,"minecraft:coal_ore":34,"minecraft:oak_log":27,"minecraft:dirt":2,"minecraft:stone":25,"minecraft:oak_leaves":2},"minecraft:picked_up":{"zombie_extreme:cleaver":1,"minecraft:iron_chestplate":2,"minecraft:crafting_table":4,"zombie_extreme:wrench":1,"minecraft:andesite":1,"minecraft:leather":1,"minecraft:wooden_pickaxe":1,"minecraft:potato":15,"minecraft:diamond_horse_armor":1,"minecraft:flint":3,"minecraft:shield":1,"minecraft:brick":6,"minecraft:oak_log":27,"minecraft:yellow_bed":1,"zombie_extreme:crowbar":1,"minecraft:dirt":13,"zombie_extreme:chips":1,"minecraft:iron_leggings":1,"minecraft:apple":2,"minecraft:wheat_seeds":3,"minecraft:iron_ingot":10,"minecraft:stone_pickaxe":1,"minecraft:cobweb":6,"minecraft:iron_ore":39,"zombie_extreme:cloth":4,"minecraft:glass_bottle":1,"minecraft:oak_planks":41,"minecraft:iron_sword":1,"zombie_extreme:copper_ore":2,"minecraft:iron_boots":1,"minecraft:furnace":4,"minecraft:sweet_berries":5,"minecraft:torch":5,"minecraft:spruce_stairs":1,"zombie_extreme:jamglass":1,"minecraft:spruce_sapling":2,"tombstone:grave_dust":6,"zombie_extreme:nailitem":5,"zombie_extreme:doctor_suit_helmet":1,"minecraft:white_bed":4,"minecraft:spruce_log":3,"minecraft:spruce_door":1,"zombie_extreme:medical_box":3,"butchersdelight:deadsheep":3,"minecraft:rotten_flesh":1,"zombie_extreme:bat":1,"minecraft:stone_axe":1,"minecraft:iron_helmet":1,"minecraft:gold_ingot":3,"minecraft:bread":8,"zombie_extreme:butcher_knife":3,"minecraft:obsidian":4,"minecraft:red_concrete":2,"minecraft:coal":82,"minecraft:white_wool":5,"minecraft:cobblestone":27,"minecraft:ender_pearl":1},"minecraft:dropped":{"zombie_extreme:cleaver":1,"zombie_extreme:nailitem":2,"butchersdelight:deadsheep":2,"minecraft:rotten_flesh":1,"zombie_extreme:crowbar":1,"zombie_extreme:bat":2,"minecraft:cobweb":6,"minecraft:dirt":6,"minecraft:iron_chestplate":1,"minecraft:torch":5,"zombie_extreme:butcher_knife":2,"minecraft:spruce_log":1,"minecraft:sugar":1,"minecraft:spruce_sapling":1}},"DataVersion":2586}