{"stats":{"minecraft:killed_by":{"minecraft:player":1,"minecraft:skeleton":1,"minecraft:creeper":2,"minecraft:zombie":1},"minecraft:custom":{"minecraft:interact_with_furnace":3,"minecraft:mob_kills":12,"minecraft:interact_with_crafting_table":7,"minecraft:time_since_death":11620,"minecraft:time_since_rest":11648,"minecraft:sprint_one_cm":132569,"minecraft:damage_taken":2232,"minecraft:walk_one_cm":91728,"minecraft:damage_blocked_by_shield":285,"minecraft:drop":3,"minecraft:damage_dealt":2200,"minecraft:swim_one_cm":9254,"minecraft:fly_one_cm":159697,"minecraft:player_kills":1,"minecraft:crouch_one_cm":7466,"minecraft:play_time":39982,"minecraft:deaths":5,"minecraft:sneak_time":2379,"minecraft:walk_under_water_one_cm":4502,"minecraft:jump":1143,"minecraft:walk_on_water_one_cm":5474,"minecraft:total_world_time":39982,"minecraft:fall_one_cm":35111},"minecraft:dropped":{"minecraft:bread":32,"minecraft:rotten_flesh":2},"minecraft:mined":{"cobblemon:healing_machine":2,"minecraft:dark_oak_leaves":1,"minecraft:dark_oak_log":57,"minecraft:powder_snow":8,"minecraft:crafting_table":1,"cobblemon:apricorn_leaves":2,"minecraft:grass_block":6,"cobblemon:chesto_berry":3,"minecraft:spruce_leaves":1,"minecraft:big_dripleaf":1,"minecraft:furnace":1,"minecraft:iron_ore":8,"cobblemon:razz_berry":4,"minecraft:spruce_log":7,"minecraft:birch_leaves":1,"minecraft:grass":1,"minecraft:coal_ore":22,"minecraft:dirt":1,"minecraft:red_mushroom_block":1,"minecraft:stone":25,"minecraft:oak_leaves":2},"minecraft:killed":{"cobblemon:pokemon":1,"minecraft:sheep":3,"minecraft:skeleton":1,"minecraft:zombie":6},"minecraft:picked_up":{"minecraft:crafting_table":1,"minecraft:chicken":3,"minecraft:red_mushroom":1,"minecraft:wooden_pickaxe":2,"minecraft:dirt":6,"minecraft:moss_carpet":6,"minecraft:iron_axe":2,"minecraft:bone":2,"cobblemon:black_apricorn":2,"minecraft:iron_ingot":2,"minecraft:stone_pickaxe":2,"minecraft:furnace":3,"minecraft:raw_iron":14,"minecraft:stick":4,"minecraft:big_dripleaf":12,"cobblemon:black_apricorn_seed":1,"minecraft:spruce_log":7,"minecraft:dark_oak_log":104,"cobblemon:healing_machine":3,"minecraft:arrow":1,"minecraft:rotten_flesh":5,"cobblemon:poke_ball":137,"minecraft:bread":128,"cobblemon:chesto_berry":8,"minecraft:mutton":4,"cobblemon:blue_apricorn":1,"minecraft:coal":72,"minecraft:white_wool":3,"minecraft:cobblestone":74},"minecraft:used":{"minecraft:stone_pickaxe":57,"minecraft:wooden_pickaxe":3,"minecraft:shield":4,"minecraft:torch":6,"minecraft:dirt":2,"minecraft:crafting_table":1,"cobblemon:healing_machine":2,"minecraft:dark_oak_planks":13,"minecraft:dark_oak_log":1,"minecraft:iron_axe":86,"minecraft:bread":8,"minecraft:cobblestone":8,"minecraft:furnace":1},"minecraft:crafted":{"minecraft:crafting_table":2,"minecraft:spruce_planks":8,"minecraft:wooden_pickaxe":1,"minecraft:furnace":1,"minecraft:air":0,"minecraft:shield":2,"minecraft:iron_axe":1,"minecraft:stick":12,"minecraft:iron_ingot":5,"minecraft:stone_pickaxe":1,"minecraft:dark_oak_planks":124,"minecraft:torch":24}},"DataVersion":3465}