{"stats":{"minecraft:broken":{"minecraft:iron_boots":1,"minecraft:iron_chestplate":1,"minecraft:stone_pickaxe":1,"minecraft:shield":2,"minecraft:iron_axe":1,"minecraft:iron_pickaxe":1,"minecraft:iron_helmet":1},"minecraft:custom":{"minecraft:mob_kills":70,"minecraft:interact_with_crafting_table":34,"minecraft:leave_game":5,"minecraft:time_since_death":8040,"minecraft:climb_one_cm":3750,"minecraft:sprint_one_cm":894908,"minecraft:walk_one_cm":642016,"minecraft:damage_blocked_by_shield":6195,"minecraft:drop":86,"minecraft:talked_to_villager":71,"minecraft:target_hit":1,"minecraft:play_time":337806,"minecraft:deaths":42,"minecraft:sneak_time":42427,"minecraft:walk_under_water_one_cm":26779,"minecraft:jump":8966,"minecraft:walk_on_water_one_cm":47696,"minecraft:total_world_time":337806,"minecraft:interact_with_furnace":81,"minecraft:traded_with_villager":90,"minecraft:sleep_in_bed":5,"minecraft:time_since_rest":8069,"minecraft:waystone_activated":1,"minecraft:damage_taken":15453,"minecraft:damage_absorbed":40,"minecraft:damage_dealt":14791,"minecraft:swim_one_cm":48440,"minecraft:fly_one_cm":1514915,"minecraft:player_kills":6,"minecraft:open_chest":22,"minecraft:crouch_one_cm":157633,"minecraft:fall_one_cm":321334},"minecraft:dropped":{"minecraft:enchanted_book":3,"minecraft:bread":55,"minecraft:iron_sword":1,"minecraft:wheat_seeds":3,"cobblemon:blue_apricorn":1,"minecraft:glass_bottle":1,"minecraft:feather":1,"minecraft:cobblestone":32,"minecraft:warped_roots":1,"minecraft:leather":6,"minecraft:red_mushroom":1,"cobblemon:pink_apricorn":2,"minecraft:stick":14,"minecraft:flint":1,"minecraft:dirt":6,"minecraft:diorite":8,"minecraft:cornflower":1,"minecraft:potion":2,"minecraft:iron_leggings":3,"minecraft:string":5,"minecraft:gold_ingot":1,"minecraft:gravel":4,"minecraft:moss_carpet":7,"minecraft:iron_nugget":1,"minecraft:cobbled_deepslate":10,"minecraft:tuff":1,"minecraft:diamond_hoe":2,"minecraft:pointed_dripstone":1,"minecraft:rotten_flesh":17,"cobblemon:chesto_berry":8,"minecraft:oak_planks":2,"cobblemon:dragon_scale":1,"minecraft:name_tag":1,"cobblemon:black_apricorn":3,"minecraft:cooked_mutton":2,"minecraft:light_blue_concrete":2,"minecraft:gunpowder":2,"minecraft:spruce_planks":1,"cobblemon:healing_machine":1,"minecraft:spider_eye":1,"minecraft:spruce_slab":1,"minecraft:cyan_concrete":3,"minecraft:arrow":6,"minecraft:bow":2,"minecraft:wooden_pickaxe":1},"minecraft:killed_by":{"minecraft:player":6,"minecraft:creeper":5,"minecraft:pillager":3,"minecraft:piglin":3,"minecraft:warden":5,"minecraft:skeleton":11,"minecraft:zombie":4},"minecraft:used":{"minecraft:cracked_deepslate_bricks":1,"minecraft:diamond_hoe":117,"minecraft:spruce_planks":4,"minecraft:shield":68,"minecraft:iron_sword":193,"minecraft:cooked_chicken":1,"minecraft:netherrack":12,"minecraft:torch":130,"minecraft:dirt":18,"minecraft:obsidian":10,"minecraft:dark_oak_planks":162,"minecraft:iron_axe":160,"minecraft:stone_bricks":1,"cobblemon:pc":1,"minecraft:bow":2,"minecraft:beef":7,"minecraft:furnace":7,"minecraft:egg":1,"minecraft:cobbled_deepslate":7,"minecraft:cooked_mutton":3,"minecraft:water_bucket":1,"minecraft:stone_pickaxe":130,"minecraft:wooden_pickaxe":3,"minecraft:cracked_stone_bricks":1,"minecraft:white_wool":1,"minecraft:golden_apple":2,"minecraft:glow_berries":12,"minecraft:crafting_table":9,"minecraft:white_bed":7,"cobblemon:healing_machine":3,"minecraft:diamond_pickaxe":525,"minecraft:dark_oak_log":2,"minecraft:bread":60,"minecraft:iron_pickaxe":242,"minecraft:cobblestone":221,"minecraft:potion":1,"minecraft:porkchop":7,"minecraft:bucket":2},"minecraft:crafted":{"minecraft:oak_planks":8,"minecraft:iron_nugget":531,"minecraft:cooked_chicken":1,"minecraft:furnace":4,"cobblemon:awakening":1,"minecraft:cooked_mutton":5,"minecraft:iron_boots":1,"minecraft:iron_axe":1,"minecraft:stone_pickaxe":1,"minecraft:dark_oak_planks":228,"minecraft:crafting_table":6,"minecraft:spruce_planks":12,"minecraft:wooden_pickaxe":1,"minecraft:iron_helmet":1,"minecraft:iron_sword":1,"minecraft:bucket":1,"minecraft:air":0,"cobblemon:poke_ball":49,"cobblemon:quick_ball":5,"minecraft:iron_chestplate":1,"minecraft:diamond_pickaxe":1,"minecraft:gold_nugget":243,"minecraft:shield":3,"minecraft:stick":44,"minecraft:iron_ingot":89,"minecraft:iron_pickaxe":1,"minecraft:gold_ingot":51,"minecraft:iron_leggings":1,"minecraft:white_bed":1,"minecraft:acacia_planks":4,"minecraft:torch":124,"cobblemon:ultra_ball":5,"cobblemon:great_ball":29,"cobblemon:revive":1},"minecraft:picked_up":{"minecraft:crafting_table":5,"minecraft:light_blue_concrete":2,"minecraft:chicken":8,"minecraft:wooden_pickaxe":2,"minecraft:enchanted_book":1,"minecraft:potion":1,"minecraft:cornflower":1,"minecraft:string":4,"minecraft:moss_carpet":11,"minecraft:iron_axe":2,"minecraft:iron_leggings":1,"minecraft:cracked_stone_bricks":1,"minecraft:gold_nugget":31,"minecraft:cobbled_deepslate":25,"minecraft:spruce_planks":1,"minecraft:beef":7,"minecraft:spruce_slab":1,"minecraft:egg":1,"minecraft:furnace":5,"minecraft:stick":18,"minecraft:raw_iron":104,"cobblemon:pc":1,"minecraft:big_dripleaf":12,"minecraft:torch":6,"minecraft:acacia_log":1,"minecraft:porkchop":7,"minecraft:pointed_dripstone":1,"minecraft:diorite":8,"minecraft:dark_oak_planks":1,"cobblemon:blue_mint_seeds":3,"minecraft:arrow":8,"minecraft:rotten_flesh":25,"minecraft:cracked_deepslate_bricks":1,"minecraft:gold_ingot":1,"minecraft:obsidian":10,"minecraft:mutton":5,"cobblemon:blue_apricorn":1,"minecraft:white_wool":4,"minecraft:cobblestone":338,"minecraft:feather":5,"minecraft:leather":6,"minecraft:red_mushroom":1,"minecraft:flint":1,"minecraft:tuff":1,"minecraft:gunpowder":2,"minecraft:oak_log":2,"minecraft:dirt":30,"minecraft:name_tag":2,"minecraft:bone":5,"minecraft:stone_bricks":1,"minecraft:wheat_seeds":3,"minecraft:bow":4,"cobblemon:black_apricorn":3,"minecraft:raw_gold":34,"minecraft:iron_ingot":5,"minecraft:stone_pickaxe":2,"cobblemon:thunder_stone":2,"minecraft:cyan_concrete":3,"minecraft:iron_sword":1,"cobblemon:black_apricorn_seed":1,"minecraft:quartz":7,"minecraft:gravel":4,"cobblemon:pink_apricorn":2,"minecraft:white_bed":6,"minecraft:spruce_log":8,"minecraft:spider_eye":1,"minecraft:dark_oak_log":107,"cobblemon:healing_machine":5,"cobblemon:poke_ball":155,"minecraft:diamond":16,"minecraft:warped_roots":1,"minecraft:bread":128,"cobblemon:chesto_berry":8,"minecraft:netherrack":12,"minecraft:crimson_roots":1,"minecraft:coal":164},"minecraft:killed":{"minecraft:spider":5,"minecraft:skeleton":9,"minecraft:chicken":2,"minecraft:piglin":1,"minecraft:pig":5,"minecraft:zombie_villager":1,"cobblemon:pokemon":1,"minecraft:sheep":4,"minecraft:pillager":1,"minecraft:zombie":33,"minecraft:cow":4},"minecraft:mined":{"minecraft:dark_oak_planks":1,"cobblemon:healing_machine":3,"minecraft:nether_gold_ore":9,"minecraft:deepslate_tiles":1,"minecraft:diamond_ore":4,"minecraft:tuff":4,"minecraft:spruce_planks":1,"minecraft:white_bed":6,"minecraft:dark_oak_leaves":1,"minecraft:deepslate_diamond_ore":11,"minecraft:light_blue_concrete":2,"minecraft:sculk_vein":1,"minecraft:dark_oak_log":60,"cobblemon:pc":1,"minecraft:obsidian":10,"minecraft:dark_oak_fence":4,"minecraft:acacia_log":1,"minecraft:grass_block":23,"minecraft:crimson_roots":1,"cobblemon:chesto_berry":3,"minecraft:deepslate_tile_stairs":1,"minecraft:spruce_leaves":2,"minecraft:spawner":2,"minecraft:furnace":3,"minecraft:iron_ore":62,"minecraft:fire":3,"cobblemon:razz_berry":4,"minecraft:andesite":7,"minecraft:twisting_vines":1,"minecraft:pointed_dripstone":2,"minecraft:cyan_concrete":3,"minecraft:deepslate_iron_ore":31,"minecraft:stone":362,"minecraft:player_head":1,"minecraft:spruce_slab":1,"minecraft:twisting_vines_plant":2,"minecraft:dandelion":1,"minecraft:powder_snow":52,"minecraft:cornflower":1,"minecraft:crafting_table":5,"cobblemon:blue_mint":2,"cobblemon:apricorn_leaves":2,"minecraft:warped_roots":1,"minecraft:nether_quartz_ore":7,"minecraft:sculk_sensor":2,"minecraft:copper_ore":1,"minecraft:tall_grass":10,"minecraft:cobblestone":28,"minecraft:lapis_ore":1,"minecraft:deepslate_gold_ore":31,"minecraft:sculk":2,"minecraft:diorite":18,"minecraft:wall_torch":1,"minecraft:big_dripleaf":1,"minecraft:spruce_log":7,"minecraft:birch_leaves":2,"cobblemon:deepslate_thunder_stone_ore":2,"minecraft:grass":23,"minecraft:oak_log":2,"minecraft:coal_ore":95,"minecraft:gravel":11,"minecraft:smooth_quartz":2,"minecraft:dirt":22,"minecraft:gray_carpet":1,"minecraft:cracked_stone_bricks":1,"minecraft:red_mushroom_block":1,"minecraft:stone_bricks":1,"minecraft:netherrack":13,"minecraft:gold_ore":3,"minecraft:oak_leaves":3,"minecraft:deepslate":88,"minecraft:fern":4}},"DataVersion":3465}