{"stats":{"minecraft:crafted":{"minecraft:oak_planks":76,"minecraft:crafting_table":6,"minecraft:wooden_pickaxe":3,"minecraft:iron_helmet":1,"minecraft:iron_sword":1,"minecraft:furnace":2,"minecraft:stone_axe":2,"minecraft:air":0,"minecraft:iron_chestplate":1,"minecraft:shield":1,"minecraft:stick":28,"minecraft:iron_ingot":25,"minecraft:stone_pickaxe":4,"minecraft:iron_leggings":1,"minecraft:torch":20},"minecraft:custom":{"minecraft:interact_with_furnace":12,"minecraft:mob_kills":10,"minecraft:interact_with_crafting_table":26,"minecraft:leave_game":3,"minecraft:time_since_death":6550,"minecraft:time_since_rest":6576,"minecraft:sprint_one_cm":118042,"minecraft:damage_taken":3052,"minecraft:walk_one_cm":91274,"minecraft:damage_blocked_by_shield":480,"minecraft:damage_dealt":1651,"minecraft:swim_one_cm":6131,"minecraft:fly_one_cm":150035,"minecraft:player_kills":2,"minecraft:crouch_one_cm":23641,"minecraft:play_time":43995,"minecraft:deaths":10,"minecraft:sneak_time":7427,"minecraft:walk_under_water_one_cm":4224,"minecraft:jump":1007,"minecraft:walk_on_water_one_cm":8806,"minecraft:total_world_time":43995,"minecraft:fall_one_cm":47411},"minecraft:mined":{"minecraft:kelp_plant":1,"minecraft:crafting_table":5,"minecraft:granite":3,"minecraft:short_grass":4,"minecraft:grass_block":4,"minecraft:cobblestone":5,"minecraft:kelp":1,"minecraft:diorite":27,"minecraft:furnace":2,"minecraft:birch_log":31,"minecraft:iron_ore":43,"minecraft:andesite":32,"minecraft:birch_leaves":1,"minecraft:oak_log":25,"minecraft:coal_ore":10,"minecraft:deepslate_iron_ore":6,"minecraft:dirt":4,"minecraft:stone":117,"minecraft:oak_leaves":11},"minecraft:picked_up":{"minecraft:birch_log":32,"minecraft:crafting_table":6,"minecraft:feather":1,"minecraft:chicken":3,"minecraft:andesite":32,"minecraft:wooden_pickaxe":1,"minecraft:oak_log":25,"minecraft:shield":1,"minecraft:dirt":8,"minecraft:iron_ingot":2,"minecraft:stone_pickaxe":1,"minecraft:light_gray_wool":1,"minecraft:oak_planks":25,"minecraft:iron_sword":1,"minecraft:egg":1,"minecraft:furnace":2,"minecraft:raw_iron":49,"minecraft:stick":3,"minecraft:diorite":23,"minecraft:arrow":2,"minecraft:granite":2,"minecraft:mutton":2,"minecraft:coal":16,"minecraft:cobblestone":126},"minecraft:killed_by":{"minecraft:skeleton":2,"minecraft:creeper":1,"minecraft:zombie":1},"minecraft:broken":{"minecraft:stone_pickaxe":1},"minecraft:killed":{"minecraft:sheep":1,"minecraft:skeleton":1,"minecraft:chicken":3},"minecraft:used":{"minecraft:diorite":15,"minecraft:stone_pickaxe":238,"minecraft:wooden_pickaxe":13,"minecraft:shield":8,"minecraft:iron_sword":9,"minecraft:torch":14,"minecraft:dirt":6,"minecraft:crafting_table":8,"minecraft:granite":2,"minecraft:oak_log":1,"minecraft:stone_axe":41,"minecraft:cobblestone":48,"minecraft:furnace":2,"minecraft:andesite":12}},"DataVersion":3955}