{"stats":{"minecraft:killed":{"minecraft:sheep":3},"minecraft:custom":{"minecraft:time_since_rest":478,"minecraft:interact_with_furnace":13,"minecraft:sprint_one_cm":59494,"minecraft:damage_taken":592,"minecraft:walk_one_cm":20757,"minecraft:mob_kills":3,"minecraft:drop":2,"minecraft:damage_dealt":375,"minecraft:swim_one_cm":7861,"minecraft:interact_with_crafting_table":13,"minecraft:fly_one_cm":158049,"minecraft:open_chest":1,"minecraft:play_one_minute":20895,"minecraft:crouch_one_cm":6617,"minecraft:deaths":3,"minecraft:sneak_time":2702,"minecraft:walk_under_water_one_cm":460,"minecraft:jump":623,"minecraft:leave_game":1,"minecraft:time_since_death":1620,"minecraft:walk_on_water_one_cm":3340,"minecraft:sleep_in_bed":1,"minecraft:climb_one_cm":191,"minecraft:fall_one_cm":14189},"minecraft:used":{"minecraft:iron_ore":1,"minecraft:stone_pickaxe":97,"minecraft:oak_planks":27,"minecraft:wooden_pickaxe":8,"zombie_extreme:medical_box":1,"minecraft:stone_axe":26,"minecraft:crafting_table":3,"minecraft:furnace":2,"minecraft:yellow_bed":1},"minecraft:killed_by":{"zombie_extreme:night_hunter":1,"minecraft:skeleton":1,"zombie_extreme:infected_spec_ops_soldier":1},"minecraft:crafted":{"minecraft:oak_planks":108,"minecraft:iron_boots":1,"minecraft:iron_chestplate":1,"minecraft:shield":1,"minecraft:crafting_table":2,"minecraft:stick":8,"minecraft:wooden_pickaxe":1,"minecraft:iron_ingot":27,"minecraft:iron_helmet":1,"minecraft:stone_pickaxe":1,"minecraft:iron_leggings":1,"minecraft:furnace":2,"minecraft:stone_axe":1,"minecraft:air":0},"minecraft:mined":{"minecraft:furnace":2,"minecraft:iron_ore":35,"zombie_extreme:medical_box":2,"minecraft:andesite":1,"minecraft:yellow_bed":1,"minecraft:crafting_table":2,"minecraft:grass":3,"minecraft:oak_log":27,"minecraft:coal_ore":34,"minecraft:dirt":1,"minecraft:tall_grass":1,"minecraft:stone":25,"minecraft:oak_leaves":2},"minecraft:picked_up":{"minecraft:crafting_table":2,"minecraft:andesite":1,"minecraft:oak_log":27,"minecraft:yellow_bed":1,"minecraft:dirt":1,"zombie_extreme:medical_box":2,"butchersdelight:deadsheep":3,"minecraft:wheat_seeds":2,"minecraft:iron_ingot":1,"minecraft:iron_ore":34,"minecraft:coal":54,"minecraft:white_wool":4,"minecraft:cobblestone":25,"minecraft:furnace":2},"minecraft:dropped":{"butchersdelight:deadsheep":2}},"DataVersion":2586}