{
  "uuid": "acae9444-afc3-3e6e-b040-fa23e85aa47f",
  "starterPrompted": true,
  "starterLocked": false,
  "starterSelected": true,
  "starterUUID": "7359e0fb-4f94-4ce4-b432-027a1d2ead56",
  "keyItems": [],
  "battleTheme": "cobblemon:battle.pvp.default",
  "extraData": {
    "cobbledex_discovery": {
      "registers": {
        "mudkip": {
          "normal": {
            "isShiny": false,
            "status": "CAUGHT",
            "discoveredTimestamp": 1723409697392,
            "caughtTimestamp": 1723409697392
          }
        },
        "teddiursa": {
          "normal": {
            "isShiny": false,
            "status": "SEEN",
            "discoveredTimestamp": 1723409701969
          }
        },
        "pineco": {
          "normal": {
            "isShiny": false,
            "status": "SEEN",
            "discoveredTimestamp": 1723409704874
          }
        },
        "marshtomp": {
          "normal": {
            "isShiny": false,
            "status": "CAUGHT",
            "discoveredTimestamp": 1723410827959,
            "caughtTimestamp": 1723410827959
          }
        },
        "weedle": {
          "normal": {
            "isShiny": false,
            "status": "CAUGHT",
            "discoveredTimestamp": 1723411683243,
            "caughtTimestamp": 1723411683243
          }
        },
        "kakuna": {
          "normal": {
            "isShiny": false,
            "status": "CAUGHT",
            "discoveredTimestamp": 1723411691059,
            "caughtTimestamp": 1723411691059
          }
        },
        "beedrill": {
          "normal": {
            "isShiny": false,
            "status": "CAUGHT",
            "discoveredTimestamp": 1723411696856,
            "caughtTimestamp": 1723411696856
          }
        },
        "pichu": {
          "normal": {
            "isShiny": false,
            "status": "CAUGHT",
            "discoveredTimestamp": 1723411826801,
            "caughtTimestamp": 1723411872998
          }
        }
      },
      "name": "cobbledex_discovery"
    },
    "Cobbledex_RewardHistory": {
      "received": [],
      "name": "Cobbledex_RewardHistory"
    }
  },
  "advancementData": {
    "totalCaptureCount": 2,
    "totalEggsHatched": 0,
    "totalEvolvedCount": 3,
    "totalBattleVictoryCount": 17,
    "totalPvPBattleVictoryCount": 0,
    "totalPvWBattleVictoryCount": 17,
    "totalPvNBattleVictoryCount": 0,
    "totalShinyCaptureCount": 0,
    "totalTradedCount": 0,
    "totalTypeCaptureCounts": {
      "bug": 1,
      "poison": 1,
      "electric": 1
    },
    "totalDefeatedCounts": {
      "cobblemon:pineco": 2,
      "cobblemon:hoothoot": 1,
      "cobblemon:wooloo": 1,
      "cobblemon:nickit": 1,
      "cobblemon:taillow": 2,
      "cobblemon:fletchling": 1,
      "cobblemon:bunnelby": 1,
      "cobblemon:geodude": 1,
      "cobblemon:pidgey": 2,
      "cobblemon:weedle": 2,
      "cobblemon:buneary": 1,
      "cobblemon:sentret": 1,
      "cobblemon:zubat": 1
    },
    "aspectsCollected": {}
  }
}