{
  "uuid": "2fd706f2-7980-3ae2-8eeb-4892e0f49645",
  "starterPrompted": true,
  "starterLocked": false,
  "starterSelected": true,
  "starterUUID": "1698182a-daa8-4bae-9bce-557a1a7402e2",
  "keyItems": [],
  "battleTheme": "cobblemon:battle.pvp.default",
  "extraData": {},
  "advancementData": {
    "totalCaptureCount": 2,
    "totalEggsHatched": 0,
    "totalEvolvedCount": 1,
    "totalBattleVictoryCount": 18,
    "totalPvPBattleVictoryCount": 0,
    "totalPvWBattleVictoryCount": 18,
    "totalPvNBattleVictoryCount": 0,
    "totalShinyCaptureCount": 0,
    "totalTradedCount": 0,
    "totalTypeCaptureCounts": {
      "grass": 1,
      "normal": 1,
      "flying": 1
    },
    "totalDefeatedCounts": {
      "cobblemon:hoothoot": 2,
      "cobblemon:sentret": 1,
      "cobblemon:buneary": 1,
      "cobblemon:geodude": 1,
      "cobblemon:beedrill": 1,
      "cobblemon:bunnelby": 1,
      "cobblemon:wooloo": 2,
      "cobblemon:pidove": 3,
      "cobblemon:lechonk": 1,
      "cobblemon:starly": 1,
      "cobblemon:linoone": 1,
      "cobblemon:cleffa": 1
    },
    "aspectsCollected": {}
  }
}