{
  "uuid": "e3d8398d-b552-34df-99e7-17d6d0d16963",
  "starterPrompted": true,
  "starterLocked": false,
  "starterSelected": true,
  "starterUUID": "17f09912-defd-4ed1-96cc-8cf8c0353897",
  "keyItems": [],
  "battleTheme": "cobblemon:battle.pvp.default",
  "extraData": {},
  "advancementData": {
    "totalCaptureCount": 3,
    "totalEggsHatched": 0,
    "totalEvolvedCount": 0,
    "totalBattleVictoryCount": 3,
    "totalPvPBattleVictoryCount": 0,
    "totalPvWBattleVictoryCount": 3,
    "totalPvNBattleVictoryCount": 0,
    "totalShinyCaptureCount": 0,
    "totalTradedCount": 0,
    "totalTypeCaptureCounts": {
      "normal": 2,
      "flying": 1,
      "bug": 1
    },
    "totalDefeatedCounts": {},
    "aspectsCollected": {}
  }
}