{
  "uuid": "e3d8398d-b552-34df-99e7-17d6d0d16963",
  "starterPrompted": true,
  "starterLocked": false,
  "starterSelected": true,
  "starterUUID": "17f09912-defd-4ed1-96cc-8cf8c0353897",
  "keyItems": [],
  "battleTheme": "cobblemon:battle.pvp.default",
  "extraData": {
    "cobbledex_discovery": {
      "registers": {
        "pidgey": {
          "normal": {
            "isShiny": false,
            "status": "CAUGHT",
            "discoveredTimestamp": 1723399802977,
            "caughtTimestamp": 1723399802977
          }
        },
        "gastly": {
          "normal": {
            "isShiny": false,
            "status": "CAUGHT",
            "discoveredTimestamp": 1723399802979,
            "caughtTimestamp": 1723399802979
          }
        },
        "treecko": {
          "normal": {
            "isShiny": false,
            "status": "CAUGHT",
            "discoveredTimestamp": 1723399802979,
            "caughtTimestamp": 1723399802979
          }
        },
        "hoothoot": {
          "normal": {
            "isShiny": false,
            "status": "CAUGHT",
            "discoveredTimestamp": 1723399802979,
            "caughtTimestamp": 1723399802979
          }
        },
        "buneary": {
          "normal": {
            "isShiny": false,
            "status": "CAUGHT",
            "discoveredTimestamp": 1723399802979,
            "caughtTimestamp": 1723399802979
          }
        },
        "caterpie": {
          "normal": {
            "isShiny": false,
            "status": "CAUGHT",
            "discoveredTimestamp": 1723399802979,
            "caughtTimestamp": 1723399802979
          }
        },
        "magikarp": {
          "normal": {
            "isShiny": false,
            "status": "CAUGHT",
            "discoveredTimestamp": 1723399802979,
            "caughtTimestamp": 1723399802979
          }
        },
        "psyduck": {
          "normal": {
            "isShiny": false,
            "status": "CAUGHT",
            "discoveredTimestamp": 1723399802979,
            "caughtTimestamp": 1723399802979
          }
        },
        "eevee": {
          "normal": {
            "isShiny": false,
            "status": "CAUGHT",
            "discoveredTimestamp": 1723406650441,
            "caughtTimestamp": 1723406650441
          }
        },
        "fletchling": {
          "normal": {
            "isShiny": true,
            "status": "CAUGHT",
            "discoveredTimestamp": 1723407216835,
            "caughtTimestamp": 1723407216835
          }
        },
        "klink": {
          "normal": {
            "isShiny": false,
            "status": "CAUGHT",
            "discoveredTimestamp": 1723409452186,
            "caughtTimestamp": 1723409452186
          }
        },
        "fletchinder": {
          "normal": {
            "isShiny": true,
            "status": "CAUGHT",
            "discoveredTimestamp": 1723410178644,
            "caughtTimestamp": 1723410178644
          }
        },
        "metapod": {
          "normal": {
            "isShiny": false,
            "status": "CAUGHT",
            "discoveredTimestamp": 1723410197051,
            "caughtTimestamp": 1723410197051
          }
        },
        "butterfree": {
          "normal": {
            "isShiny": false,
            "status": "CAUGHT",
            "discoveredTimestamp": 1723410207447,
            "caughtTimestamp": 1723410207447
          }
        },
        "phantump": {
          "normal": {
            "isShiny": false,
            "status": "SEEN",
            "discoveredTimestamp": 1723410951252
          }
        },
        "lechonk": {
          "normal": {
            "isShiny": false,
            "status": "SEEN",
            "discoveredTimestamp": 1723410967053
          }
        },
        "growlithe": {
          "normal": {
            "isShiny": false,
            "status": "CAUGHT",
            "discoveredTimestamp": 1723411377448,
            "caughtTimestamp": 1723411377448
          }
        },
        "drowzee": {
          "normal": {
            "isShiny": false,
            "status": "CAUGHT",
            "discoveredTimestamp": 1723412149350,
            "caughtTimestamp": 1723412265794
          }
        },
        "hypno": {
          "normal": {
            "isShiny": false,
            "status": "CAUGHT",
            "discoveredTimestamp": 1723412790106,
            "caughtTimestamp": 1723412790106
          }
        }
      },
      "name": "cobbledex_discovery"
    },
    "Cobbledex_RewardHistory": {
      "received": [
        "15"
      ],
      "name": "Cobbledex_RewardHistory"
    }
  },
  "advancementData": {
    "totalCaptureCount": 13,
    "totalEggsHatched": 0,
    "totalEvolvedCount": 4,
    "totalBattleVictoryCount": 24,
    "totalPvPBattleVictoryCount": 0,
    "totalPvWBattleVictoryCount": 24,
    "totalPvNBattleVictoryCount": 0,
    "totalShinyCaptureCount": 1,
    "totalTradedCount": 0,
    "totalTypeCaptureCounts": {
      "normal": 5,
      "flying": 3,
      "bug": 1,
      "water": 3,
      "ghost": 1,
      "poison": 1,
      "steel": 1,
      "fire": 1,
      "psychic": 1
    },
    "totalDefeatedCounts": {
      "cobblemon:ditto": 1,
      "cobblemon:fletchling": 1,
      "cobblemon:gimmighoul": 1,
      "cobblemon:metapod": 1,
      "cobblemon:pichu": 1,
      "cobblemon:geodude": 1,
      "cobblemon:bunnelby": 2,
      "cobblemon:crabrawler": 1,
      "cobblemon:corvisquire": 1,
      "cobblemon:wimpod": 1,
      "cobblemon:krabby": 1
    },
    "aspectsCollected": {}
  }
}