{
  "uuid": "e3d8398d-b552-34df-99e7-17d6d0d16963",
  "starterPrompted": true,
  "starterLocked": false,
  "starterSelected": true,
  "starterUUID": "17f09912-defd-4ed1-96cc-8cf8c0353897",
  "keyItems": [],
  "battleTheme": "cobblemon:battle.pvp.default",
  "extraData": {
    "cobbledex_discovery": {
      "registers": {
        "pidgey": {
          "normal": {
            "isShiny": false,
            "status": "CAUGHT",
            "discoveredTimestamp": 1723399802977,
            "caughtTimestamp": 1723399802977
          }
        },
        "gastly": {
          "normal": {
            "isShiny": false,
            "status": "CAUGHT",
            "discoveredTimestamp": 1723399802979,
            "caughtTimestamp": 1723399802979
          }
        },
        "treecko": {
          "normal": {
            "isShiny": false,
            "status": "CAUGHT",
            "discoveredTimestamp": 1723399802979,
            "caughtTimestamp": 1723399802979
          }
        },
        "hoothoot": {
          "normal": {
            "isShiny": false,
            "status": "CAUGHT",
            "discoveredTimestamp": 1723399802979,
            "caughtTimestamp": 1723399802979
          }
        },
        "buneary": {
          "normal": {
            "isShiny": false,
            "status": "CAUGHT",
            "discoveredTimestamp": 1723399802979,
            "caughtTimestamp": 1723399802979
          }
        },
        "caterpie": {
          "normal": {
            "isShiny": false,
            "status": "CAUGHT",
            "discoveredTimestamp": 1723399802979,
            "caughtTimestamp": 1723399802979
          }
        },
        "magikarp": {
          "normal": {
            "isShiny": false,
            "status": "CAUGHT",
            "discoveredTimestamp": 1723399802979,
            "caughtTimestamp": 1723399802979
          }
        },
        "psyduck": {
          "normal": {
            "isShiny": false,
            "status": "CAUGHT",
            "discoveredTimestamp": 1723399802979,
            "caughtTimestamp": 1723399802979
          }
        },
        "eevee": {
          "normal": {
            "isShiny": false,
            "status": "CAUGHT",
            "discoveredTimestamp": 1723406650441,
            "caughtTimestamp": 1723406650441
          }
        }
      },
      "name": "cobbledex_discovery"
    },
    "Cobbledex_RewardHistory": {
      "received": [],
      "name": "Cobbledex_RewardHistory"
    }
  },
  "advancementData": {
    "totalCaptureCount": 8,
    "totalEggsHatched": 0,
    "totalEvolvedCount": 0,
    "totalBattleVictoryCount": 9,
    "totalPvPBattleVictoryCount": 0,
    "totalPvWBattleVictoryCount": 9,
    "totalPvNBattleVictoryCount": 0,
    "totalShinyCaptureCount": 0,
    "totalTradedCount": 0,
    "totalTypeCaptureCounts": {
      "normal": 4,
      "flying": 2,
      "bug": 1,
      "water": 2,
      "ghost": 1,
      "poison": 1
    },
    "totalDefeatedCounts": {
      "cobblemon:ditto": 1
    },
    "aspectsCollected": {}
  }
}