{
  "uuid": "e3f2161c-fa2e-3aa8-a7f7-f6e68a5b0824",
  "starterPrompted": true,
  "starterLocked": false,
  "starterSelected": true,
  "starterUUID": "79ceb0b6-92b6-4e5f-b8ba-05293d263633",
  "keyItems": [],
  "battleTheme": "cobblemon:battle.pvp.default",
  "extraData": {
    "cobbledex_discovery": {
      "registers": {
        "magikarp": {
          "normal": {
            "isShiny": false,
            "status": "CAUGHT",
            "discoveredTimestamp": 1723404472037,
            "caughtTimestamp": 1723404472037
          }
        },
        "buneary": {
          "normal": {
            "isShiny": false,
            "status": "CAUGHT",
            "discoveredTimestamp": 1723404472037,
            "caughtTimestamp": 1723404472037
          }
        },
        "diggersby": {
          "normal": {
            "isShiny": false,
            "status": "CAUGHT",
            "discoveredTimestamp": 1723404472037,
            "caughtTimestamp": 1723404472037
          }
        },
        "pelipper": {
          "normal": {
            "isShiny": false,
            "status": "CAUGHT",
            "discoveredTimestamp": 1723404472037,
            "caughtTimestamp": 1723404472037
          }
        },
        "beedrill": {
          "normal": {
            "isShiny": false,
            "status": "CAUGHT",
            "discoveredTimestamp": 1723404472037,
            "caughtTimestamp": 1723404472037
          }
        },
        "floette": {
          "normal": {
            "isShiny": false,
            "status": "CAUGHT",
            "discoveredTimestamp": 1723404472037,
            "caughtTimestamp": 1723404472037
          }
        },
        "golbat": {
          "normal": {
            "isShiny": false,
            "status": "CAUGHT",
            "discoveredTimestamp": 1723404472037,
            "caughtTimestamp": 1723404472037
          }
        },
        "machoke": {
          "normal": {
            "isShiny": false,
            "status": "CAUGHT",
            "discoveredTimestamp": 1723404472037,
            "caughtTimestamp": 1723404472037
          }
        },
        "swellow": {
          "normal": {
            "isShiny": false,
            "status": "CAUGHT",
            "discoveredTimestamp": 1723404472037,
            "caughtTimestamp": 1723404472037
          }
        },
        "psyduck": {
          "normal": {
            "isShiny": false,
            "status": "CAUGHT",
            "discoveredTimestamp": 1723404472037,
            "caughtTimestamp": 1723404472037
          }
        },
        "frogadier": {
          "normal": {
            "isShiny": false,
            "status": "CAUGHT",
            "discoveredTimestamp": 1723404472037,
            "caughtTimestamp": 1723404472037
          }
        },
        "flaaffy": {
          "normal": {
            "isShiny": false,
            "status": "CAUGHT",
            "discoveredTimestamp": 1723404472037,
            "caughtTimestamp": 1723404472037
          }
        },
        "frillish": {
          "normal": {
            "isShiny": false,
            "status": "CAUGHT",
            "discoveredTimestamp": 1723404472037,
            "caughtTimestamp": 1723404472037
          }
        },
        "quilava": {
          "normal": {
            "isShiny": false,
            "status": "CAUGHT",
            "discoveredTimestamp": 1723404472037,
            "caughtTimestamp": 1723404472037
          }
        },
        "sharpedo": {
          "normal": {
            "isShiny": false,
            "status": "CAUGHT",
            "discoveredTimestamp": 1723406027355,
            "caughtTimestamp": 1723406027355
          }
        },
        "jellicent": {
          "normal": {
            "isShiny": false,
            "status": "CAUGHT",
            "discoveredTimestamp": 1723406080700,
            "caughtTimestamp": 1723406080700
          }
        },
        "bonsly": {
          "normal": {
            "isShiny": false,
            "status": "CAUGHT",
            "discoveredTimestamp": 1723406283698,
            "caughtTimestamp": 1723406283698
          }
        },
        "pidgey": {
          "normal": {
            "isShiny": false,
            "status": "CAUGHT",
            "discoveredTimestamp": 1723407185237,
            "caughtTimestamp": 1723407185237
          }
        },
        "rattata": {
          "alola": {
            "isShiny": false,
            "status": "CAUGHT",
            "discoveredTimestamp": 1723407418286,
            "caughtTimestamp": 1723407418286
          }
        },
        "raticate": {
          "alola": {
            "isShiny": false,
            "status": "CAUGHT",
            "discoveredTimestamp": 1723407448967,
            "caughtTimestamp": 1723407448967
          }
        },
        "pidgeotto": {
          "normal": {
            "isShiny": false,
            "status": "CAUGHT",
            "discoveredTimestamp": 1723407672911,
            "caughtTimestamp": 1723407672911
          }
        },
        "snorunt": {
          "normal": {
            "isShiny": false,
            "status": "CAUGHT",
            "discoveredTimestamp": 1723407849988,
            "caughtTimestamp": 1723407849988
          }
        },
        "pawniard": {
          "normal": {
            "isShiny": false,
            "status": "SEEN",
            "discoveredTimestamp": 1723407879190
          }
        },
        "kakuna": {
          "normal": {
            "isShiny": false,
            "status": "SEEN",
            "discoveredTimestamp": 1723408158112
          }
        },
        "ponyta": {
          "galar": {
            "isShiny": false,
            "status": "CAUGHT",
            "discoveredTimestamp": 1723408257492,
            "caughtTimestamp": 1723408257492
          }
        },
        "impidimp": {
          "normal": {
            "isShiny": false,
            "status": "CAUGHT",
            "discoveredTimestamp": 1723408310694,
            "caughtTimestamp": 1723408310694
          }
        },
        "noctowl": {
          "normal": {
            "isShiny": false,
            "status": "CAUGHT",
            "discoveredTimestamp": 1723411131443,
            "caughtTimestamp": 1723411131443
          }
        },
        "aegislash": {
          "normal": {
            "isShiny": false,
            "status": "CAUGHT",
            "discoveredTimestamp": 1723411273191,
            "caughtTimestamp": 1723411273191
          }
        },
        "tinkatink": {
          "normal": {
            "isShiny": false,
            "status": "CAUGHT",
            "discoveredTimestamp": 1723411333992,
            "caughtTimestamp": 1723411333992
          }
        },
        "gimmighoul": {
          "normal": {
            "isShiny": false,
            "status": "CAUGHT",
            "discoveredTimestamp": 1723411394845,
            "caughtTimestamp": 1723411394845
          }
        },
        "golduck": {
          "normal": {
            "isShiny": false,
            "status": "CAUGHT",
            "discoveredTimestamp": 1723411683097,
            "caughtTimestamp": 1723411683097
          }
        },
        "dreepy": {
          "normal": {
            "isShiny": false,
            "status": "CAUGHT",
            "discoveredTimestamp": 1723412345446,
            "caughtTimestamp": 1723412345446
          }
        }
      },
      "name": "cobbledex_discovery"
    },
    "Cobbledex_RewardHistory": {
      "received": [
        "15",
        "30"
      ],
      "name": "Cobbledex_RewardHistory"
    }
  },
  "advancementData": {
    "totalCaptureCount": 28,
    "totalEggsHatched": 0,
    "totalEvolvedCount": 8,
    "totalBattleVictoryCount": 68,
    "totalPvPBattleVictoryCount": 5,
    "totalPvWBattleVictoryCount": 63,
    "totalPvNBattleVictoryCount": 0,
    "totalShinyCaptureCount": 0,
    "totalTradedCount": 0,
    "totalTypeCaptureCounts": {
      "water": 7,
      "flying": 5,
      "normal": 7,
      "poison": 2,
      "fairy": 3,
      "ground": 2,
      "bug": 1,
      "ghost": 5,
      "fighting": 1,
      "fire": 1,
      "electric": 1,
      "dark": 3,
      "rock": 1,
      "ice": 1,
      "psychic": 1,
      "steel": 2,
      "dragon": 1
    },
    "totalDefeatedCounts": {
      "cobblemon:vulpix": 1,
      "cobblemon:talonflame": 1,
      "cobblemon:taillow": 2,
      "cobblemon:hoothoot": 2,
      "cobblemon:geodude": 1,
      "cobblemon:seedot": 1,
      "cobblemon:zigzagoon": 3,
      "cobblemon:lechonk": 2,
      "cobblemon:linoone": 1,
      "cobblemon:crabrawler": 1,
      "cobblemon:onix": 1,
      "cobblemon:butterfree": 1,
      "cobblemon:noctowl": 1,
      "cobblemon:spinarak": 2,
      "cobblemon:caterpie": 1,
      "cobblemon:krabby": 5,
      "cobblemon:kakuna": 2,
      "cobblemon:sentret": 1,
      "cobblemon:bunnelby": 1,
      "cobblemon:bisharp": 1,
      "cobblemon:fletchling": 2,
      "cobblemon:phantump": 2,
      "cobblemon:kingler": 1,
      "cobblemon:tandemaus": 1,
      "cobblemon:wimpod": 1,
      "cobblemon:pidgey": 3,
      "cobblemon:shroomish": 1,
      "cobblemon:voltorb": 1,
      "cobblemon:gimmighoul": 1
    },
    "aspectsCollected": {}
  }
}