{
  "uuid": "e3f2161c-fa2e-3aa8-a7f7-f6e68a5b0824",
  "starterPrompted": true,
  "starterLocked": false,
  "starterSelected": true,
  "starterUUID": "79ceb0b6-92b6-4e5f-b8ba-05293d263633",
  "keyItems": [],
  "battleTheme": "cobblemon:battle.pvp.default",
  "extraData": {},
  "advancementData": {
    "totalCaptureCount": 11,
    "totalEggsHatched": 0,
    "totalEvolvedCount": 4,
    "totalBattleVictoryCount": 17,
    "totalPvPBattleVictoryCount": 1,
    "totalPvWBattleVictoryCount": 16,
    "totalPvNBattleVictoryCount": 0,
    "totalShinyCaptureCount": 0,
    "totalTradedCount": 0,
    "totalTypeCaptureCounts": {
      "water": 3,
      "flying": 3,
      "normal": 4,
      "poison": 2,
      "fairy": 1,
      "ground": 2,
      "bug": 1,
      "ghost": 1,
      "fighting": 1
    },
    "totalDefeatedCounts": {
      "cobblemon:vulpix": 1,
      "cobblemon:talonflame": 1,
      "cobblemon:taillow": 1,
      "cobblemon:hoothoot": 1,
      "cobblemon:geodude": 1,
      "cobblemon:seedot": 1,
      "cobblemon:zigzagoon": 1,
      "cobblemon:lechonk": 1,
      "cobblemon:linoone": 1,
      "cobblemon:crabrawler": 1,
      "cobblemon:onix": 1
    },
    "aspectsCollected": {}
  }
}