{
  "uuid": "e3f2161c-fa2e-3aa8-a7f7-f6e68a5b0824",
  "starterPrompted": true,
  "starterLocked": false,
  "starterSelected": true,
  "starterUUID": "79ceb0b6-92b6-4e5f-b8ba-05293d263633",
  "keyItems": [],
  "battleTheme": "cobblemon:battle.pvp.default",
  "extraData": {
    "cobbledex_discovery": {
      "registers": {
        "magikarp": {
          "normal": {
            "isShiny": false,
            "status": "CAUGHT",
            "discoveredTimestamp": 1723404472037,
            "caughtTimestamp": 1723404472037
          }
        },
        "buneary": {
          "normal": {
            "isShiny": false,
            "status": "CAUGHT",
            "discoveredTimestamp": 1723404472037,
            "caughtTimestamp": 1723404472037
          }
        },
        "diggersby": {
          "normal": {
            "isShiny": false,
            "status": "CAUGHT",
            "discoveredTimestamp": 1723404472037,
            "caughtTimestamp": 1723404472037
          }
        },
        "pelipper": {
          "normal": {
            "isShiny": false,
            "status": "CAUGHT",
            "discoveredTimestamp": 1723404472037,
            "caughtTimestamp": 1723404472037
          }
        },
        "beedrill": {
          "normal": {
            "isShiny": false,
            "status": "CAUGHT",
            "discoveredTimestamp": 1723404472037,
            "caughtTimestamp": 1723404472037
          }
        },
        "floette": {
          "normal": {
            "isShiny": false,
            "status": "CAUGHT",
            "discoveredTimestamp": 1723404472037,
            "caughtTimestamp": 1723404472037
          }
        },
        "golbat": {
          "normal": {
            "isShiny": false,
            "status": "CAUGHT",
            "discoveredTimestamp": 1723404472037,
            "caughtTimestamp": 1723404472037
          }
        },
        "machoke": {
          "normal": {
            "isShiny": false,
            "status": "CAUGHT",
            "discoveredTimestamp": 1723404472037,
            "caughtTimestamp": 1723404472037
          }
        },
        "swellow": {
          "normal": {
            "isShiny": false,
            "status": "CAUGHT",
            "discoveredTimestamp": 1723404472037,
            "caughtTimestamp": 1723404472037
          }
        },
        "psyduck": {
          "normal": {
            "isShiny": false,
            "status": "CAUGHT",
            "discoveredTimestamp": 1723404472037,
            "caughtTimestamp": 1723404472037
          }
        },
        "frogadier": {
          "normal": {
            "isShiny": false,
            "status": "CAUGHT",
            "discoveredTimestamp": 1723404472037,
            "caughtTimestamp": 1723404472037
          }
        },
        "flaaffy": {
          "normal": {
            "isShiny": false,
            "status": "CAUGHT",
            "discoveredTimestamp": 1723404472037,
            "caughtTimestamp": 1723404472037
          }
        },
        "frillish": {
          "normal": {
            "isShiny": false,
            "status": "CAUGHT",
            "discoveredTimestamp": 1723404472037,
            "caughtTimestamp": 1723404472037
          }
        },
        "quilava": {
          "normal": {
            "isShiny": false,
            "status": "CAUGHT",
            "discoveredTimestamp": 1723404472037,
            "caughtTimestamp": 1723404472037
          }
        }
      },
      "name": "cobbledex_discovery"
    },
    "Cobbledex_RewardHistory": {
      "received": [],
      "name": "Cobbledex_RewardHistory"
    }
  },
  "advancementData": {
    "totalCaptureCount": 14,
    "totalEggsHatched": 0,
    "totalEvolvedCount": 6,
    "totalBattleVictoryCount": 25,
    "totalPvPBattleVictoryCount": 2,
    "totalPvWBattleVictoryCount": 23,
    "totalPvNBattleVictoryCount": 0,
    "totalShinyCaptureCount": 0,
    "totalTradedCount": 0,
    "totalTypeCaptureCounts": {
      "water": 4,
      "flying": 3,
      "normal": 4,
      "poison": 2,
      "fairy": 1,
      "ground": 2,
      "bug": 1,
      "ghost": 1,
      "fighting": 1,
      "fire": 1,
      "electric": 1
    },
    "totalDefeatedCounts": {
      "cobblemon:vulpix": 1,
      "cobblemon:talonflame": 1,
      "cobblemon:taillow": 1,
      "cobblemon:hoothoot": 1,
      "cobblemon:geodude": 1,
      "cobblemon:seedot": 1,
      "cobblemon:zigzagoon": 1,
      "cobblemon:lechonk": 1,
      "cobblemon:linoone": 1,
      "cobblemon:crabrawler": 1,
      "cobblemon:onix": 1,
      "cobblemon:butterfree": 1,
      "cobblemon:noctowl": 1,
      "cobblemon:spinarak": 2,
      "cobblemon:caterpie": 1
    },
    "aspectsCollected": {}
  }
}