{
  "uuid": "e3f2161c-fa2e-3aa8-a7f7-f6e68a5b0824",
  "starterPrompted": true,
  "starterLocked": false,
  "starterSelected": true,
  "starterUUID": "79ceb0b6-92b6-4e5f-b8ba-05293d263633",
  "keyItems": [],
  "battleTheme": "cobblemon:battle.pvp.default",
  "extraData": {},
  "advancementData": {
    "totalCaptureCount": 4,
    "totalEggsHatched": 0,
    "totalEvolvedCount": 0,
    "totalBattleVictoryCount": 3,
    "totalPvPBattleVictoryCount": 0,
    "totalPvWBattleVictoryCount": 3,
    "totalPvNBattleVictoryCount": 0,
    "totalShinyCaptureCount": 0,
    "totalTradedCount": 0,
    "totalTypeCaptureCounts": {
      "water": 2,
      "flying": 2,
      "normal": 1,
      "poison": 1
    },
    "totalDefeatedCounts": {
      "cobblemon:vulpix": 1
    },
    "aspectsCollected": {}
  }
}