{
  "uuid": "9ad2a601-4ce8-37fc-87dc-5f3585719a44",
  "starterPrompted": true,
  "starterLocked": false,
  "starterSelected": true,
  "starterUUID": "b2f51e9f-6046-4d69-a316-835e684714aa",
  "keyItems": [],
  "battleTheme": "cobblemon:battle.pvp.default",
  "extraData": {
    "cobbledex_discovery": {
      "registers": {
        "treecko": {
          "normal": {
            "isShiny": false,
            "status": "CAUGHT",
            "discoveredTimestamp": 1723405287296,
            "caughtTimestamp": 1723405287296
          }
        },
        "geodude": {
          "normal": {
            "isShiny": false,
            "status": "CAUGHT",
            "discoveredTimestamp": 1723406623192,
            "caughtTimestamp": 1723406623192
          }
        },
        "gastly": {
          "normal": {
            "isShiny": false,
            "status": "CAUGHT",
            "discoveredTimestamp": 1723410843855,
            "caughtTimestamp": 1723410843855
          }
        },
        "snorunt": {
          "normal": {
            "isShiny": false,
            "status": "CAUGHT",
            "discoveredTimestamp": 1723411082312,
            "caughtTimestamp": 1723411082312
          }
        }
      },
      "name": "cobbledex_discovery"
    },
    "Cobbledex_RewardHistory": {
      "received": [],
      "name": "Cobbledex_RewardHistory"
    }
  },
  "advancementData": {
    "totalCaptureCount": 3,
    "totalEggsHatched": 0,
    "totalEvolvedCount": 0,
    "totalBattleVictoryCount": 5,
    "totalPvPBattleVictoryCount": 0,
    "totalPvWBattleVictoryCount": 5,
    "totalPvNBattleVictoryCount": 0,
    "totalShinyCaptureCount": 0,
    "totalTradedCount": 0,
    "totalTypeCaptureCounts": {
      "rock": 1,
      "ground": 1,
      "ghost": 1,
      "poison": 1,
      "ice": 1
    },
    "totalDefeatedCounts": {
      "cobblemon:kakuna": 1,
      "cobblemon:diglett": 1
    },
    "aspectsCollected": {}
  }
}