{
  "uuid": "40475d25-7f63-38da-ab71-8040c9a5fe0a",
  "starterPrompted": true,
  "starterLocked": false,
  "starterSelected": true,
  "starterUUID": "f6025b75-fbe8-45d8-94c2-a0fe6cdfa209",
  "keyItems": [],
  "battleTheme": "cobblemon:battle.pvp.default",
  "extraData": {},
  "advancementData": {
    "totalCaptureCount": 4,
    "totalEggsHatched": 0,
    "totalEvolvedCount": 0,
    "totalBattleVictoryCount": 4,
    "totalPvPBattleVictoryCount": 0,
    "totalPvWBattleVictoryCount": 4,
    "totalPvNBattleVictoryCount": 0,
    "totalShinyCaptureCount": 0,
    "totalTradedCount": 0,
    "totalTypeCaptureCounts": {
      "grass": 1,
      "fairy": 1,
      "normal": 2,
      "flying": 1,
      "fire": 1
    },
    "totalDefeatedCounts": {
      "cobblemon:gastly": 2
    },
    "aspectsCollected": {}
  }
}